id,pais,documento,pagina,curso,nivel,texto,cita,conceptos,motivo,decision,revisado_por
AU-BIO-au_ss_bio-p001-03,AU,au_ss_bio,1,Senior Secondary Biology,especializacion,"Comprender que las definiciones de especie se basan en similitud morfológica, genética o capacidad de reproducción, aunque existen excepciones.",Most common definitions of species rely on morphological or genetic similarity or the ability to interbreed to produce fertile offspring,CON:biologia/concepto-de-especie,extracción parcial: Omite que la reproducción debe ser 'en condiciones naturales' para producir descendencia fértil.,,
AU-BIO-au_ss_bio-p001-06,AU,au_ss_bio,1,Senior Secondary Biology,especializacion,"Describir los ecosistemas en términos de sus especies componentes, interacciones entre especies y factores abióticos del entorno.","Ecosystems are diverse, composed of varied habitats and can be described in terms of their component species, species interactions",CON:biologia/factores-bioticos-y-abioticos CON:biologia/niveles-de-organizacion-ecologica,extracción parcial: Omite que los ecosistemas son 'diversos' y están 'compuestos de hábitats variados'.,,
AU-BIO-au_ss_bio-p001-09,AU,au_ss_bio,1,Senior Secondary Biology,especializacion,"Diseñar investigaciones, incluyendo procedimientos, materiales, datos a recopilar, evaluación de riesgos y ética de investigación (incluyendo ética animal).","Design investigations, including the procedure/s to be followed, the materials required, and the type and amount of primary",,"extracción parcial: Simplifica varios componentes, como el tipo de datos y la realización de evaluaciones de riesgo.",,
AU-BIO-au_ss_bio-p001-11,AU,au_ss_bio,1,Senior Secondary Biology,especializacion,"Interpretar textos científicos y mediáticos, evaluar procesos y afirmaciones considerando la calidad de la evidencia, y construir argumentos científicos.","Interpret a range of scientific and media texts, and evaluate processes, claims and conclusions by considering the quality",,extracción parcial: Omite la evaluación de 'conclusiones' y el uso del 'razonamiento' para construir argumentos.,,
AU-BIO-au_ss_bio-p001-12,AU,au_ss_bio,1,Senior Secondary Biology,especializacion,"Realizar investigaciones de forma segura y metódica, usando técnicas de estudio de ecosistemas, para recopilar datos válidos y confiables.","Conduct investigations, including using ecosystem surveying techniques, safely, competently and methodically for the collection of valid and reliable data",CON:biologia/modelos-de-ecosistemas-y-muestreo,"extracción parcial: Omite la palabra 'competentemente', que es un adverbio clave en la descripción del procedimiento.",,
AU-BIO-au_ss_bio-p001-13,AU,au_ss_bio,1,Senior Secondary Biology,especializacion,"Representar, organizar y analizar datos para identificar tendencias; describir fuentes de error e incertidumbre; y usar evidencia para justificar conclusiones.","Represent data in meaningful and useful ways; organise and analyse data to identify trends, patterns and relationships",,"extracción parcial: Omite detalles como 'patrones', 'limitaciones en los datos' y la acción de 'sintetizar'.",,
AU-BIO-au_ss_bio-p001-23,AU,au_ss_bio,1,Senior Secondary Biology,especializacion,"Comprender el desarrollo de teorías y modelos basados en evidencia multidisciplinaria, y los usos y limitaciones del conocimiento biológico.",understand how theories and models have developed based on evidence from multiple disciplines; and the uses and limitations,,"extracción parcial: Omite la frase 'en una variedad de contextos', que especifica el alcance del objetivo.",,
AU-BIO-au_ss_bio-p001-26,AU,au_ss_bio,1,Senior Secondary Biology,especializacion,"Evaluar con evidencia empírica afirmaciones sobre relaciones intra e interespecíficas, diversidad de ecosistemas y flujos de energía y materia.","evaluate, with reference to empirical evidence, claims about relationships between and within species, diversity of and within ecosystems",CON:biologia/flujo-de-energia-y-piramides CON:biologia/relaciones-intraespecificas CON:biologia/biodiversidad CON:biologia/competencia-por-recursos CON:biologia/depredacion,"extracción parcial: Omite la mención a la diversidad 'dentro de' los ecosistemas, simplificando el concepto.",,
AU-BIO-au_ss_bio-p001-27,AU,au_ss_bio,1,Senior Secondary Biology,especializacion,"Usar habilidades de indagación para diseñar, realizar, evaluar y comunicar investigaciones sobre biodiversidad y flujos de materia y energía.","use science inquiry skills to design, conduct, evaluate and communicate investigations into biodiversity and flows of matter",CON:biologia/biodiversidad CON:biologia/flujo-de-energia-y-piramides CON:biologia/ciclo-del-carbono-y-oxigeno,"extracción parcial: Omite la frase 'en una variedad de ecosistemas', que es parte del objetivo.",,
AU-BIO-au_ss_bio-p003-01,AU,au_ss_bio,3,Senior Secondary Biology,especializacion,Comprender cómo la evidencia experimental condujo al desarrollo y refinamiento del modelo de mosaico fluido de la membrana celular.,The results of this experiment were used by Singer and Nicolson as evidence for their 1972 proposal of the,CON:biologia/membrana-celular CON:biologia/estructuras-celulares-basicas,extracción parcial: agregado por el validador (completitud),,
AU-BIO-au_ss_bio-p003-02,AU,au_ss_bio,3,Senior Secondary Biology,especializacion,"Comprender que el tratamiento ético de animales en investigación se basa en las estrategias de reemplazo, reducción y refinamiento.","Ethical treatment of animals as sentient, feeling beings has been accepted as a global principle in research and the three",,extracción parcial: agregado por el validador (completitud),,
AU-BIO-au_ss_bio-p003-03,AU,au_ss_bio,3,Senior Secondary Biology,especializacion,"Comprender que la necesidad actual, como la escasez de órganos para trasplantes, puede impulsar la dirección de la investigación científica.","There is a demand for bioartificial tissues and organs as an alternative to donor organs or tissues, which are in",,extracción parcial: agregado por el validador (completitud),,
AU-BIO-au_ss_bio-p003-04,AU,au_ss_bio,3,Senior Secondary Biology,especializacion,"Considerar cómo factores sociales, económicos y éticos influyen en la investigación y aplicación de la biología, como en trasplantes.","These situations may involve violation of human rights and exploitation of the poor, and pose many ethical concerns",,extracción parcial: agregado por el validador (completitud),,
AU-BIO-au_ss_bio-p003-05,AU,au_ss_bio,3,Senior Secondary Biology,especializacion,Entender cómo el conocimiento biológico sobre estructura y función de órganos se aplica para desarrollar soluciones como los órganos bioartificiales.,"To design bioartificial organs, scientists use knowledge of the structure and function of organs to design a scaffold",CON:biologia/niveles-de-organizacion CON:biologia/diferenciacion-y-especializacion-celular CON:biologia/tejidos-animales,extracción parcial: agregado por el validador (completitud),,
AU-BIO-au_ss_bio-p003-06,AU,au_ss_bio,3,Senior Secondary Biology,especializacion,Evaluar cómo la ciencia puede usarse para informar decisiones y acciones personales y comunitarias sobre temas de sostenibilidad.,These advances have the potential to decrease reliance of fossil fuels and improve agricultural sustainability,CON:biologia/sostenibilidad-de-la-biosfera CON:biologia/impacto-humano-en-los-ecosistemas,extracción parcial: agregado por el validador (completitud),,
AU-BIO-au_ss_bio-p003-07,AU,au_ss_bio,3,Senior Secondary Biology,especializacion,"Reconocer cómo el desarrollo de nuevas tecnologías, como el microscopio electrónico, impulsa los avances y el entendimiento científico.",use of electron microscopy confirmed these results through direct investigation of the membrane,,extracción parcial: agregado por el validador (completitud),,
AU-BIO-au_ss_bio-p003-08,AU,au_ss_bio,3,Senior Secondary Biology,especializacion,"Comparar células procariotas y eucariotas, reconociendo sus características comunes evolutivas y las diferencias clave, como la ausencia de organelos membranosos y núcleo en procariotas.",Prokaryotic and eukaryotic cells have many features in common... but prokaryotes lack internal membrane bound organelles,CON:biologia/celula-procariota-y-eucariota CON:biologia/estructuras-celulares-basicas,"extracción parcial: Omite varias diferencias clave mencionadas en el texto, como tamaño y tipo de cromosoma.",,
AU-BIO-au_ss_bio-p003-12,AU,au_ss_bio,3,Senior Secondary Biology,especializacion,"Describir la respiración celular como un proceso en el citosol y mitocondrias que metaboliza compuestos orgánicos para liberar ATP, representable con una ecuación química balanceada.",Cellular respiration is a biochemical process that occurs in different locations in the cytosol and mitochondria... represented as a balanced chemical equation,CON:biologia/respiracion-celular CON:biologia/atp-y-energia-celular CON:biologia/estructuras-celulares-basicas,extracción parcial: El objetivo omite la mención de que el proceso puede ser aeróbico o anaeróbico.,,
AU-BIO-au_ss_bio-p003-21,AU,au_ss_bio,3,Senior Secondary Biology,especializacion,Explicar cómo la estructura y función del sistema circulatorio a nivel celular y tisular facilita el transporte de materiales en el entorno interno de los animales.,"In animals, the transport of materials... is facilitated by the structure and function of the circulatory system",CON:biologia/sistema-circulatorio CON:biologia/circulacion-e-intercambio-capilar CON:biologia/tejidos-animales,extracción parcial: Omite el propósito del transporte ('para intercambio con células') y el ejemplo (capilares).,,
AU-BIO-au_ss_bio-p003-22,AU,au_ss_bio,3,Senior Secondary Biology,especializacion,Explicar cómo la estructura y función del sistema respiratorio a nivel celular y tisular facilita el intercambio de gases en animales.,"In animals, the exchange of gases... is facilitated by the structure and function of the respiratory system",CON:biologia/intercambio-de-gases-en-animales CON:biologia/sistema-respiratorio CON:biologia/tejidos-animales,extracción parcial: Omite el detalle del intercambio entre los ambientes interno y externo del organismo.,,
AU-BIO-au_ss_bio-p003-23,AU,au_ss_bio,3,Senior Secondary Biology,especializacion,Explicar cómo las células y tejidos de los sistemas digestivo y excretor facilitan el intercambio de nutrientes y desechos en animales.,"In animals, the exchange of nutrients and wastes... is facilitated by the structure and function of the cells and tissues",CON:biologia/sistema-digestivo CON:biologia/sistema-excretor CON:biologia/digestion-y-absorcion-de-nutrientes CON:biologia/tejidos-animales,"extracción parcial: Omite los ejemplos específicos (villi, nefronas) que el documento proporciona para ilustrar.",,
AU-BIO-au_ss_bio-p003-24,AU,au_ss_bio,3,Senior Secondary Biology,especializacion,"Explicar el transporte de agua y minerales en plantas vía xilema (presión radicular, transpiración, cohesión) y el transporte de productos fotosintéticos vía floema.","In plants, transport of water and mineral nutrients from the roots occurs via xylem... transport of the products of photosynthesis... in the phloem",CON:biologia/transporte-en-plantas CON:biologia/tejidos-vegetales,"extracción parcial: Omite que el floema también transporta algunos nutrientes minerales, no solo productos fotosintéticos.",,
AU-BIO-au_ss_bio-p004-02,AU,au_ss_bio,4,Senior Secondary Biology,especializacion,"Describir el ADN como una molécula helicoidal bicatenaria unida a proteínas en el núcleo, y como ADN circular libre en procariotas, mitocondrias y cloroplastos.",DNA is a helical double-stranded molecule that occurs bound to proteins in chromosomes in the nucleus,CON:biologia/adn-y-cromosomas CON:biologia/celula-procariota-y-eucariota CON:biologia/estructura-del-adn CON:biologia/organelos-de-la-celula-eucariota,extracción parcial: Omite que el ADN está en cromosomas y que el ADN circular está en el citosol.,,
AU-BIO-au_ss_bio-p004-07,AU,au_ss_bio,4,Senior Secondary Biology,especializacion,"Explicar que la expresión fenotípica depende de factores que controlan la transcripción y traducción, de los productos de otros genes y del ambiente.",The phenotypic expression of genes depends on factors controlling transcription and translation during protein synthesis,CON:biologia/genotipo-y-fenotipo CON:biologia/regulacion-de-la-expresion-genica CON:biologia/sintesis-de-proteinas,"extracción parcial: Omite la frase 'durante la síntesis de proteínas', que contextualiza la transcripción y traducción.",,
AU-BIO-au_ss_bio-p004-08,AU,au_ss_bio,4,Senior Secondary Biology,especializacion,"Identificar que las mutaciones resultan de errores en la replicación del ADN o división celular, o por daño de factores físicos o químicos ambientales.",Mutations in genes and chromosomes can result from errors in DNA replication or cell division,CON:biologia/mutaciones CON:biologia/mitosis-y-ciclo-celular CON:biologia/replicacion-del-adn,"extracción parcial: Omite que las mutaciones ocurren 'en genes y cromosomas', un detalle conceptual importante.",,
AU-BIO-au_ss_bio-p004-19,AU,au_ss_bio,4,Senior Secondary Biology,especializacion,"Reconocer que la mutación, el flujo génico y la deriva genética contribuyen a cambios en la frecuencia alélica, resultando en cambios microevolutivos.","mutation, gene flow and genetic drift can contribute to changes in allele frequency in a population",CON:biologia/mecanismos-de-microevolucion CON:biologia/acervo-genico-y-frecuencias-alelicas CON:biologia/mutaciones,extracción parcial: Omite que estos factores actúan 'además de las presiones de selección ambiental'.,,
AU-BIO-au_ss_bio-p004-23,AU,au_ss_bio,4,Senior Secondary Biology,especializacion,"Interpretar textos científicos y mediáticos, evaluar modelos y conclusiones considerando la calidad de la evidencia, y usar el razonamiento para construir argumentos científicos.","Interpret a range of scientific and media texts , and evaluate models, processes, claims and conclusions",,"extracción parcial: Omite la evaluación de procesos y reclamos, y la interpretación de intervalos de confianza.",,
AU-BIO-au_ss_bio-p004-25,AU,au_ss_bio,4,Senior Secondary Biology,especializacion,"Representar, organizar y analizar datos para identificar tendencias; discutir cómo el error, la precisión y el tamaño muestral influyen en la incertidumbre; y usar evidencia para justificar conclusiones.","Represent data in meaningful and useful ways, including the use of mean, median, range and probability",,"extracción parcial: Omite detalles como el uso de media, mediana, rango y probabilidad para representar datos.",,
AU-BIO-au_ss_bio-p004-26,AU,au_ss_bio,4,Senior Secondary Biology,especializacion,"Seleccionar, construir y usar representaciones (modelos de replicación de ADN, cuadros de Punnett y modelos de probabilidad) para comunicar conceptos, resolver problemas y hacer predicciones.","Select , construct and use appropriate representations, including models of DNA replication, transcription and translation",CON:biologia/herencia-mendeliana CON:biologia/replicacion-del-adn,extracción parcial: Omite los modelos de transcripción y traducción de la lista de ejemplos.,,
AU-BIO-au_ss_bio4-p001-06,AU,au_ss_bio4,1,Senior Secondary Biology,especializacion,"Representar, organizar y analizar datos usando estadística básica para identificar patrones; discutir fuentes de error e incertidumbre; y seleccionar evidencia para justificar conclusiones.","Represent data in meaningful and useful ways, including the use of mean, median, range and probability",,"extracción parcial: Omite detalles específicos como el análisis de errores, la síntesis de evidencia y la incertidumbre.",,
AU-BIO-au_ss_bio4-p001-12,AU,au_ss_bio4,1,Senior Secondary Biology,especializacion,"Comprender que las personas pueden utilizar el conocimiento científico para informar el monitoreo, la valoración y la evaluación de riesgos.","People can use scientific knowledge to inform the monitoring, assessment and evaluation of risk",,"etiqueta de confianza baja: Enunciado muy general sobre la aplicación de la ciencia, sin contenido biológico específico.",,
AU-BIO-au_ss_bio4-p002-12,AU,au_ss_bio4,2,Senior Secondary Biology,especializacion,"Los animales endotérmicos poseen mecanismos termorreguladores que incluyen características estructurales, respuestas conductuales y mecanismos fisiológicos y homeostáticos para controlar el intercambio de calor.","Endothermic animals have varying thermoregulatory mechanisms that involve structural features, behavioural responses and physiological",CON:biologia/termorregulacion CON:biologia/adaptaciones-conductuales CON:biologia/adaptaciones-estructurales CON:biologia/homeostasis,extracción parcial: Omite que los mecanismos también controlan la actividad metabólica.,,
AU-BIO-au_ss_bio4-p002-13,AU,au_ss_bio4,2,Senior Secondary Biology,especializacion,"Los animales y las plantas tienen diversos mecanismos para mantener el equilibrio hídrico, involucrando características estructurales y respuestas conductuales, fisiológicas y homeostáticas.","Animals, whether osmoregulators or osmoconformers, and plants, have various mechanisms to maintain water balance",CON:biologia/osmorregulacion CON:biologia/adaptaciones-conductuales CON:biologia/adaptaciones-estructurales CON:biologia/homeostasis,extracción parcial: Omite la especificación de que los animales pueden ser osmorreguladores u osmoconformadores.,,
AU-FIS-au_ss_fis-p001-10,AU,au_ss_fis,1,Senior Secondary Physics,especializacion,"Representar, organizar y analizar datos usando unidades SI para identificar tendencias; estimar errores aleatorios y sistemáticos, calcular discrepancias porcentuales y usar evidencia para justificar conclusiones.","Represent data in meaningful and useful ways, including using appropriate Système Internationale (SI) units and symbols",CON:fisica/sistema-internacional-unidades,"extracción parcial: El objetivo original es más detallado, incluyendo patrones, relaciones y síntesis de evidencia.",,
AU-FIS-au_ss_fis-p001-23,AU,au_ss_fis,1,Senior Secondary Physics,especializacion,Comprender el desarrollo de modelos y teorías científicas y su aplicación para mejorar y desarrollar nuevas tecnologías.,understand how scientific models and theories have developed and are applied to improve existing,,"etiqueta de confianza baja: Es un enunciado sobre la naturaleza de la ciencia, no sobre conceptos físicos específicos.",,
AU-FIS-au_ss_fis-p001-24,AU,au_ss_fis,1,Senior Secondary Physics,especializacion,Comunicar la comprensión de la física utilizando representaciones cualitativas y cuantitativas en modos y géneros apropiados.,communicate physics understanding using qualitative and quantitative representations in appropriate modes and genres.,,"etiqueta de confianza baja: Describe una habilidad de comunicación científica general, sin contenido físico concreto.",,
AU-FIS-au_ss_fis-p002-03,AU,au_ss_fis,2,Senior Secondary Physics,especializacion,"La energía disponible para las cargas en movimiento se mide mediante la diferencia de potencial eléctrico, definida como el cambio de energía potencial por unidad de carga.",The energy available to charges moving in an electrical circuit is measured using electric potential difference,CON:fisica/potencial-electrico CON:fisica/carga-electrica-electrizacion CON:fisica/corriente-voltaje-resistencia,extracción parcial: Omite que la diferencia de potencial se define entre dos puntos del circuito.,,
AU-FIS-au_ss_fis-p002-18,AU,au_ss_fis,2,Senior Secondary Physics,especializacion,La relación masa/energía de Einstein permite determinar la energía liberada en reacciones nucleares a partir del cambio de masa en la reacción.,Einstein’s mass/energy relationship... enables the energy released in nuclear reactions to be determined,CON:fisica/equivalencia-masa-energia CON:fisica/energia-enlace-nuclear CON:fisica/fision-fusion-nuclear,extracción parcial: Omite que la relación masa-energía de Einstein se aplica a todos los cambios energéticos.,,
AU-FIS-au_ss_fis-p003-06,AU,au_ss_fis,3,Senior Secondary Physics,especializacion,"Representar, organizar y analizar datos para identificar tendencias; identificar errores aleatorios y sistemáticos; calcular discrepancias de medición y utilizar evidencia para justificar conclusiones.","Represent data in meaningful and useful ways, including using appropriate SI units and symbols; organise and analyse",,"extracción parcial: Omite detalles como identificar patrones, estimar efectos de errores y sintetizar evidencia.",,
AU-FIS-au_ss_fis-p003-17,AU,au_ss_fis,3,Senior Secondary Physics,especializacion,"Comprender que el momento es una propiedad de los objetos en movimiento, se conserva en un sistema cerrado y puede transferirse mediante una fuerza en un intervalo de tiempo.",Momentum is a property of moving objects; it is conserved in a closed system and may be transferred,CON:fisica/conservacion-momento-lineal CON:fisica/momento-lineal-impulso,extracción parcial: sin juicio del validador,,
AU-FIS-au_ss_fis-p003-19,AU,au_ss_fis,3,Senior Secondary Physics,especializacion,"Describir la relación entre las fuerzas que actúan sobre un objeto, modelado como una masa puntual, y su movimiento utilizando las tres leyes del movimiento de Newton.",Newton’s Three Laws of Motion describe the relationship between the force or forces acting on an object,CON:fisica/segunda-ley-newton CON:fisica/fuerza-neta-diagrama-cuerpo-libre CON:fisica/primera-ley-newton CON:fisica/tercera-ley-newton,extracción parcial: Omite que el objeto se modela como masa puntual e invierte la estructura gramatical.,,
AU-FIS-au_ss_fis-p003-28,AU,au_ss_fis,3,Senior Secondary Physics,especializacion,El momento es una propiedad de los objetos en movimiento; se conserva en un sistema cerrado y puede transferirse cuando una fuerza actúa durante un intervalo de tiempo.,Momentum is a property of moving objects; it is conserved in a closed system and may be transferred from one,CON:fisica/conservacion-momento-lineal CON:fisica/momento-lineal-impulso,extracción parcial: agregado por el validador (completitud),,
AU-FIS-au_ss_fis-p004-06,AU,au_ss_fis,4,Senior Secondary Physics,especializacion,"Comprender que el movimiento en campos gravitatorios, eléctricos y magnéticos puede explicarse utilizando las leyes del movimiento de Newton.","understand that motion in gravitational, electric and magnetic fields can be explained using Newton’s Laws",CON:fisica/segunda-ley-newton CON:fisica/campo-electrico CON:fisica/fuerza-lorentz CON:fisica/gravitacion-universal,"extracción parcial: Omite ""del Movimiento"" al referirse a las Leyes de Newton.",,
AU-FIS-au_ss_fis-p004-09,AU,au_ss_fis,4,Senior Secondary Physics,especializacion,"Usar habilidades de indagación para diseñar, realizar, analizar y evaluar investigaciones sobre movimiento circular, proyectiles, satélites y fenómenos gravitatorios y electromagnéticos, comunicando los hallazgos.","use science inquiry skills to design, conduct, analyse and evaluate investigations into uniform circular motion",CON:fisica/movimiento-circular-uniforme CON:fisica/movimiento-proyectiles CON:fisica/orbitas-satelites,"extracción parcial: Omite ""uniforme"" del movimiento circular, ""movimiento de proyectiles"" y ""métodos"" de la comunicación. | etiqueta de confianza baja: Enunciado muy amplio que combina múltiples temas de investigación y fases de la indagación.",,
AU-FIS-au_ss_fis-p004-15,AU,au_ss_fis,4,Senior Secondary Physics,especializacion,"Representar y analizar datos usando unidades SI, identificar tendencias e incertidumbres, evaluar el impacto de la incertidumbre en los resultados y usar evidencia para justificar conclusiones.","Represent data in meaningful and useful ways, including using appropriate SI units, symbols and significant figures",CON:fisica/medicion-magnitudes-instrumentos CON:fisica/sistema-internacional-unidades,"extracción parcial: Omite varios elementos del objetivo original, como el uso de cifras significativas.",,
AU-FIS-au_ss_fis-p004-18,AU,au_ss_fis,4,Senior Secondary Physics,especializacion,"Explicar fenómenos luminosos con un modelo ondulatorio (reflexión, refracción, dispersión, difracción, interferencia), y usar un modelo de onda transversal para explicar la polarización.","A wave model explains a wide range of light-related phenomena including reflection, refraction, total internal reflection",CON:fisica/difraccion-luz CON:fisica/interferencia-luz CON:fisica/polarizacion-luz CON:fisica/reflexion-luz CON:fisica/refraccion-luz,"extracción parcial: Omite la ""reflexión interna total"" de la lista de fenómenos.",,
AU-FIS-au_ss_fis-p006-12,AU,au_ss_fis,6,Senior Secondary Physics,especializacion,"Un flujo magnético cambiante induce una diferencia de potencial; este proceso de inducción electromagnética se usa en transformadores, generadores y motores de inducción.",A changing magnetic flux induces a potential difference; this process of electromagnetic induction is used,CON:fisica/induccion-electromagnetica CON:fisica/corriente-alterna-transformador,"extracción parcial: Omite detalles: el documento especifica transformadores ""step-up/down"" y generadores ""DC/AC"".",,
AU-FIS-au_ss_fis4-p001-01,AU,au_ss_fis4,1,Senior Secondary Physics,especializacion,"Comunicar a audiencias específicas usando lenguaje, nomenclatura, géneros y modos apropiados, incluyendo informes científicos.","Communicate to specific audiences and for specific purposes using appropriate language, nomenclature, genres and modes",,"extracción parcial: Omite la frase ""para propósitos específicos"" del objetivo original.",,
AU-FIS-au_ss_fis4-p001-06,AU,au_ss_fis4,1,Senior Secondary Physics,especializacion,"Representar y analizar datos, identificar tendencias, evaluar incertidumbres de medición y sintetizar evidencia para justificar conclusiones.","Represent data in meaningful and useful ways, including using appropriate SI units, symbols and significant figures",,"extracción parcial: Omite numerosos detalles sobre análisis de datos, unidades, incertidumbre y conclusiones.",,
AU-FIS-au_ss_fis4-p001-07,AU,au_ss_fis4,1,Senior Secondary Physics,especializacion,"Seleccionar, construir y usar representaciones (textuales, gráficas, simulaciones, diagramas de energía) para comunicar conceptos, resolver problemas y hacer predicciones.","Select, construct and use appropriate representations, including text and graphic representations of empirical and theoretical relationships",,extracción parcial: Simplifica y omite algunos de los tipos de representaciones mencionados en el documento.,,
AU-FIS-au_ss_fis4-p001-08,AU,au_ss_fis4,1,Senior Secondary Physics,especializacion,"Seleccionar, usar e interpretar representaciones matemáticas, incluyendo gráficos y relaciones algebraicas de sistemas físicos, para resolver problemas y hacer predicciones.","Select, use and interpret appropriate mathematical representations, including linear and non-linear graphs and algebraic relationships",,extracción parcial: Omite la especificación de que los gráficos pueden ser lineales y no lineales.,,
AU-FIS-au_ss_fis4-p001-14,AU,au_ss_fis4,1,Senior Secondary Physics,especializacion,"Usar el conocimiento científico para evaluar impactos económicos, sociales y ambientales proyectados, y diseñar acciones para la sostenibilidad.","Scientific knowledge can be used to develop and evaluate projected economic, social and environmental impacts",,"extracción parcial: Omite la palabra ""desarrollar"" (develop) del objetivo original, mencionando solo ""evaluar"".",,
AU-FIS-au_ss_fis4-p001-19,AU,au_ss_fis4,1,Senior Secondary Physics,especializacion,Comprender las consecuencias para el espacio y el tiempo del principio de equivalencia para marcos de referencia inerciales.,understand the consequences for space and time of the equivalence principle for inertial frames of reference,CON:fisica/postulados-relatividad,"etiqueta de confianza baja: Menciona el principio de equivalencia (GR) en el contexto de marcos inerciales (SR), es ambiguo.",,
AU-FIS-au_ss_fis4-p001-21,AU,au_ss_fis4,1,Senior Secondary Physics,especializacion,"Evaluar la evidencia experimental que apoya la relatividad, la dualidad onda-partícula, el modelo de Bohr, el Modelo Estándar y el Big Bang.","evaluate the experimental evidence that supports the theory of relativity, wave-particle duality, the Bohr model",CON:fisica/dualidad-onda-particula CON:fisica/postulados-relatividad CON:fisica/cosmologia-big-bang CON:fisica/modelo-estandar-particulas CON:fisica/niveles-energia-espectros,"etiqueta de confianza baja: Agrupa cinco grandes teorías de la física moderna, lo que lo hace demasiado amplio y vago.",,
AU-FIS-au_ss_fis4-p001-22,AU,au_ss_fis4,1,Senior Secondary Physics,especializacion,"Usar habilidades de indagación para investigar marcos de referencia, difracción, espectros, efecto fotoeléctrico y dispositivos fotónicos, y comunicar hallazgos.","use science inquiry skills to design, conduct, analyse and evaluate investigations into frames of reference",CON:fisica/difraccion-luz CON:fisica/foton-efecto-fotoelectrico CON:fisica/niveles-energia-espectros CON:fisica/posicion-desplazamiento,"extracción parcial: Omite los detalles de las habilidades de indagación (diseñar, conducir, analizar, evaluar). | etiqueta de confianza baja: Agrupa la investigación de varios temas distintos (marcos de referencia, difracción, fotoeléctrico), haciéndolo difuso.",,
AU-FIS-au_ss_fis4-p001-23,AU,au_ss_fis4,1,Senior Secondary Physics,especializacion,"Usar modelos algebraicos y gráficos para resolver problemas y hacer predicciones sobre relatividad especial, teoría cuántica y el Modelo Estándar.",use algebraic and graphical models to solve problems and make predictions related to the theory,CON:fisica/cuantizacion-energia-planck CON:fisica/postulados-relatividad CON:fisica/modelo-estandar-particulas,"extracción parcial: Omite la mención a la ""teoría y aplicaciones"" de los temas listados.",,
AU-QUI-au_ss_qui-p001-06,AU,au_ss_qui,1,Senior Secondary Chemistry,especializacion,"Modelar átomos como un núcleo rodeado de electrones en niveles de energía, unidos por fuerzas electrostáticas; representarlos usando diagramas de capas electrónicas o nubes de carga.","Atoms can be modelled as a nucleus surrounded by electrons in distinct energy levels, held together",CON:quimica/atomo-y-particulas-subatomicas CON:quimica/espectros-atomicos-y-modelo-de-bohr CON:quimica/modelos-atomicos-historicos,extracción parcial: Omite la especificación de que los diagramas pueden ser de todas las capas o solo de valencia.,,
AU-QUI-au_ss_qui-p001-14,AU,au_ss_qui,1,Senior Secondary Chemistry,especializacion,"Seleccionar y usar representaciones matemáticas para resolver problemas y predecir, incluyendo el cálculo de composición porcentual y el uso del concepto de mol.","Select and use appropriate mathematical representations to solve problems and make predictions, including calculating percentage",CON:quimica/composicion-porcentual-y-formulas CON:quimica/mol-y-numero-de-avogadro,extracción parcial: Omite detalles sobre qué se calcula con la composición porcentual y el concepto de mol.,,
AU-QUI-au_ss_qui-p001-21,AU,au_ss_qui,1,Senior Secondary Chemistry,especializacion,"Reconocer que los avances en la comprensión científica en un campo pueden influir en otras áreas de la ciencia, la tecnología y la ingeniería.","Advances in science understanding in one field can influence other areas of science, technology and engineering",,"etiqueta de confianza baja: Enunciado muy general sobre la naturaleza de la ciencia, sin conceptos químicos específicos.",,
AU-QUI-au_ss_qui-p001-22,AU,au_ss_qui,1,Senior Secondary Chemistry,especializacion,"Usar el conocimiento científico para desarrollar y evaluar impactos económicos, sociales y ambientales proyectados, y para diseñar acciones orientadas a la sostenibilidad.","Scientific knowledge can be used to develop and evaluate projected economic, social and environmental impacts",,"etiqueta de confianza baja: Enunciado de competencia general sobre aplicación de la ciencia, sin contenido químico concreto.",,
AU-QUI-au_ss_qui-p001-23,AU,au_ss_qui,1,Senior Secondary Chemistry,especializacion,Comprender cómo los modelos atómicos y de enlace explican la estructura y propiedades de elementos y compuestos.,understand how the atomic model and models of bonding explain the structure and properties,CON:quimica/tipo-de-enlace-y-propiedades CON:quimica/enlace-quimico CON:quimica/modelos-atomicos-historicos CON:quimica/sustancias-puras-elementos-y-compuestos,extracción parcial: Omite la frase 'de elementos y compuestos' que está en el texto original.,,
AU-QUI-au_ss_qui-p001-26,AU,au_ss_qui,1,Senior Secondary Chemistry,especializacion,"Comunicar, predecir y explicar fenómenos químicos usando representaciones cualitativas y cuantitativas en modos y géneros apropiados.","communicate, predict and explain chemical phenomena using qualitative and quantitative representations in appropriate modes",,"etiqueta de confianza baja: Enunciado de competencia general sobre comunicación y representación, sin contenido químico específico.",,
AU-QUI-au_ss_qui-p001-27,AU,au_ss_qui,1,Senior Secondary Chemistry,especializacion,"Evaluar afirmaciones sobre propiedades, estructuras y reacciones químicas utilizando evidencia empírica.","evaluate, with reference to empirical evidence, claims about chemical properties, structures and reactions",,"etiqueta de confianza baja: Enunciado de competencia general sobre evaluación de afirmaciones con evidencia, sin contenido específico.",,
AU-QUI-au_ss_qui-p002-14,AU,au_ss_qui,2,Senior Secondary Chemistry,especializacion,Emplear convenciones científicas y estándares internacionales para representar la pureza de los materiales y garantizar la aplicación coherente de dichas normas.,Scientific conventions and international standards are used to represent the purity of materials to ensure consistent,,"etiqueta de confianza baja: El enunciado es vago, enfocándose en normas y convenciones más que en conceptos químicos.",,
AU-QUI-au_ss_qui-p002-20,AU,au_ss_qui,2,Senior Secondary Chemistry,especializacion,"Reconocer a la astrobiología como un campo interdisciplinario que estudia la distribución de la vida basándose en hallazgos de geología, biología molecular, astronomía y química.","Astrobiology, which is concerned with the distribution of life in our own and other solar systems",,"etiqueta de confianza baja: El enunciado define un campo interdisciplinario, no enseña un concepto químico específico del catálogo.",,
AU-QUI-au_ss_qui-p002-26,AU,au_ss_qui,2,Senior Secondary Chemistry,especializacion,"Interpretar la información de energía en el etiquetado de alimentos procesados, expresada a menudo como proporción de los requerimientos energéticos diarios promedio (7500 a 8700 kJ).","this information is expressed as a proportion of daily average energy requirements, typically using a value ranging",,"etiqueta de confianza baja: El enunciado se enfoca en la habilidad de interpretar etiquetas, una aplicación, no en enseñar un concepto.",,
AU-QUI-au_ss_qui-p002-27,AU,au_ss_qui,2,Senior Secondary Chemistry,especializacion,"Aplicar principios de química verde a procesos industriales para reducir requerimientos energéticos, como reciclar calor para mejorar la eficiencia y rediseñar procesos de fabricación.",Green chemistry principles can be applied to industrial processes to reduce energy requirements,CON:quimica/quimica-verde CON:quimica/procesos-de-la-industria-quimica,extracción parcial: Simplifica los resultados de la aplicación de los principios de la química verde.,,
AU-QUI-au_ss_qui-p002-28,AU,au_ss_qui,2,Senior Secondary Chemistry,especializacion,"Considerar los aspectos ambientales, de seguridad y económicos del uso de energía en la producción química, y diseñar y monitorear procesos químicos.","consider the environmental, safety and economic aspects of energy use in the production of chemicals",CON:quimica/procesos-de-la-industria-quimica CON:quimica/quimica-verde,extracción parcial: Omite el contexto de que esta es la función de los ingenieros químicos.,,
AU-QUI-au_ss_qui-p002-29,AU,au_ss_qui,2,Senior Secondary Chemistry,especializacion,"Analizar cómo las decisiones sobre el uso de combustibles reflejan valores sociales, económicos, culturales y políticos asociados con la fuente del combustible.","Decisions about which fuels to use can reflect social, economic, cultural and political values associated",CON:quimica/combustibles-y-biocombustibles,"etiqueta de confianza baja: El enunciado es principalmente socio-científico, analizando valores detrás de las decisiones sobre combustibles.",,
AU-QUI-au_ss_qui-p002-33,AU,au_ss_qui,2,Senior Secondary Chemistry,especializacion,"Comprender el desarrollo de modelos y teorías basados en evidencia multidisciplinaria, así como los usos y limitaciones del conocimiento químico en diversos contextos.","understand how models and theories have developed based on evidence from multiple disciplines, and the uses",,"etiqueta de confianza baja: Enunciado muy general sobre la naturaleza de la ciencia, no sobre un concepto químico.",,
AU-QUI-au_ss_qui-p002-34,AU,au_ss_qui,2,Senior Secondary Chemistry,especializacion,"Comprender cómo controlar las velocidades de las reacciones químicas, incluyendo el uso de una variedad de catalizadores.","Students gain an understanding of how to control the rates of chemical reactions, including through the use of a range",CON:quimica/catalizadores CON:quimica/rapidez-de-reaccion-factores CON:quimica/teoria-de-colisiones,extracción parcial: agregado por el validador (completitud),,
AU-QUI-au_ss_qui-p002-35,AU,au_ss_qui,2,Senior Secondary Chemistry,especializacion,Usar habilidades de investigación para predecir e identificar productos y medir la velocidad de las reacciones químicas.,"use a range of practical and research inquiry skills to investigate chemical reactions, including the prediction and identification",CON:quimica/tipos-de-reacciones-quimicas CON:quimica/velocidad-de-reaccion-medicion CON:quimica/reaccion-quimica-y-evidencias,extracción parcial: agregado por el validador (completitud),,
AU-QUI-au_ss_qui-p003-07,AU,au_ss_qui,3,Senior Secondary Chemistry,especializacion,"Comunicar información a audiencias específicas y con propósitos determinados usando lenguaje, nomenclatura, géneros y modos apropiados, incluyendo informes científicos.","Communicate to specific audiences and for specific purposes using appropriate language, nomenclature, genres and modes",,"etiqueta de confianza baja: Enunciado procedimental sobre comunicación científica, sin contenido químico.",,
AU-QUI-au_ss_qui-p003-08,AU,au_ss_qui,3,Senior Secondary Chemistry,especializacion,"Diseñar investigaciones, incluyendo procedimientos, materiales y datos a recopilar; realizar evaluaciones de riesgos y considerar la ética de la investigación.","Design investigations, including the procedure/s to be followed, the materials required, and the type and amount",,"etiqueta de confianza baja: Enunciado procedimental sobre diseño de investigaciones, sin contenido químico.",,
AU-QUI-au_ss_qui-p003-09,AU,au_ss_qui,3,Senior Secondary Chemistry,especializacion,"Identificar, investigar, formular y refinar preguntas de investigación, proponer hipótesis y predecir posibles resultados.","Identify , research , construct and refine questions for investigation ; propose hypotheses; and predict possible outcomes",,"etiqueta de confianza baja: Enunciado procedimental sobre formular preguntas e hipótesis, sin contenido químico.",,
AU-QUI-au_ss_qui-p003-10,AU,au_ss_qui,3,Senior Secondary Chemistry,especializacion,"Interpretar textos científicos y de medios, evaluar procesos, afirmaciones y conclusiones considerando la evidencia, y construir argumentos científicos.","Interpret a range of scientific and media texts , and evaluate processes, claims and conclusions",,"etiqueta de confianza baja: Enunciado procedimental sobre evaluar información y argumentar, sin contenido químico.",,
AU-QUI-au_ss_qui-p003-12,AU,au_ss_qui,3,Senior Secondary Chemistry,especializacion,"Representar, organizar y procesar datos para identificar tendencias y errores; estimar el efecto del error y usar evidencia para justificar conclusiones.","Represent data in meaningful and useful ways, including using appropriate graphic representations and correct units and symbols",,etiqueta de confianza baja: Enunciado procedimental sobre análisis de datos y error experimental.,,
AU-QUI-au_ss_qui-p003-15,AU,au_ss_qui,3,Senior Secondary Chemistry,especializacion,Comprender que el desarrollo de modelos y teorías complejas requiere una amplia gama de evidencias de múltiples individuos y disciplinas.,Development of complex models and/or theories often requires a wide range of evidence from multiple individuals,,"etiqueta de confianza baja: Enunciado sobre la naturaleza de la ciencia, enfocado en el carácter colaborativo y multidisciplinario.",,
AU-QUI-au_ss_qui-p003-16,AU,au_ss_qui,3,Senior Secondary Chemistry,especializacion,"Comprender que el uso del conocimiento científico puede tener consecuencias beneficiosas, perjudiciales o imprevistas.",The use of scientific knowledge may have beneficial and/or harmful and/or unintended consequences,,"etiqueta de confianza baja: Enunciado sobre implicaciones sociales de la ciencia, sin contenido químico.",,
AU-QUI-au_ss_qui-p003-17,AU,au_ss_qui,3,Senior Secondary Chemistry,especializacion,"Identificar que los avances en la comprensión científica en un campo pueden influir en otras áreas de la ciencia, la tecnología y la ingeniería.","Advances in science understanding in one field can influence other areas of science, technology and engineering",,"etiqueta de confianza baja: Enunciado sobre la interconexión de la ciencia y la tecnología, sin contenido químico.",,
AU-QUI-au_ss_qui-p003-18,AU,au_ss_qui,3,Senior Secondary Chemistry,especializacion,Reconocer que el conocimiento científico permite a los científicos ofrecer explicaciones válidas y hacer predicciones confiables.,Scientific knowledge can enable scientists to offer valid explanations and make reliable predictions,,"etiqueta de confianza baja: Enunciado sobre la naturaleza de la ciencia, no enseña conceptos químicos específicos del catálogo.",,
AU-QUI-au_ss_qui-p003-19,AU,au_ss_qui,3,Senior Secondary Chemistry,especializacion,"Reconocer que el uso del conocimiento científico está influenciado por consideraciones sociales, económicas, culturales y éticas.","The use of scientific knowledge is influenced by social, economic, cultural and ethical considerations",,"etiqueta de confianza baja: Enunciado sobre la interacción entre ciencia y sociedad, no enseña conceptos químicos específicos.",,
AU-QUI-au_ss_qui-p003-20,AU,au_ss_qui,3,Senior Secondary Chemistry,especializacion,"Reconocer que la ciencia es una empresa global que depende de la comunicación clara, convenciones internacionales, revisión por pares y reproducibilidad.","Science is a global enterprise that relies on clear communication, international conventions, peer review, and reproducibility",,"etiqueta de confianza baja: Enunciado sobre la naturaleza de la empresa científica, no enseña conceptos químicos específicos.",,
AU-QUI-au_ss_qui-p003-21,AU,au_ss_qui,3,Senior Secondary Chemistry,especializacion,"Usar el conocimiento científico para desarrollar y evaluar impactos económicos, sociales y ambientales proyectados, y para diseñar acciones orientadas a la sostenibilidad.","Scientific knowledge can be used to develop and evaluate projected economic, social and environmental impacts",,etiqueta de confianza baja: Enunciado de habilidad general sobre evaluación de impactos y diseño de soluciones sostenibles.,,
AU-QUI-au_ss_qui-p004-04,AU,au_ss_qui,4,Senior Secondary Chemistry,especializacion,"Comunicar, predecir y explicar fenómenos químicos utilizando representaciones cualitativas y cuantitativas en modos y géneros apropiados.","communicate, predict and explain chemical phenomena using qualitative and quantitative representations in appropriate modes",,"etiqueta de confianza baja: Enunciado de habilidades generales: comunicar, predecir, explicar y usar representaciones en química.",,
AU-QUI-au_ss_qui-p004-08,AU,au_ss_qui,4,Senior Secondary Chemistry,especializacion,"Comunicar información a audiencias específicas utilizando el lenguaje, la nomenclatura, los géneros y los modos apropiados, incluyendo informes científicos.","Communicate to specific audiences and for specific purposes using appropriate language, nomenclature, genres and modes",,etiqueta de confianza baja: Enunciado de habilidad general enfocado exclusivamente en la comunicación científica a audiencias específicas.,,
AU-QUI-au_ss_qui-p004-09,AU,au_ss_qui,4,Senior Secondary Chemistry,especializacion,"Diseñar investigaciones detallando procedimientos, materiales y datos a recopilar, además de realizar evaluaciones de riesgo y considerar la ética.","Design investigations, including the procedure/s to be followed, the materials required, and the type and amount",,"etiqueta de confianza baja: Enunciado de habilidad que describe el proceso de planificación de investigaciones, incluyendo seguridad y ética.",,
AU-QUI-au_ss_qui-p004-10,AU,au_ss_qui,4,Senior Secondary Chemistry,especializacion,"Identificar, investigar, formular y refinar preguntas de investigación, proponer hipótesis y predecir posibles resultados.","Identify, research, construct and refine questions for investigation; propose hypotheses; and predict possible outcomes",,etiqueta de confianza baja: Enunciado de habilidad que describe las etapas iniciales de una investigación científica.,,
AU-QUI-au_ss_qui-p004-11,AU,au_ss_qui,4,Senior Secondary Chemistry,especializacion,"Interpretar textos científicos y evaluar procesos, afirmaciones y conclusiones considerando la calidad de la evidencia, utilizando el razonamiento para argumentar.","Interpret a range of scientific texts, and evaluate processes, claims and conclusions by considering the quality",,extracción parcial: Omite la mención específica de considerar los intervalos de confianza en datos secundarios. | etiqueta de confianza baja: Enunciado de habilidad sobre la evaluación crítica de información científica y la argumentación.,,
AU-QUI-au_ss_qui-p004-13,AU,au_ss_qui,4,Senior Secondary Chemistry,especializacion,Representar y procesar datos para identificar tendencias; distinguir errores aleatorios y sistemáticos; discutir la incertidumbre y usar evidencia para justificar conclusiones.,Represent data in meaningful and useful ways... organise and process data to identify trends,,extracción parcial: Omite detalles clave como estimar el efecto de errores y discutir limitaciones de datos.,,
AU-QUI-au_ss_qui-p004-14,AU,au_ss_qui,4,Senior Secondary Chemistry,especializacion,"Seleccionar y usar representaciones apropiadas como semiecuaciones, ecuaciones balanceadas, constantes de equilibrio, pH y diagramas de celdas para resolver problemas.","Select, construct and use appropriate representations, including half-equations, balanced chemical equations, equilibrium constants and expressions",CON:quimica/ecuacion-quimica-y-balanceo CON:quimica/oxidacion-y-reduccion CON:quimica/celdas-galvanicas CON:quimica/constante-de-equilibrio CON:quimica/escala-de-ph,"extracción parcial: Omite representaciones como números de oxidación y potenciales de electrodo, y el propósito comunicativo.",,
AU-QUI-au_ss_qui-p004-15,AU,au_ss_qui,4,Senior Secondary Chemistry,especializacion,"Usar representaciones matemáticas para resolver problemas, incluyendo el cálculo de potenciales de celda, uso del mol en análisis volumétrico y cálculo de pH.","Select and use appropriate mathematical representations to solve problems and make predictions, including calculating cell potentials",CON:quimica/potenciales-de-electrodo CON:quimica/valoracion-acido-base CON:quimica/autoionizacion-del-agua-y-ph CON:quimica/mol-y-numero-de-avogadro,extracción parcial: Omite detalles importantes como 'condiciones estándar' y el cálculo de rendimiento de reacciones.,,
AU-QUI-au_ss_qui-p004-16,AU,au_ss_qui,4,Senior Secondary Chemistry,especializacion,Comprender que a menudo se requiere colaboración internacional al invertir en proyectos científicos a gran escala o al abordar problemas regionales.,International collaboration is often required when investing in large-scale science projects or addressing issues,,extracción parcial: Omite la mención específica a la región de Asia-Pacífico.,,
AU-QUI-au_ss_qui-p004-17,AU,au_ss_qui,4,Senior Secondary Chemistry,especializacion,Comprender que los modelos y teorías son cuestionados y refinados o reemplazados cuando nueva evidencia los desafía o surge una teoría mejor.,Models and theories are contested and refined or replaced when new evidence challenges them,,extracción parcial: Omite la condición de que una nueva teoría tenga mayor poder explicativo.,,
AU-QUI-au_ss_qui-p004-30,AU,au_ss_qui,4,Senior Secondary Chemistry,especializacion,"Usar la teoría de colisiones para explicar y predecir el efecto de la concentración, temperatura, presión y área superficial en la velocidad de reacción.","Collision theory can be used to explain and predict the effect of concentration, temperature, pressure",CON:quimica/teoria-de-colisiones CON:quimica/rapidez-de-reaccion-factores,extracción parcial: Omite que se debe considerar la estructura de reactivos y la energía de partículas.,,
AU-QUI-au_ss_qui-p005-01,AU,au_ss_qui,5,Senior Secondary Chemistry,especializacion,"Entender que el CO2 disuelto aumenta la acidez del océano, afectando negativamente a organismos calcificadores como corales y moluscos.","Dissolved carbon dioxide increases ocean acidity, which is predicted to have a range of negative consequences for ecosystems...",CON:quimica/acidos-y-bases-propiedades CON:quimica/escala-de-ph,extracción parcial: agregado por el validador (completitud),,
AU-QUI-au_ss_qui-p005-02,AU,au_ss_qui,5,Senior Secondary Chemistry,especializacion,Identificar el uso de celdas de combustible en plantas de tratamiento de aguas residuales para convertir el gas metano.,...wastewater treatment plants and landfills make use of fuel cells to capture and convert the methane gas they produce...,CON:quimica/celdas-galvanicas CON:quimica/combustibles-y-biocombustibles CON:quimica/tratamiento-y-potabilizacion-del-agua,extracción parcial: agregado por el validador (completitud),,
AU-QUI-au_ss_qui-p005-03,AU,au_ss_qui,5,Senior Secondary Chemistry,especializacion,"Reconocer que las celdas de combustible son una alternativa de bajas emisiones para mover vehículos como autobuses, barcos y trenes.",Fuel cells are a potential lower-emission alternative to the internal combustion engine and are already being used to power...,CON:quimica/celdas-galvanicas CON:quimica/combustibles-y-biocombustibles,extracción parcial: agregado por el validador (completitud),,
AU-QUI-au_ss_qui-p005-04,AU,au_ss_qui,5,Senior Secondary Chemistry,especializacion,"Describir el desarrollo histórico de los modelos de ácidos, desde Lavoisier y Davy hasta la teoría de Brønsted-Lowry.","In 1810, Davy proposed that it was hydrogen... Brønsted (and at about the same time, Lowry) refined the earlier...",CON:quimica/teorias-acido-base,extracción parcial: agregado por el validador (completitud),,
AU-QUI-au_ss_qui-p005-05,AU,au_ss_qui,5,Senior Secondary Chemistry,especializacion,"Describir el uso de la electroquímica para purificar agua, usando una corriente para precipitar contaminantes metálicos y desinfectar.","An electric current converts chloride ions to chlorine, which then oxidises and precipitates out the metal contaminants, as well...",CON:quimica/electrolisis CON:quimica/reacciones-de-precipitacion-e-identificacion-de-iones CON:quimica/tratamiento-y-potabilizacion-del-agua,extracción parcial: agregado por el validador (completitud),,
AU-QUI-au_ss_qui-p005-06,AU,au_ss_qui,5,Senior Secondary Chemistry,especializacion,Reconocer que el nivel de alcohol en el cuerpo se puede medir analizando las concentraciones en el aliento o la sangre.,The level of alcohol in the body can be measured by testing breath or blood alcohol concentrations (BAC).,CON:quimica/concentracion-de-disoluciones,extracción parcial: agregado por el validador (completitud) | etiqueta de confianza baja: Enunciado muy general sobre la medición de concentración sin detallar principios químicos.,,
AU-QUI-au_ss_qui-p005-16,AU,au_ss_qui,5,Senior Secondary Chemistry,especializacion,Identificar cómo las concentraciones de químicos en el vino se relacionan entre sí y con propiedades observables como sabor y aroma.,"...scientists to identify how the concentrations of the various chemicals in the wine are related, both to each other...",CON:quimica/concentracion-de-disoluciones CON:quimica/propiedades-fisicas-y-quimicas,extracción parcial: agregado por el validador (completitud) | etiqueta de confianza baja: Relaciona concentración con propiedades observables sin especificar los principios químicos subyacentes.,,
AU-QUI-au_ss_qui4-p001-03,AU,au_ss_qui4,1,Senior Secondary Chemistry,especializacion,"Comunicar a audiencias específicas usando lenguaje, nomenclatura, géneros y modos apropiados, incluyendo informes científicos.","Communicate to specific audiences and for specific purposes using appropriate language, nomenclature, genres and modes",,extracción parcial: Omite la frase 'y para propósitos específicos' del objetivo original.,,
AU-QUI-au_ss_qui4-p001-04,AU,au_ss_qui4,1,Senior Secondary Chemistry,especializacion,"Diseñar investigaciones, incluyendo procedimientos, materiales y datos a recopilar; realizar evaluaciones de riesgo y considerar la ética de la investigación.","Design investigations, including the procedure/s to be followed, the materials required, and the type and amount",,extracción parcial: Omite detalles sobre el tipo y la cantidad de datos primarios/secundarios a recopilar.,,
AU-QUI-au_ss_qui4-p001-06,AU,au_ss_qui4,1,Senior Secondary Chemistry,especializacion,"Interpretar textos científicos y mediáticos, evaluar procesos, afirmaciones y conclusiones según la calidad de la evidencia, y usar el razonamiento para construir argumentos científicos.","Interpret a range of scientific and media texts, and evaluate processes, claims and conclusions by considering",,extracción parcial: Omite detalles menores como 'una variedad de' textos y evidencia 'disponible'.,,
AU-QUI-au_ss_qui4-p001-08,AU,au_ss_qui4,1,Senior Secondary Chemistry,especializacion,"Representar, organizar y analizar datos para identificar patrones; distinguir errores aleatorios y sistemáticos; discutir la incertidumbre; y usar evidencia para formular y justificar conclusiones.","Represent data in meaningful and useful ways, including using appropriate graphic representations and correct units and symbols",,extracción parcial: Es un resumen que omite múltiples detalles importantes del objetivo original (ACSCH115).,,
AU-QUI-au_ss_qui4-p001-09,AU,au_ss_qui4,1,Senior Secondary Chemistry,especializacion,"Seleccionar, construir y usar representaciones (modelos, fórmulas, ecuaciones, nomenclatura IUPAC y espectros) para comunicar comprensión, resolver problemas y hacer predicciones.","Select, construct and use appropriate representations, including physical, virtual and graphical models of primary, secondary and tertiary",CON:quimica/nomenclatura-organica CON:quimica/ecuacion-quimica-y-balanceo CON:quimica/espectroscopia-y-estructura-organica CON:quimica/moleculas-y-formulas-quimicas,"extracción parcial: Simplifica la lista de representaciones, omitiendo detalles sobre los tipos de modelos.",,
AU-QUI-au_ss_qui4-p001-12,AU,au_ss_qui4,1,Senior Secondary Chemistry,especializacion,"Comprender que las personas pueden usar el conocimiento científico para informar el monitoreo, la valoración y la evaluación de riesgos.","People can use scientific knowledge to inform the monitoring, assessment and evaluation of risk",,"etiqueta de confianza baja: Enunciado sobre la naturaleza de la ciencia, no sobre conceptos químicos específicos.",,
AU-QUI-au_ss_qui4-p001-13,AU,au_ss_qui4,1,Senior Secondary Chemistry,especializacion,"Comprender que los modelos y teorías se cuestionan, refinan o reemplazan ante nueva evidencia o cuando un nuevo modelo tiene mayor poder explicativo.",Models and theories are contested and refined or replaced when new evidence challenges them,,"etiqueta de confianza baja: Enunciado sobre la naturaleza del conocimiento científico, no sobre conceptos químicos específicos.",,
AU-QUI-au_ss_qui4-p001-14,AU,au_ss_qui4,1,Senior Secondary Chemistry,especializacion,"Reconocer que la aceptación del conocimiento científico puede verse influenciada por el contexto social, económico y cultural en el que se considera.","The acceptance of scientific knowledge can be influenced by the social, economic and cultural context",,"etiqueta de confianza baja: Enunciado sobre la sociología de la ciencia, no sobre conceptos químicos específicos.",,
AU-QUI-au_ss_qui4-p001-15,AU,au_ss_qui4,1,Senior Secondary Chemistry,especializacion,Reconocer que la ciencia puede estar limitada para dar respuestas definitivas al debate público debido a datos insuficientes o interpretaciones cuestionables.,Science can be limited in its ability to provide definitive answers to public debate,,"extracción parcial: Simplifica la justificación, omitiendo matices como 'datos fiables' o 'interpretación abierta a cuestionamiento'. | etiqueta de confianza baja: Enunciado sobre los límites de la ciencia, no sobre conceptos químicos específicos.",,
AU-QUI-au_ss_qui4-p001-16,AU,au_ss_qui4,1,Senior Secondary Chemistry,especializacion,"Reconocer que las TIC y otras tecnologías han aumentado drásticamente el tamaño, precisión y alcance geográfico y temporal de los conjuntos de datos científicos.","ICT and other technologies have dramatically increased the size, accuracy and geographic and temporal scope of data",,"etiqueta de confianza baja: Enunciado sobre el papel de la tecnología en la ciencia, no sobre química.",,
AU-QUI-au_ss_qui4-p001-17,AU,au_ss_qui4,1,Senior Secondary Chemistry,especializacion,"Usar el conocimiento científico para desarrollar y evaluar impactos económicos, sociales y ambientales proyectados, y para diseñar acciones orientadas a la sostenibilidad.","Scientific knowledge can be used to develop and evaluate projected economic, social and environmental impacts",,etiqueta de confianza baja: Enunciado de competencia general sobre aplicación de la ciencia para la sostenibilidad.,,
AU-QUI-au_ss_qui4-p001-20,AU,au_ss_qui4,1,Senior Secondary Chemistry,especializacion,"Comprender el desarrollo histórico de modelos y teorías, y la interacción del conocimiento químico con factores sociales, económicos, culturales y éticos.",understand how models and theories have developed over time and the ways in which chemical knowledge interacts,CON:quimica/modelos-atomicos-historicos,extracción parcial: La traducción es correcta pero omite la frase 'en una variedad de contextos'.,,
AU-QUI-au_ss_qui4-p001-22,AU,au_ss_qui4,1,Senior Secondary Chemistry,especializacion,"Comunicar, predecir y explicar fenómenos químicos mediante representaciones cualitativas y cuantitativas en modos y géneros apropiados.","communicate, predict and explain chemical phenomena using qualitative and quantitative representations in appropriate modes and genres",,"etiqueta de confianza baja: Describe habilidades de comunicación y representación en química, no un concepto específico.",,
AU-QUI-au_ss_qui4-p001-24,AU,au_ss_qui4,1,Senior Secondary Chemistry,especializacion,"Usar habilidades de indagación para diseñar, realizar, evaluar y comunicar investigaciones sobre reacciones e identificación de compuestos orgánicos, analizando datos secundarios.","use science inquiry skills to design, conduct, evaluate and communicate investigations into reactions",CON:quimica/reacciones-organicas CON:quimica/espectroscopia-y-estructura-organica,extracción parcial: Simplifica 'datos secundarios derivados de análisis químicos' a solo 'datos secundarios'.,,
AU-QUI-au_ss_qui4-p002-05,AU,au_ss_qui4,2,Senior Secondary Chemistry,especializacion,"Describir los procesos de fabricación molecular, que implican posicionar moléculas para facilitar reacciones específicas y sintetizar productos especializados como nanotubos de carbono o nanorobots.","Molecular manufacturing processes, including protein synthesis, involve the positioning of molecules to facilitate a specific chemical reaction",CON:quimica/nanomateriales CON:quimica/redes-covalentes-y-alotropos-del-carbono,extracción parcial: Omite 'síntesis de proteínas' como ejemplo del proceso y 'sensores químicos' como producto.,,
AU-QUI-au_ss_qui4-p002-09,AU,au_ss_qui4,2,Senior Secondary Chemistry,especializacion,"Reconocer que la síntesis química implica seleccionar reactivos específicos para formar productos con propiedades particulares, como fármacos, combustibles o cosméticos.",Chemical synthesis involves the selection of particular reagents to form a product with specific properties,CON:quimica/sintesis-quimica-y-rutas-de-reaccion CON:quimica/materia-y-materiales,extracción parcial: Omite 'productos de limpieza' de la lista de ejemplos del texto original.,,
AU-TYE-au_ss_tye-p001-02,AU,au_ss_tye,1,Senior Secondary Earth and Environmental Science,especializacion,"Comprender que la formación del suelo requiere la interacción de procesos atmosféricos, geológicos, hidrológicos y bióticos, y que está compuesto por partículas minerales, materia orgánica, agua y gases.","Soil formation requires interaction between atmospheric, geologic, hydrologic and biotic processes; soil is composed of rock",CON:ciencias_tierra_espacio/suelo-formacion-y-tipos CON:ciencias_tierra_espacio/meteorizacion CON:ciencias_tierra_espacio/sistemas-terrestres,"extracción parcial: Omite ""organismos vivos"" de la lista de componentes del suelo.",,
AU-TYE-au_ss_tye-p001-05,AU,au_ss_tye,1,Senior Secondary Earth and Environmental Science,especializacion,"Reconocer que las rocas están compuestas por conjuntos característicos de cristales o granos minerales formados a través de procesos ígneos, sedimentarios y metamórficos.",Rocks are composed of characteristic assemblages of mineral crystals or grains that are formed through igneous,CON:ciencias_tierra_espacio/tipos-de-rocas CON:ciencias_tierra_espacio/ciclo-de-las-rocas CON:ciencias_tierra_espacio/minerales-y-sus-propiedades,extracción parcial: Omite la mención de que los procesos son parte del ciclo de las rocas.,,
AU-TYE-au_ss_tye-p001-11,AU,au_ss_tye,1,Senior Secondary Earth and Environmental Science,especializacion,"Realizar investigaciones de forma segura y metódica, utilizando técnicas de ubicación en mapas y campo, y procedimientos de muestreo e identificación de rocas y suelos.","Conduct investigations, including using map and field location techniques and rock and soil sampling and identification",CON:ciencias_tierra_espacio/suelo-formacion-y-tipos CON:ciencias_tierra_espacio/tipos-de-rocas,"extracción parcial: Omite que la conducción debe ser segura, competente, metódica y para datos válidos.",,
AU-TYE-au_ss_tye-p001-12,AU,au_ss_tye,1,Senior Secondary Earth and Environmental Science,especializacion,"Representar, organizar y analizar datos para identificar patrones; describir cualitativamente errores de medición y limitaciones; y seleccionar, sintetizar y usar evidencia para justificar conclusiones.","Represent data in meaningful and useful ways; organise and analyse data to identify trends, patterns and",,extracción parcial: Omite que la representación de datos debe ser significativa y útil.,,
AU-TYE-au_ss_tye-p001-13,AU,au_ss_tye,1,Senior Secondary Earth and Environmental Science,especializacion,"Seleccionar, construir y usar representaciones como mapas, secciones transversales, estratigrafía y datos de vida media isotópica para analizar relaciones espaciales, inferir edades y hacer predicciones.","Select , construct and use appropriate representations, including maps and cross sections to describe and analyse",CON:ciencias_tierra_espacio/tiempo-geologico,extracción parcial: Omite los propósitos de comunicar comprensión conceptual y resolver problemas.,,
AU-TYE-au_ss_tye-p002-01,AU,au_ss_tye,2,Senior Secondary Earth and Environmental Science,especializacion,Describir las teorías experimentales que sugieren que la vida surgió en condiciones anóxicas dentro de mezclas acuosas de compuestos inorgánicos.,Laboratory experimentation has informed theories that life emerged under anoxic atmospheric conditions in an aqueous mixture,CON:ciencias_tierra_espacio/formacion-de-la-tierra,extracción parcial: El objetivo omite los ejemplos de los posibles escenarios donde surgió la vida.,,
AU-TYE-au_ss_tye-p002-02,AU,au_ss_tye,2,Senior Secondary Earth and Environmental Science,especializacion,"Explicar cómo las características e interacciones de la atmósfera, geosfera, hidrosfera y biosfera generan comunidades únicas y dinámicas en cualquier ubicación.","interactions of the atmosphere, geosphere, hydrosphere and biosphere give rise to unique and dynamic communities",CON:ciencias_tierra_espacio/sistemas-terrestres,extracción parcial: El objetivo omite los ejemplos de las características que dan lugar a las comunidades.,,
AU-TYE-au_ss_tye-p002-04,AU,au_ss_tye,2,Senior Secondary Earth and Environmental Science,especializacion,Inferir la diversificación de organismos y el colapso catastrófico de ecosistemas a lo largo del tiempo utilizando el registro fósil.,The diversification and proliferation of living organisms over time... can be inferred from the fossil record,CON:ciencias_tierra_espacio/registro-fosil-y-cambios-ambientales CON:ciencias_tierra_espacio/glaciaciones,extracción parcial: El objetivo omite los ejemplos específicos de diversificación y colapso de ecosistemas.,,
AU-TYE-au_ss_tye-p002-05,AU,au_ss_tye,2,Senior Secondary Earth and Environmental Science,especializacion,Inferir las características de ambientes y comunidades pasadas a partir de la secuencia y texturas internas de rocas sedimentarias y fósiles.,The characteristics of past environments and communities... can be inferred from the sequence and internal textures,CON:ciencias_tierra_espacio/registro-fosil-y-cambios-ambientales CON:ciencias_tierra_espacio/tipos-de-rocas CON:ciencias_tierra_espacio/erosion-y-sedimentacion CON:ciencias_tierra_espacio/fosiles,extracción parcial: El objetivo omite los ejemplos de las características de ambientes y comunidades pasadas.,,
AU-TYE-au_ss_tye-p002-07,AU,au_ss_tye,2,Senior Secondary Earth and Environmental Science,especializacion,"Diseñar investigaciones, incluyendo procedimientos, datos requeridos, evaluación de riesgos y consideraciones éticas.","Design investigations including the procedure/s to be followed, the information required and the type and amount",,extracción parcial: El objetivo omite la especificación sobre la recolección de datos primarios y/o secundarios.,,
AU-TYE-au_ss_tye-p002-11,AU,au_ss_tye,2,Senior Secondary Earth and Environmental Science,especializacion,"Representar y analizar datos para identificar tendencias, describir errores e incertidumbres, y seleccionar evidencia para justificar conclusiones.","Represent data in meaningful and useful ways; organise and analyse data to identify trends, patterns and relationships",,extracción parcial: El objetivo resume y omite algunos detalles del proceso de análisis de datos.,,
AU-TYE-au_ss_tye-p002-12,AU,au_ss_tye,2,Senior Secondary Earth and Environmental Science,especializacion,"Seleccionar, construir y usar representaciones apropiadas, como mapas y diagramas, para comunicar comprensión conceptual, resolver problemas y hacer predicciones.","Select, construct and use appropriate representations, including maps and other spatial representations, diagrams and flow charts",,"extracción parcial: El objetivo simplifica la lista de ejemplos de representaciones, omitiendo algunos tipos.",,
AU-TYE-au_ss_tye-p002-14,AU,au_ss_tye,2,Senior Secondary Earth and Environmental Science,especializacion,Explicar cómo las propiedades únicas del agua y su abundancia la convierten en un componente vital de los procesos del sistema terrestre.,Water’s unique properties... and its abundance at the surface of Earth make it an important component,CON:ciencias_tierra_espacio/sistemas-terrestres CON:ciencias_tierra_espacio/ciclo-del-agua CON:ciencias_tierra_espacio/hidrosfera-distribucion-del-agua,extracción parcial: El objetivo omite los ejemplos de las propiedades únicas del agua y los procesos.,,
AU-TYE-au_ss_tye-p003-01,AU,au_ss_tye,3,Senior Secondary Earth and Environmental Science,especializacion,"El conocimiento científico, como la tectónica de placas, se desarrolla y acepta con el tiempo a través del debate y la acumulación de evidencia.","His theory provoked much debate in scientific circles, because although there was some evidence of continental movement, there was no",CON:ciencias_tierra_espacio/tectonica-de-placas CON:ciencias_tierra_espacio/deriva-continental-y-expansion-del-fondo-oceanico,extracción parcial: agregado por el validador (completitud),,
AU-TYE-au_ss_tye-p003-02,AU,au_ss_tye,3,Senior Secondary Earth and Environmental Science,especializacion,"El desarrollo de tecnologías, como el GPS y los satélites, permite mediciones precisas y avanza el conocimiento científico, como en el movimiento de placas.","Development of satellite measurement techniques, particularly global positioning system (GPS) technologies, enables accurate measurement of plate movement",CON:ciencias_tierra_espacio/tectonica-de-placas CON:ciencias_tierra_espacio/exploracion-espacial,extracción parcial: agregado por el validador (completitud),,
AU-TYE-au_ss_tye-p003-03,AU,au_ss_tye,3,Senior Secondary Earth and Environmental Science,especializacion,"La evidencia para teorías científicas proviene de diversas fuentes, incluyendo patrones de rocas, fósiles, paleomagnetismo y geología marina.",Patterns in the distribution of rock types and fossil fragments occurring across various continents were provided as early evidence for,CON:ciencias_tierra_espacio/deriva-continental-y-expansion-del-fondo-oceanico CON:ciencias_tierra_espacio/registro-fosil-y-cambios-ambientales CON:ciencias_tierra_espacio/tectonica-de-placas,extracción parcial: agregado por el validador (completitud),,
AU-TYE-au_ss_tye-p003-05,AU,au_ss_tye,3,Senior Secondary Earth and Environmental Science,especializacion,"El movimiento de masas de aire por calentamiento y enfriamiento, junto con la rotación y revolución terrestre, causan la circulación atmosférica sistemática.","The movement of atmospheric air masses due to heating and cooling, and Earth’s rotation and revolution, cause systematic",CON:ciencias_tierra_espacio/radiacion-solar-y-balance-energetico CON:ciencias_tierra_espacio/rotacion-dia-y-noche CON:ciencias_tierra_espacio/traslacion-y-ano,extracción parcial: Omite que este es el mecanismo dominante para la transferencia de energía térmica.,,
AU-TYE-au_ss_tye-p003-07,AU,au_ss_tye,3,Senior Secondary Earth and Environmental Science,especializacion,La transferencia neta de energía solar a la superficie terrestre está influenciada por su paso a través de la atmósfera y por las características físicas de la superficie.,The net transfer of solar energy to Earth’s surface is influenced by its passage through the atmosphere,CON:ciencias_tierra_espacio/radiacion-solar-y-balance-energetico CON:ciencias_tierra_espacio/composicion-de-la-atmosfera CON:ciencias_tierra_espacio/efecto-invernadero,"extracción parcial: Omite los ejemplos específicos de la influencia atmosférica y de la superficie (ozono, albedo).",,
AU-TYE-au_ss_tye-p003-08,AU,au_ss_tye,3,Senior Secondary Earth and Environmental Science,especializacion,"Parte de la radiación térmica emitida por la Tierra es reflejada o dispersada por los gases de efecto invernadero, produciendo el efecto invernadero.",Most of the thermal radiation emitted from Earth’s surface passes back out into space but some is reflected,CON:ciencias_tierra_espacio/efecto-invernadero CON:ciencias_tierra_espacio/composicion-de-la-atmosfera CON:ciencias_tierra_espacio/radiacion-solar-y-balance-energetico,extracción parcial: Simplifica el proceso y omite que la mayor parte de la radiación escapa al espacio.,,
AU-TYE-au_ss_tye-p003-09,AU,au_ss_tye,3,Senior Secondary Earth and Environmental Science,especializacion,"La disponibilidad de energía y materia determina principalmente la capacidad de carga de un ecosistema, es decir, el número de organismos que puede soportar.",The availability of energy and matter are one of the main determinants of ecosystem carrying capacity,CON:ciencias_tierra_espacio/sistemas-terrestres,etiqueta de confianza baja: Concepto ecológico (capacidad de carga) que no encaja bien en el catálogo de geociencias.,,
AU-TYE-au_ss_tye-p003-10,AU,au_ss_tye,3,Senior Secondary Earth and Environmental Science,especializacion,La fotosíntesis transforma la energía solar en formas útiles para los seres vivos; la producción primaria neta describe la tasa de generación de nueva biomasa.,Photosynthesis is the principal mechanism for the transformation of energy from the sun into energy forms,CON:ciencias_tierra_espacio/ciclo-del-carbono,"extracción parcial: Omite que la fotosíntesis es el ""mecanismo principal"" y que la biomasa se genera ""principalmente"" así. | etiqueta de confianza baja: El enunciado trata sobre ecología y flujo de energía, conceptos no presentes en el catálogo.",,
AU-TYE-au_ss_tye-p003-11,AU,au_ss_tye,3,Senior Secondary Earth and Environmental Science,especializacion,"La energía no se crea ni se destruye, solo se transforma de una forma a otra y se transfiere entre objetos.","Energy is neither created nor destroyed, but can be transformed from one form to another",,"extracción parcial: Omite los ejemplos de formas de energía mencionados en el texto original. | etiqueta de confianza baja: El enunciado describe el principio de conservación de la energía, ausente en el catálogo.",,
AU-TYE-au_ss_tye-p003-13,AU,au_ss_tye,3,Senior Secondary Earth and Environmental Science,especializacion,Las transferencias y transformaciones de calor y energía gravitacional en el interior de la Tierra impulsan el movimiento de las placas tectónicas.,Transfers and transformations of heat and gravitational energy in Earth's interior drives the movement of tectonic plates,CON:ciencias_tierra_espacio/conveccion-del-manto-y-energia-interna CON:ciencias_tierra_espacio/tectonica-de-placas,extracción parcial: Omite los procesos específicos como la convección del manto y la formación de plumas.,,
AU-TYE-au_ss_tye-p004-08,AU,au_ss_tye,4,Senior Secondary Earth and Environmental Science,especializacion,Representar y analizar datos para identificar tendencias; discutir cómo el error de medición y el tamaño de la muestra influyen en la incertidumbre; y justificar conclusiones.,"Represent data in meaningful and useful ways; organise and analyse data to identify trends, patterns and relationships",,"extracción parcial: Omite la precisión instrumental, la naturaleza del procedimiento y el uso de evidencia.",,
AU-TYE-au_ss_tye-p004-17,AU,au_ss_tye,4,Senior Secondary Earth and Environmental Science,especializacion,"Comprender que el tipo, volumen y ubicación de los recursos minerales y energéticos influyen en los métodos de extracción (subterránea, a cielo abierto, perforación).","The type, volume and location of mineral and energy resources influences the methods of extraction",CON:ciencias_tierra_espacio/recursos-minerales-y-mineria CON:ciencias_tierra_espacio/combustibles-fosiles,extracción parcial: Omite los ejemplos específicos de métodos de extracción mencionados en el texto.,,
AU-TYE-au_ss_tye-p004-18,AU,au_ss_tye,4,Senior Secondary Earth and Environmental Science,especializacion,Identificar que los recursos se descubren mediante técnicas de teledetección y muestreo directo para determinar la extensión espacial del depósito y la calidad del recurso.,Mineral and energy resources are discovered using a variety of remote sensing techniques,CON:ciencias_tierra_espacio/recursos-minerales-y-mineria,extracción parcial: Omite los ejemplos específicos de técnicas de teledetección y muestreo directo.,,
AU-TYE-au_ss_tye-p005-09,AU,au_ss_tye,5,Senior Secondary Earth and Environmental Science,especializacion,"Analizar cómo la búsqueda de productividad agrícola para la seguridad alimentaria puede disminuir la diversidad genética, aumentando la vulnerabilidad de las especies.","a focus on farming high yield species, which may itself lead to a decrease in the genetic diversity of global",CON:ciencias_tierra_espacio/uso-y-degradacion-del-suelo,"extracción parcial: agregado por el validador (completitud) | etiqueta de confianza baja: Analiza el impacto de la agricultura en la diversidad genética, un tema muy específico.",,
AU-TYE-au_ss_tye-p005-10,AU,au_ss_tye,5,Senior Secondary Earth and Environmental Science,especializacion,"Analizar las críticas a los modelos de rendimiento máximo sostenible (MSY), que ignoran factores como edad, reproducción y efectos ecosistémicos más amplios.","MSY models have been criticised as they ignore the size and age of the animal being harvested, its reproductive status",CON:ciencias_tierra_espacio/conservacion-de-recursos-y-residuos CON:ciencias_tierra_espacio/sistemas-terrestres,extracción parcial: agregado por el validador (completitud) | etiqueta de confianza baja: Se enfoca en la crítica de modelos específicos de gestión de recursos no catalogados.,,
AU-TYE-au_ss_tye-p005-11,AU,au_ss_tye,5,Senior Secondary Earth and Environmental Science,especializacion,"Describir acciones globales para conservar la biodiversidad agrícola, como el Tratado Internacional sobre Recursos Fitogenéticos para la Alimentación y la Agricultura.",Global actions to maintain biodiversity of agricultural species include the International Treaty on Plant Genetic Resources for Food and Agriculture,CON:ciencias_tierra_espacio/conservacion-de-recursos-y-residuos,"extracción parcial: agregado por el validador (completitud) | etiqueta de confianza baja: Trata sobre políticas internacionales de conservación de la biodiversidad agrícola, un tema muy específico.",,
AU-TYE-au_ss_tye-p005-12,AU,au_ss_tye,5,Senior Secondary Earth and Environmental Science,especializacion,"Evaluar cómo determinar el valor económico de los servicios ecosistémicos, analizando sus beneficios y comparando costos de protección versus no protección.",Such a value could be determined from an analysis of the economic benefits that derive from ecosystems and biodiversity,CON:ciencias_tierra_espacio/recursos-renovables-y-no-renovables CON:ciencias_tierra_espacio/conservacion-de-recursos-y-residuos,"extracción parcial: agregado por el validador (completitud) | etiqueta de confianza baja: Se centra en la valoración económica de los servicios ecosistémicos, un concepto no catalogado.",,
AU-TYE-au_ss_tye-p005-13,AU,au_ss_tye,5,Senior Secondary Earth and Environmental Science,especializacion,"Explicar que el cálculo de cuotas de pesca sostenibles debe considerar la dinámica poblacional y del ecosistema, y los cambios en condiciones bióticas y abióticas.","calculation of these quotas needs to take account of the population dynamics of the species, ecosystem dynamics and the effects",CON:ciencias_tierra_espacio/conservacion-de-recursos-y-residuos CON:ciencias_tierra_espacio/sistemas-terrestres,extracción parcial: agregado por el validador (completitud),,
AU-TYE-au_ss_tye-p005-14,AU,au_ss_tye,5,Senior Secondary Earth and Environmental Science,especializacion,"Identificar los desafíos para calcular el valor de los servicios ecosistémicos, como la complejidad de la dinámica del ecosistema y la falta de datos.",reliable calculation of values is confounded by the complexity of ecosystem dynamics and the lack of data regarding how,CON:ciencias_tierra_espacio/recursos-renovables-y-no-renovables CON:ciencias_tierra_espacio/sistemas-terrestres,"extracción parcial: agregado por el validador (completitud) | etiqueta de confianza baja: Se enfoca en los desafíos de valorar los servicios ecosistémicos, un concepto no catalogado.",,
AU-TYE-au_ss_tye4-p002-01,AU,au_ss_tye4,2,Senior Secondary Earth and Environmental Science,especializacion,"Diversas evidencias apoyan que el cambio climático reciente es resultado de actividades humanas, aunque existe debate sobre la magnitud.",A range of evidence has been put forward... in support of recent climate change occurring as a result of human activities,CON:ciencias_tierra_espacio/causas-del-cambio-climatico CON:ciencias_tierra_espacio/calentamiento-global,extracción parcial: agregado por el validador (completitud),,
AU-TYE-au_ss_tye4-p002-02,AU,au_ss_tye4,2,Senior Secondary Earth and Environmental Science,especializacion,La teledetección y el análisis de núcleos de hielo proveen datos que se interpretan con modelos climáticos y simulaciones por computadora.,Remote sensing technologies and ice core analysis have provided data which is interpreted using climate models and computer simulations,CON:ciencias_tierra_espacio/causas-del-cambio-climatico,extracción parcial: agregado por el validador (completitud),,
AU-TYE-au_ss_tye4-p002-03,AU,au_ss_tye4,2,Senior Secondary Earth and Environmental Science,especializacion,Acuerdos como el Protocolo de Kioto y el IPCC buscan un compromiso global para reducir significativamente las emisiones de gases de efecto invernadero.,The United Nations Kyoto Protocol and the establishment of the Intergovernmental Panel on Climate Change aim to secure global commitment,CON:ciencias_tierra_espacio/causas-del-cambio-climatico CON:ciencias_tierra_espacio/efecto-invernadero,extracción parcial: agregado por el validador (completitud),,
AU-TYE-au_ss_tye4-p002-04,AU,au_ss_tye4,2,Senior Secondary Earth and Environmental Science,especializacion,"Las decisiones sobre acciones de mitigación dependen de la percepción del riesgo y reflejan valores sociales, económicos y éticos.","Decisions about actions to mitigate this effect depend on the perception of risk... and reflect their social, economic and ethical values",CON:ciencias_tierra_espacio/riesgo-y-vulnerabilidad CON:ciencias_tierra_espacio/causas-del-cambio-climatico,extracción parcial: agregado por el validador (completitud),,
AU-TYE-au_ss_tye4-p002-10,AU,au_ss_tye4,2,Senior Secondary Earth and Environmental Science,especializacion,Los modelos climáticos tienen dificultades para hacer predicciones fiables en sistemas complejos donde pequeños cambios pueden tener grandes efectos.,models will always struggle to make reliable predictions for systems in which small changes can have large effects,CON:ciencias_tierra_espacio/sistemas-terrestres CON:ciencias_tierra_espacio/causas-del-cambio-climatico CON:ciencias_tierra_espacio/interaccion-oceano-atmosfera,extracción parcial: agregado por el validador (completitud),,
EE-BIO-ee_basic-p013-01,EE,ee_basic,13,"Escuela básica, III etapa (grados 7–9)",nucleo,"Adoptar una actitud responsable hacia el entorno vivo, valorando la biodiversidad, los estilos de vida sostenibles y los principios del desarrollo sostenible.","take a responsible attitude towards the living environment, valuing biodiversity",CON:biologia/biodiversidad CON:biologia/sostenibilidad-de-la-biosfera CON:biologia/conservacion-de-la-biodiversidad CON:biologia/impacto-humano-en-los-ecosistemas,"extracción parcial: Omite la palabra ""responsables"" al describir los estilos de vida.",,
EE-BIO-ee_basic-p013-02,EE,ee_basic,13,"Escuela básica, III etapa (grados 7–9)",nucleo,"Explicar los procesos fundamentales de la naturaleza viva, las relaciones entre organismos y su entorno, utilizando el vocabulario biológico correcto.","explain the fundamental processes of living nature, relations between organisms",CON:biologia/factores-bioticos-y-abioticos CON:biologia/niveles-de-organizacion-ecologica,"extracción parcial: Simplifica ""conexiones con el entorno no vivo"" a solo ""su entorno"". | etiqueta de confianza baja: Enunciado muy general sobre explicar procesos y relaciones biológicas, demasiado amplio para ser específico.",,
EE-BIO-ee_basic-p013-04,EE,ee_basic,13,"Escuela básica, III etapa (grados 7–9)",nucleo,Utilizar los conocimientos de biología y el método científico natural para resolver problemas de la vida cotidiana y tomar decisiones fundamentadas.,use knowledge of biology and the natural scientific method to,,"etiqueta de confianza baja: Enunciado metacognitivo sobre la aplicación del conocimiento y método científico, sin contenido específico.",,
EE-BIO-ee_basic-p014-01,EE,ee_basic,14,"Escuela básica, III etapa (grados 7–9)",nucleo,Analizar la necesidad de conocimientos y habilidades biológicas en la vida cotidiana y en diferentes profesiones.,analyse the necessity of biology-related knowledge and skills in everyday life and different professions,,"etiqueta de confianza baja: Enunciado sobre la relevancia de la biología, no enseña conceptos biológicos concretos.",,
EE-BIO-ee_basic-p014-09,EE,ee_basic,14,"Escuela básica, III etapa (grados 7–9)",nucleo,Explicar la mejora de los vertebrados en el curso de la evolución.,explain the improvement of vertebrates in the course of evolution,CON:biologia/historia-de-la-vida-en-la-tierra CON:biologia/seleccion-natural CON:biologia/especiacion-y-macroevolucion CON:biologia/evidencias-de-la-evolucion CON:biologia/grupos-de-vertebrados,"etiqueta de confianza baja: Enseña sobre evolución y selección natural en vertebrados, pero usa el término problemático ""mejora"".",,
EE-BIO-ee_basic-p014-14,EE,ee_basic,14,"Escuela básica, III etapa (grados 7–9)",nucleo,Adquirir una visión general de las profesiones relacionadas con la biología y utilizar estos conocimientos y habilidades en la elección de carrera.,"have acquired an overview of professions connected to biology, use biology-related knowledge and skills in making career choices",,"etiqueta de confianza baja: El enunciado se enfoca en la orientación vocacional, no en conceptos biológicos del catálogo.",,
EE-BIO-ee_basic-p014-16,EE,ee_basic,14,"Escuela básica, III etapa (grados 7–9)",nucleo,"Valorar el entorno natural, interesarse por la biología, comprender el papel de la creatividad y la innovación en la ciencia y su importancia cotidiana.","value the natural environment as part of culture, take an interest in biology and other natural sciences",CON:biologia/sostenibilidad-de-la-biosfera,etiqueta de confianza baja: Es un enunciado actitudinal sobre el valor de la biología y la naturaleza de la ciencia.,,
EE-BIO-ee_basic-p015-01,EE,ee_basic,15,"Escuela básica, III etapa (grados 7–9)",nucleo,Analizar el papel de las plantas para garantizar la sostenibilidad de la naturaleza y en las actividades humanas.,analyse the role of plants in ensuring the sustainability of nature as a complete system and in human activities,CON:biologia/sostenibilidad-de-la-biosfera CON:biologia/plantas-y-animales-utiles-al-ser-humano CON:biologia/productores-consumidores-descomponedores,extracción parcial: Omite que la naturaleza es un sistema completo y la instrucción de dar ejemplos.,,
EE-BIO-ee_basic-p015-02,EE,ee_basic,15,"Escuela básica, III etapa (grados 7–9)",nucleo,Analizar la coherencia entre estructura y función de los órganos de las plantas con flores y correlacionarla con sus procesos.,"analyse the consistency between the structure and function of the organs of flowering plants, correlate it",CON:biologia/partes-de-la-planta-y-sus-funciones CON:biologia/grupos-de-plantas CON:biologia/tejidos-vegetales,extracción parcial: Omite los procesos con los que se debe correlacionar la estructura y función.,,
EE-BIO-ee_basic-p015-03,EE,ee_basic,15,"Escuela básica, III etapa (grados 7–9)",nucleo,"Analizar las ventajas de la reproducción sexual y asexual, comparar diferentes medios de reproducción, polinización y distribución.","analyse the advantages of sexual and asexual reproduction on the example of different plants, compare different means",CON:biologia/reproduccion-de-plantas-con-flor CON:biologia/reproduccion-sexual-y-asexual CON:biologia/ciclo-de-vida-de-las-plantas,extracción parcial: Omite que se debe hacer con ejemplos de plantas y dar ejemplos de los medios.,,
EE-BIO-ee_basic-p015-07,EE,ee_basic,15,"Escuela básica, III etapa (grados 7–9)",nucleo,"Analizar el papel de hongos y líquenes en la naturaleza y actividades humanas, valorándolos como partes esenciales.",analyse the role of fungi and lichen in nature and human activities and give examples of this,CON:biologia/reinos-de-los-seres-vivos CON:biologia/plantas-y-animales-utiles-al-ser-humano CON:biologia/productores-consumidores-descomponedores CON:biologia/simbiosis,extracción parcial: Omite la instrucción de dar ejemplos.,,
EE-BIO-ee_basic-p015-10,EE,ee_basic,15,"Escuela básica, III etapa (grados 7–9)",nucleo,"Describir la diversidad de estructura y función de grupos de hongos y líquenes, explicando el parasitismo y la simbiosis.",describe and give examples of the diversity of the structure and function of different fungal groups and lichens,CON:biologia/reinos-de-los-seres-vivos CON:biologia/simbiosis CON:biologia/microorganismos,extracción parcial: Omite que se deben dar ejemplos y explicar la importancia del parasitismo y simbiosis.,,
EE-BIO-ee_basic-p015-12,EE,ee_basic,15,"Escuela básica, III etapa (grados 7–9)",nucleo,"Analizar el papel de diferentes invertebrados en la naturaleza y las actividades humanas, valorándolos como parte importante.","analyse the role of different invertebrates in nature and human activities, valuing invertebrates as an important part",CON:biologia/invertebrados-e-insectos CON:biologia/plantas-y-animales-utiles-al-ser-humano CON:biologia/productores-consumidores-descomponedores,extracción parcial: Omite la instrucción de dar ejemplos y el matiz 'de la naturaleza viva'.,,
EE-BIO-ee_basic-p015-13,EE,ee_basic,15,"Escuela básica, III etapa (grados 7–9)",nucleo,Analizar los beneficios del unisexualismo y hermafroditismo en invertebrados y explicar la metamorfosis completa o parcial.,analyse the benefits of unisexualism and hermaphroditism in different groups of invertebrates and explain and give examples,CON:biologia/ciclo-de-vida-de-los-animales CON:biologia/reproduccion-sexual-y-asexual CON:biologia/invertebrados-e-insectos,extracción parcial: Omite el contexto de 'diferentes grupos de invertebrados' y la instrucción de dar ejemplos.,,
EE-BIO-ee_basic-p015-14,EE,ee_basic,15,"Escuela básica, III etapa (grados 7–9)",nucleo,Comparar la estructura de invertebrados y vertebrados y las características de los grupos más importantes de invertebrados.,compare the structure of invertebrates and vertebrates and the characteristics of the most important groups of invertebrates,CON:biologia/grupos-de-vertebrados CON:biologia/invertebrados-e-insectos CON:biologia/clasificacion-de-seres-vivos-por-rasgos,extracción parcial: Omite la instrucción de dar ejemplos de los grupos de animales correspondientes.,,
EE-BIO-ee_basic-p015-15,EE,ee_basic,15,"Escuela básica, III etapa (grados 7–9)",nucleo,"Explicar la importancia de cambiar el organismo huésped, la fuente de alimento y el área de vida en parásitos.","explain the importance of changing the host organism, food source and living area during the development of parasitic organisms",CON:biologia/simbiosis CON:biologia/habitat-y-ecosistemas-comunes CON:biologia/transmision-de-patogenos,extracción parcial: Omite el contexto del desarrollo de parásitos y la instrucción de dar ejemplos.,,
EE-BIO-ee_basic-p015-16,EE,ee_basic,15,"Escuela básica, III etapa (grados 7–9)",nucleo,"Relacionar la estructura externa y la adaptabilidad de diferentes animales invertebrados para moverse, respirar, alimentarse y navegar.","relate the external structure and adaptability of different invertebrate animals to move, breathe, feed and navigate",CON:biologia/adaptaciones-estructurales CON:biologia/invertebrados-e-insectos CON:biologia/estructuras-del-cuerpo-y-su-funcion CON:biologia/intercambio-de-gases-en-animales,extracción parcial: Omite que la navegación se relaciona con el hábitat de los animales.,,
EE-BIO-ee_basic-p016-04,EE,ee_basic,16,"Escuela básica, III etapa (grados 7–9)",nucleo,"Analizar las relaciones entre organismos en un ecosistema, comprender los procesos naturales y evaluar los impactos humanos en las poblaciones y la supervivencia de los ecosistemas.","analyse the relationships between organisms in an ecosystem, understand the processes occurring in living nature",CON:biologia/impacto-humano-en-los-ecosistemas CON:biologia/factores-limitantes-de-poblaciones CON:biologia/redes-troficas,etiqueta de confianza baja: Es muy amplio; abarca interacciones ecológicas y culmina en la evaluación del impacto humano.,,
EE-BIO-ee_basic-p016-09,EE,ee_basic,16,"Escuela básica, III etapa (grados 7–9)",nucleo,Dar ejemplos de la distribución de bacterias y protozoos en distintos hábitats y evaluar la importancia de su rápida reproducción y formación de esporas.,give examples of the distribution of bacteria and protozoa in different habitats... assess the importance,CON:biologia/microorganismos CON:biologia/crecimiento-poblacional CON:biologia/habitat-y-ecosistemas-comunes CON:biologia/reproduccion-sexual-y-asexual,extracción parcial: Omite detalles como los hábitats aeróbicos/anaeróbicos y el contexto de la propagación bacteriana.,,
EE-BIO-ee_basic-p016-20,EE,ee_basic,16,"Escuela básica, III etapa (grados 7–9)",nucleo,"Analizar la concordancia entre estructura y función de la piel en sus roles táctil, protector, termorregulador y excretor, valorando un estilo de vida saludable.","analyse the accordance of the structure and function of skin when fulfilling tactile, protective, thermoregulatory",CON:biologia/estructuras-del-cuerpo-y-su-funcion CON:biologia/organos-de-los-sentidos CON:biologia/sistema-excretor CON:biologia/termorregulacion,"etiqueta de confianza baja: Analiza las múltiples funciones de la piel y su cuidado, abarcando demasiados sistemas.",,
EE-BIO-ee_basic-p017-02,EE,ee_basic,17,"Escuela básica, III etapa (grados 7–9)",nucleo,Dar ejemplos de campos de la ingeniería genética y evaluar las posibilidades de modificación genética de organismos basándose en puntos de vista científicos.,give examples of the fields of activity of genetic engineering and assess the possibilities of genetic modification,CON:biologia/ingenieria-genetica CON:biologia/biotecnologia-microbiana CON:biologia/biotecnologia-vegetal,extracción parcial: Omite que la evaluación debe basarse también en 'otros puntos de vista válidos'.,,
EE-BIO-ee_basic-p017-17,EE,ee_basic,17,"Escuela básica, III etapa (grados 7–9)",nucleo,Asociar los cambios anatómicos del cuerpo específicos de la edad con los cambios funcionales.,associate age-specific anatomical changes in the body with functional changes.,CON:biologia/ciclo-de-vida-de-los-animales CON:biologia/estructuras-del-cuerpo-y-su-funcion CON:biologia/reproduccion-humana-y-pubertad,"etiqueta de confianza baja: Enunciado muy vago; se interpreta como el ciclo de vida, incluyendo desarrollo y envejecimiento.",,
EE-BIO-ee_basic-p024-04,EE,ee_basic,24,"Escuela básica, III etapa (grados 7–9)",nucleo,"Comparar la producción agrícola y ganadera, y el impacto ambiental de la producción a pequeña y gran escala.",compare production in different plant cultivation and livestock farms,CON:biologia/agricultura-y-seguridad-alimentaria CON:biologia/impacto-humano-en-los-ecosistemas CON:biologia/sostenibilidad-de-la-biosfera,"extracción parcial: Omite la mención específica a los ""cambios en los paisajes"".",,
EE-BIO-ee_gym-p006-03,EE,ee_gym,6,"Gymnasium, cursos obligatorios",nucleo,"Tener una visión sistemática de las tendencias de desarrollo de la biología moderna y profesiones relacionadas, utilizando conocimientos y habilidades biológicas en la elección de carrera.",on omandanud süsteemse ülevaate nüüdisaja bioloogia arengusuundadest,,"etiqueta de confianza baja: Enunciado muy general sobre la biología como campo profesional, sin conceptos biológicos específicos.",,
EE-BIO-ee_gym-p006-04,EE,ee_gym,6,"Gymnasium, cursos obligatorios",nucleo,"Tener una visión sistemática de los principales objetos y procesos de la naturaleza viva, las relaciones entre organismos y el entorno inanimado, utilizando vocabulario biológico correcto.",on omandanud süsteemse ülevaate eluslooduse peamistest objektidest ja protsessidest,CON:biologia/factores-bioticos-y-abioticos CON:biologia/niveles-de-organizacion-ecologica,etiqueta de confianza baja: Enunciado muy general; la parte más concreta se refiere a las relaciones ecológicas básicas.,,
EE-BIO-ee_gym-p006-07,EE,ee_gym,6,"Gymnasium, cursos obligatorios",nucleo,"Valorar los conocimientos y habilidades biológicas como componentes clave de la ciencia, tecnología e ingeniería modernas, comprendiendo el papel de la creatividad, la innovación, sus interrelaciones, límites y riesgos.",väärtustab bioloogiateadmisi ja -oskusi ning hoiakuid nüüdisaja loodusteaduste,,"etiqueta de confianza baja: Enunciado abstracto sobre la naturaleza de la ciencia, sus límites y su relación con la tecnología.",,
EE-BIO-ee_gym-p007-11,EE,ee_gym,7,"Gymnasium, cursos obligatorios",nucleo,Evalúa el papel de la regulación genética en las etapas de la ontogenia humana y valora el impacto ambiental.,hindab geeniregulatsiooni osa inimese ontogeneesi eri etappidel ning väärtustab elukeskkonna mõju geeniregulatsioonile,CON:biologia/diferenciacion-y-especializacion-celular CON:biologia/regulacion-de-la-expresion-genica CON:biologia/fecundacion-y-desarrollo-embrionario CON:biologia/genotipo-y-fenotipo,extracción parcial: Omite que el impacto ambiental se valora en relación con la regulación genética.,,
EE-BIO-ee_gym-p008-18,EE,ee_gym,8,"Gymnasium, cursos obligatorios",nucleo,Analiza el papel de la actividad humana en la extinción de especies y adopta una actitud responsable hacia el medio ambiente.,analüüsib inimtegevuse osa liikide hävimises ning suhtub vastutustundlikult enda tegevusesse looduskeskkonnas,CON:biologia/extincion-de-especies CON:biologia/impacto-humano-en-los-ecosistemas CON:biologia/amenazas-a-la-biodiversidad CON:biologia/conservacion-de-la-biodiversidad,"extracción parcial: Combina un objetivo cognitivo con uno actitudinal, que debe ser excluido.",,
EE-BIO-ee_gym-p009-03,EE,ee_gym,9,"Gymnasium, cursos obligatorios",nucleo,"Reconocer las interrelaciones entre naturaleza, tecnología y sociedad, y justificar la importancia del desarrollo sostenible a varios niveles.","teadvustab looduse, tehnoloogia ja ühiskonna vastastikuseid seoseid ning põhjendab",CON:biologia/sostenibilidad-de-la-biosfera CON:biologia/amenazas-a-la-biodiversidad CON:biologia/impacto-humano-en-los-ecosistemas,extracción parcial: Omite la parte sobre reconocer la importancia de la transición verde.,,
EE-BIO-ee_gym_ele-p029-03,EE,ee_gym_ele,29,"Gymnasium, electivos de ciencias",especializacion,Explicar las funciones de los organismos y los fenómenos ecológicos basándose en los canales de información química.,selgitab keemiliste infokanalite alusel organismide talitlusi ja ökoloogilisi nähtusi.,CON:biologia/sistema-endocrino-y-hormonas CON:biologia/impulso-nervioso-y-sinapsis CON:biologia/relaciones-intraespecificas,"etiqueta de confianza baja: El enunciado es vago, usando el término ""canales de información química"" sin especificar contexto.",,
EE-BIO-ee_gym_ele-p029-05,EE,ee_gym_ele,29,"Gymnasium, electivos de ciencias",especializacion,"Integrar los conocimientos adquiridos en los cursos de física, química y biología sobre la estructura y función de los organismos vivos.","lõimib oma teadmiste tasandil füüsika-, keemia- ja bioloogiakursuses õpitut elusorganismide ehituse ning talitluse kohta;",CON:biologia/biomoleculas CON:biologia/la-celula-unidad-de-la-vida CON:biologia/atp-y-energia-celular CON:biologia/membrana-celular CON:biologia/niveles-de-organizacion,"etiqueta de confianza baja: Es un objetivo de integración muy general, no enseña un concepto biológico específico.",,
EE-BIO-ee_gym_ele-p030-04,EE,ee_gym_ele,30,"Gymnasium, electivos de ciencias",especializacion,"Describir la información química a nivel celular (ATP/AMP, neurotransmisores), de organismo (hormonas), intraespecífica (feromonas) e interespecífica (alelomonas).","Keemiline info looduses raku tasandil (ATP/AMP näitel, virgatsained jne), organismi tasandil (hormoonid, virgatsained)",CON:biologia/impulso-nervioso-y-sinapsis CON:biologia/sistema-endocrino-y-hormonas CON:biologia/atp-y-energia-celular CON:biologia/relaciones-intraespecificas,etiqueta de confianza baja: Agrupa diversos ejemplos de señalización química sin un concepto unificador claro en el catálogo.,,
EE-BIO-ee_gym_ele-p042-01,EE,ee_gym_ele,42,"Gymnasium, electivos de ciencias",especializacion,Analizar la conexión entre la biología aplicada y la vida cotidiana personal.,analüüsib rakendusbioloogia seost isikliku igapäevaeluga;,,"etiqueta de confianza baja: Enunciado muy general sobre la relevancia de la biología, sin contenido conceptual específico.",,
EE-BIO-ee_gym_ele-p042-03,EE,ee_gym_ele,42,"Gymnasium, electivos de ciencias",especializacion,Explicar las conexiones entre la investigación biológica básica y la aplicada.,selgitab bioloogia alus- ja rakendusuuringute seoseid;,,"etiqueta de confianza baja: Enunciado sobre la naturaleza de la ciencia, no sobre un contenido biológico concreto.",,
EE-BIO-ee_gym_ele-p042-04,EE,ee_gym_ele,42,"Gymnasium, electivos de ciencias",especializacion,Relacionar la biología aplicada con la biología general y otras ciencias naturales.,seostab rakendusbioloogiat bioloogiaga ja teiste loodusteadustega;,,"etiqueta de confianza baja: Enunciado muy general sobre la relación entre disciplinas, sin contenido biológico específico.",,
EE-BIO-ee_gym_ele-p043-04,EE,ee_gym_ele,43,"Gymnasium, electivos de ciencias",especializacion,Resolver dilemas y problemas éticos relacionados con la tecnología celular y embrionaria.,lahendab raku- ja embrüotehnoloogiaga seotud dilemmaprobleeme;,CON:biologia/fecundacion-y-desarrollo-embrionario,"extracción parcial: Añade ""y problemas éticos"", que no está explícito en el texto original.",,
EE-BIO-ee_gym_ele-p043-05,EE,ee_gym_ele,43,"Gymnasium, electivos de ciencias",especializacion,Adquirir una visión general de las tendencias de desarrollo de la biología aplicada en Estonia y las profesiones relacionadas con este campo.,on omandanud ülevaate rakendusbioloogia arengusuundadest Eestis ning valdkonnaga seotud elukutsetest.,,"etiqueta de confianza baja: Enunciado enfocado en orientación profesional y contexto local, no en conceptos biológicos universales.",,
EE-FIS-ee_basic-p012-03,EE,ee_basic,12,"Escuela básica, III etapa (grados 7–9)",nucleo,Considerar la idoneidad de sus intereses y habilidades para continuar estudios en especialidades de ciencias naturales o tecnología.,consider the suitability of their interests and abilities for continuing,,"etiqueta de confianza baja: El enunciado es sobre orientación vocacional, no sobre conceptos o prácticas científicas.",,
EE-FIS-ee_basic-p012-10,EE,ee_basic,12,"Escuela básica, III etapa (grados 7–9)",nucleo,"Explicar cómo los sólidos conservan su forma, los líquidos su fluidez y los gases su volatilidad mediante la interacción de partículas.","explain how solids retain their shape and hardness, liquids their",CON:fisica/estados-materia CON:fisica/modelo-particulas,"extracción parcial: Omite la propiedad de ""dureza"" (hardness) de los sólidos mencionada en el texto.",,
EE-FIS-ee_basic-p012-13,EE,ee_basic,12,"Escuela básica, III etapa (grados 7–9)",nucleo,"Relacionar la transferencia de calor y conversión de energía con procesos naturales y cotidianos, dando ejemplos de la ley de conservación de la energía.",relate the phenomena of heat transfer and energy conversion to,CON:fisica/conservacion-energia CON:fisica/transformaciones-energia CON:fisica/mecanismos-transferencia-calor,"extracción parcial: Omite la mención de dar ejemplos de la ""validez"" de la ley.",,
EE-FIS-ee_basic-p018-01,EE,ee_basic,18,"Escuela básica, III etapa (grados 7–9)",nucleo,Aplicar fórmulas para la descripción cuantitativa de fenómenos físicos y las propiedades de los cuerpos.,applying formulas for the quantitative description of physical phenomena,,"etiqueta de confianza baja: Es una habilidad matemática general aplicada a la física, no enseña un concepto específico.",,
EE-FIS-ee_basic-p018-02,EE,ee_basic,18,"Escuela básica, III etapa (grados 7–9)",nucleo,Comprender los modelos importantes en física.,understanding important models in physics;,,etiqueta de confianza baja: Es demasiado vago; no especifica qué modelos físicos se deben comprender.,,
EE-FIS-ee_basic-p018-03,EE,ee_basic,18,"Escuela básica, III etapa (grados 7–9)",nucleo,"Preparar gráficos, dibujos y diagramas para describir fenómenos físicos y analizar la información presentada en ellos.","preparing graphs, drawings and diagrams for describing physical phenomena",,extracción parcial: Combina la preparación de gráficos (punto 3) con el análisis de información (punto 4).,,
EE-FIS-ee_basic-p019-02,EE,ee_basic,19,"Escuela básica, III etapa (grados 7–9)",nucleo,Explicar y fundamentar los fenómenos físicos y las propiedades de los cuerpos basándose en modelos físicos.,explaining and giving reasons for physical phenomena and the properties,,"etiqueta de confianza baja: Es una habilidad general de explicación basada en modelos, sin especificar fenómenos o modelos.",,
EE-FIS-ee_basic-p019-17,EE,ee_basic,19,"Escuela básica, III etapa (grados 7–9)",nucleo,"Describir la transmisión de presión en fluidos (ley de Pascal), realizar un experimento sobre flotabilidad y explicar sus resultados.",describe the transmission of pressure in gases and liquids,CON:fisica/principio-arquimedes CON:fisica/principio-pascal CON:fisica/presion-hidrostatica,"etiqueta de confianza baja: Mezcla dos temas distintos, el principio de Pascal y el de Arquímedes (flotabilidad).",,
EE-FIS-ee_basic-p019-24,EE,ee_basic,19,"Escuela básica, III etapa (grados 7–9)",nucleo,"Explicar los conceptos de trabajo mecánico, energía mecánica (potencial y cinética), potencia y eficiencia.","explain the concept of mechanical work, mechanical energy",CON:fisica/formas-energia CON:fisica/trabajo-mecanico CON:fisica/energia-cinetica CON:fisica/energia-potencial-gravitatoria CON:fisica/potencia-mecanica,"etiqueta de confianza baja: Enumera una larga lista de conceptos clave sobre trabajo, energía, potencia y eficiencia.",,
EE-FIS-ee_basic-p020-02,EE,ee_basic,20,"Escuela básica, III etapa (grados 7–9)",nucleo,"Conocer conceptos de carga, campo, corriente, conductores y aislantes, y aplicarlos para explicar fenómenos naturales.","know the concepts of electric charge, elementary charge, electric charge of the body, electric field",CON:fisica/campo-electrico CON:fisica/carga-electrica-electrizacion CON:fisica/conductores-aislantes-electricos CON:fisica/corriente-voltaje-resistencia,"extracción parcial: Omite conceptos específicos como carga elemental, carga del cuerpo y portadores libres.",,
EE-FIS-ee_basic-p020-09,EE,ee_basic,20,"Escuela básica, III etapa (grados 7–9)",nucleo,Explicar el propósito y las reglas de uso de aparatos eléctricos y equipos de medición eléctrica.,explain the purpose and rules of use of electrical appliances and electrical measuring equipment,CON:fisica/medicion-magnitudes-instrumentos CON:fisica/circuito-electrico-simple,"extracción parcial: Omite los ejemplos específicos de equipos de medición listados en el texto. | etiqueta de confianza baja: El enunciado es vago, abarcando el uso de aparatos y medidores eléctricos.",,
EE-FIS-ee_basic-p020-14,EE,ee_basic,20,"Escuela básica, III etapa (grados 7–9)",nucleo,"Aplicar fórmulas de cinemática, densidad, fuerza, presión, flotabilidad, trabajo, potencia y frecuencia al resolver problemas.",apply the following relationships when solving problem-solving tasks: v = s/t; ρ = m/v;,CON:fisica/segunda-ley-newton CON:fisica/trabajo-mecanico CON:fisica/densidad CON:fisica/presion CON:fisica/principio-arquimedes,etiqueta de confianza baja: El enunciado es una lista muy extensa y heterogénea de conceptos para aplicar fórmulas.,,
EE-FIS-ee_basic-p021-07,EE,ee_basic,21,"Escuela básica, III etapa (grados 7–9)",nucleo,Resolver y analizar tareas complejas en física térmica con contenido aplicable que pueda reducirse a tareas parciales.,solve and analyse complex tasks in thermal physics with applicable content that can be reduced,,etiqueta de confianza baja: Es una habilidad de resolución de problemas sin especificar los conceptos de física térmica.,,
EE-FIS-ee_basic-p025-01,EE,ee_basic,25,"Escuela básica, III etapa (grados 7–9)",nucleo,"Obtener una visión general de la gestión energética en el área local, Estonia y Europa, y los problemas relacionados.",have gained an overview of energy management in their home,CON:fisica/fuentes-energia-renovables,"etiqueta de confianza baja: Es un objetivo socio-científico sobre gestión energética, no un concepto físico específico.",,
EE-FIS-ee_gym-p010-01,EE,ee_gym,10,"Gymnasium, cursos obligatorios",nucleo,"Analizar de manera gráfica, analítica y estadística los conjuntos de datos obtenidos al medir parámetros físicos.","analüüsib graafiliselt, analüütiliselt ja statistiliselt füüsikaliste parameetrite mõõtmistel saadud",,etiqueta de confianza baja: Describe exclusivamente prácticas de análisis de datos sin especificar ningún contenido físico.,,
EE-FIS-ee_gym-p010-02,EE,ee_gym,10,"Gymnasium, cursos obligatorios",nucleo,"Aplicar conocimientos de física y habilidades de proceso para resolver cuantitativamente problemas cotidianos y tecnológicos, y verificar la fiabilidad de la información.",rakendab omandatud füüsikateadmisi ning protsessioskusi igapäevaelu ja tehnoloogiaga seotud,,"etiqueta de confianza baja: Es una competencia general de aplicación y evaluación de información, sin contenido físico concreto.",,
EE-FIS-ee_gym-p010-03,EE,ee_gym,10,"Gymnasium, cursos obligatorios",nucleo,Comprender el papel de la física entre otras ciencias naturales y la importancia de las líneas de investigación interdisciplinarias en ciencia y tecnología.,mõistab füüsika rolli teiste loodusteaduste seas ning interdistsiplinaarsete uurimissuundade,,"etiqueta de confianza baja: Describe una comprensión sobre la naturaleza de la ciencia, no un concepto físico.",,
EE-FIS-ee_gym-p010-04,EE,ee_gym,10,"Gymnasium, cursos obligatorios",nucleo,Planificar y organizar de forma segura investigaciones para encontrar o verificar modelos físicos que describan fenómenos naturales.,kavandab ja korraldab ohutult uurimusi loodusnähtusi kirjeldavate füüsikaliste mudelite,,etiqueta de confianza baja: Se centra en las prácticas de planificación de investigaciones y uso de modelos.,,
EE-FIS-ee_gym-p010-05,EE,ee_gym,10,"Gymnasium, cursos obligatorios",nucleo,"Valorar la física como ciencia que investiga relaciones causales y comprender la importancia, desarrollo y limitaciones inevitables de los modelos científicos.","väärtustab füüsikat kui looduse põhjuslikke seoseid uurivat teadust, mõistab",,"etiqueta de confianza baja: Describe la comprensión de la naturaleza de la ciencia, causalidad y modelos científicos.",,
EE-FIS-ee_gym-p010-12,EE,ee_gym,10,"Gymnasium, cursos obligatorios",nucleo,Explicar la naturaleza del método científico y saber que la generalización de los resultados experimentales conduce a un modelo.,"selgitab loodusteadusliku meetodi olemust ja teab, et katsetulemusi üldistades",,"etiqueta de confianza baja: Es un enunciado sobre la naturaleza de la ciencia, no sobre un concepto físico específico.",,
EE-FIS-ee_gym-p011-11,EE,ee_gym,11,"Gymnasium, cursos obligatorios",nucleo,"Resuelve problemas aplicando fórmulas de conservación del momento, gravitación, leyes de Newton, trabajo, fricción, energía y ondas.",rakendab probleemülesandeid lahendades järgmisi seoseid: ∆(𝑚1𝑣⃗ 1 + 𝑚2 𝑣⃗ 2 ) = 0,CON:fisica/conservacion-momento-lineal CON:fisica/gravitacion-universal CON:fisica/conservacion-energia CON:fisica/segunda-ley-newton CON:fisica/trabajo-mecanico,etiqueta de confianza baja: El enunciado es una lista de múltiples temas de física sin un foco claro.,,
EE-FIS-ee_gym-p012-03,EE,ee_gym,12,"Gymnasium, cursos obligatorios",nucleo,Diseña y realiza un experimento para determinar el índice de refracción; describe cómo separar la luz en un espectro.,kavandab ja teeb katse läbipaistva aine murdumisnäitaja määramiseks,CON:fisica/color-dispersion-luz CON:fisica/refraccion-luz,extracción parcial: Omite la parte sobre describir la separación de la luz en un espectro.,,
EE-FIS-ee_gym-p012-07,EE,ee_gym,12,"Gymnasium, cursos obligatorios",nucleo,"Resuelve problemas aplicando fórmulas de corriente, fuerza de Coulomb, campo eléctrico, potencial, fuerza de Lorentz, flujo magnético, inducción y óptica.",rakendab probleemülesandeid lahendades järgmisi seoseid: 𝐼 = 𝑞 / 𝑡,CON:fisica/induccion-electromagnetica CON:fisica/ley-coulomb CON:fisica/campo-electrico CON:fisica/fuerza-lorentz CON:fisica/potencial-electrico,"etiqueta de confianza baja: El enunciado es una lista muy extensa de temas, lo que dificulta identificar un foco.",,
EE-FIS-ee_gym-p012-21,EE,ee_gym,12,"Gymnasium, cursos obligatorios",nucleo,"Resuelve problemas aplicando fórmulas de corriente, resistencia, ley de Ohm, trabajo eléctrico, potencia, energía cinética, gases ideales y termodinámica.",rakendab probleemülesandeid lahendades järgmisi seoseid: 𝐼 = 𝑞𝑛𝑣𝑆,CON:fisica/ley-ohm CON:fisica/teoria-cinetica-gases CON:fisica/energia-cinetica CON:fisica/potencia-electrica-joule CON:fisica/primera-ley-termodinamica,"etiqueta de confianza baja: El enunciado es una lista muy extensa de temas, lo que dificulta identificar un foco.",,
EE-FIS-ee_gym-p013-01,EE,ee_gym,13,"Gymnasium, cursos obligatorios",nucleo,"Analiza el gráfico de energía de enlace y número másico, y explica la liberación de energía en reacciones nucleares.",analüüsib eriseoseenergia ja massiarvu sõltuvuse graafikut ning selgitab tuumaenergia vabanemist,CON:fisica/energia-enlace-nuclear CON:fisica/fision-fusion-nuclear,extracción parcial: Omite que la liberación de energía se explica en reacciones de fisión y fusión.,,
EE-FIS-ee_gym-p013-02,EE,ee_gym,13,"Gymnasium, cursos obligatorios",nucleo,"Aplica relaciones matemáticas al resolver problemas, incluyendo ecuaciones de eficiencia, presión, efecto fotoeléctrico y equivalencia masa-energía.",rakendab probleemülesandeid lahendades järgmisi seoseid: 𝜑 = 𝑎 / 𝐴𝑡0 100%; 𝜎 = 𝐹𝑝 / 𝑙,CON:fisica/equivalencia-masa-energia CON:fisica/foton-efecto-fotoelectrico CON:fisica/disipacion-eficiencia CON:fisica/presion,extracción parcial: La paráfrasis interpreta incorrectamente una de las fórmulas como 'presión'. | etiqueta de confianza baja: Mezcla la aplicación matemática de varios conceptos de física sin un foco temático claro.,,
EE-FIS-ee_gym_ele-p031-01,EE,ee_gym_ele,31,"Gymnasium, electivos de ciencias",especializacion,"Analizar la electrónica de semiconductores: teoría de bandas, conductividad intrínseca/extrínseca, dopaje, unión pn, y dispositivos (diodos, LED, láseres, paneles solares, transistores, chips analógicos/digitales).","Pooljuhtelektroonika. Juhi, pooljuhi ja mittejuhi erinevused tsooniteoorias. Pooljuhtide omajuhtivus ja selle rakendused",CON:fisica/semiconductores-dispositivos,"extracción parcial: La paráfrasis omite varios dispositivos mencionados, como termistores, fotorresistores y detectores de radiación.",,
EE-FIS-ee_gym_ele-p031-10,EE,ee_gym_ele,31,"Gymnasium, electivos de ciencias",especializacion,"Describir las ondas elásticas: energía de deformación, oscilaciones, superposición, espectro, efecto Doppler en sonido, volumen, decibelios, ruido y protección contra el ruido.",Elastsuslained. Elastse deformatsiooni energia. Võnkumiste ja lainete energia. Võnkumiste liitumine. Võnkumiste spekter.,CON:fisica/ondas-mecanicas-tipos CON:fisica/sonido-como-onda CON:fisica/efecto-doppler CON:fisica/superposicion-interferencia CON:fisica/tono-volumen-sonido,"etiqueta de confianza baja: Agrupa una gran cantidad de conceptos sobre ondas mecánicas, sonido y sus características.",,
EE-FIS-ee_gym_ele-p031-12,EE,ee_gym_ele,31,"Gymnasium, electivos de ciencias",especializacion,Analizar los riesgos ambientales o personales asociados a las soluciones físico-tecnológicas y las posibilidades de minimizarlos.,analüüsib füüsikalis-tehnoloogiliste lahendustega kaasnevaid keskkonna- või personaalriske ja nende riskide minimeerimise võimalusi;,,"etiqueta de confianza baja: Enunciado general sobre evaluación de tecnologías, sin especificar conceptos físicos concretos.",,
EE-FIS-ee_gym_ele-p031-13,EE,ee_gym_ele,31,"Gymnasium, electivos de ciencias",especializacion,Analizar y tomar decisiones fundamentadas al resolver problemas de muestra físico-tecnológicos seleccionados.,analüüsib ja teeb põhjendatud otsuseid valitud füüsikalis-tehnoloogilisi näidisprobleeme lahendades;,,"etiqueta de confianza baja: Enunciado puramente procedimental sobre resolución de problemas, sin contenido físico específico.",,
EE-FIS-ee_gym_ele-p031-14,EE,ee_gym_ele,31,"Gymnasium, electivos de ciencias",especializacion,"Comprender la naturaleza y el papel en la sociedad de las ciencias físicas y tecnologías correspondientes, y su relación con las materias científicas escolares.",mõistab füüsikaliste loodusteaduste ning vastavate tehnoloogiate olemust ja kohta ühiskonnas ning suhestatust kooli,,"etiqueta de confianza baja: Enunciado sobre la naturaleza de la ciencia, no sobre un concepto físico específico.",,
EE-FIS-ee_gym_ele-p031-15,EE,ee_gym_ele,31,"Gymnasium, electivos de ciencias",especializacion,Describir la solución actual a un problema físico-tecnológico y analizar sus ventajas y desventajas.,kirjeldab mingi füüsikalis-tehnoloogilise probleemi parajasti kasutuses olevat lahendust ning analüüsib selle eeliseid ja puudusi;,,"etiqueta de confianza baja: Enunciado procedimental sobre el análisis de soluciones tecnológicas, sin especificar conceptos físicos.",,
EE-FIS-ee_gym_ele-p031-16,EE,ee_gym_ele,31,"Gymnasium, electivos de ciencias",especializacion,Identificar problemas físico-tecnológicos y sus posibles soluciones en situaciones de la vida cotidiana.,oskab leida füüsikalis-tehnoloogilisi probleeme ja nende lahendusteid argielu situatsioonidest;,,"etiqueta de confianza baja: Enunciado centrado en la habilidad de identificar problemas, sin contenido físico específico.",,
EE-FIS-ee_gym_ele-p031-17,EE,ee_gym_ele,31,"Gymnasium, electivos de ciencias",especializacion,Integrar los nuevos conocimientos tecnológicos con los conocimientos básicos de ciencias naturales adquiridos previamente en un todo coherente.,lõimib uued tehnoloogilised teadmised varem omandatud loodusteaduslike baasteadmistega ühtseks tervikuks;,,"etiqueta de confianza baja: Enunciado sobre el proceso de aprendizaje, no sobre un concepto físico o práctica.",,
EE-FIS-ee_gym_ele-p032-03,EE,ee_gym_ele,32,"Gymnasium, electivos de ciencias",especializacion,"Participar en actividades creativas como la creación de carteles, presentaciones, debates, juegos de rol y lluvia de ideas.","5) loovust arendavad tegevused: plakati loomine, arvutiesitluste koostamine, debatid ja rollimängud",,"etiqueta de confianza baja: Describe actividades de aula (comunicación, debate) sin especificar ningún contenido científico.",,
EE-FIS-ee_gym_ele-p032-06,EE,ee_gym_ele,32,"Gymnasium, electivos de ciencias",especializacion,"Trabajar en grupo para identificar, analizar y buscar soluciones a problemas físico-tecnológicos.","3) rühmatöö, et leida ja analüüsida füüsikalis-tehnoloogilisi probleeme ning otsida neile lahendusi;",,"etiqueta de confianza baja: Enunciado centrado en el trabajo colaborativo y la resolución de problemas, sin contenido.",,
EE-FIS-ee_gym_ele-p032-08,EE,ee_gym_ele,32,"Gymnasium, electivos de ciencias",especializacion,"Comprender dispositivos ópticos, propagación de la luz, reflexión total, guías de luz, resolución de sistemas ópticos y luz polarizada.",14. Optilised seadmed. Valguskiir. Valguse sirgjooneline levimine. Valguse täielik peegeldumine.,CON:fisica/ojo-instrumentos-opticos CON:fisica/reflexion-interna-total CON:fisica/difraccion-luz CON:fisica/polarizacion-luz CON:fisica/propagacion-rectilinea-sombras,"etiqueta de confianza baja: Agrupa muchos temas de óptica avanzada (instrumentos, reflexión total, polarización, resolución) de forma densa.",,
EE-FIS-ee_gym_ele-p044-05,EE,ee_gym_ele,44,"Gymnasium, electivos de ciencias",especializacion,Analizar problemas de muestra y tomar decisiones fundamentadas al momento de resolverlos.,analüüsib näidisprobleeme ja teeb põhjendatud otsuseid neid lahendades;,,"etiqueta de confianza baja: El enunciado describe una habilidad general de resolución de problemas, no un concepto físico.",,
EE-FIS-ee_gym_ele-p044-07,EE,ee_gym_ele,44,"Gymnasium, electivos de ciencias",especializacion,Describir la solución actual utilizada para un problema y analizar sus ventajas y desventajas.,kirjeldab mingi probleemi parajasti kasutatavat lahendust ning analüüsib selle eeliseid ja puudusi;,,etiqueta de confianza baja: El enunciado describe una habilidad de diseño y evaluación sin contexto físico específico.,,
EE-FIS-ee_gym_ele-p044-08,EE,ee_gym_ele,44,"Gymnasium, electivos de ciencias",especializacion,Encontrar problemas relacionados con la física del micromundo o la cosmología a partir de textos proporcionados.,oskab etteantud tekstidest leida mikromaailma füüsika või kosmoloogia probleeme;,,"etiqueta de confianza baja: El enunciado se centra en la práctica de formular preguntas, no en enseñar conceptos.",,
EE-QUI-ee_basic-p026-03,EE,ee_basic,26,"Escuela básica, III etapa (grados 7–9)",nucleo,"Observar, comprender y mostrar interés en fenómenos químicos en la vida cotidiana, el medio ambiente y las actividades humanas prácticas.","observe, understand and are interested in phenomena related to chemistry",CON:quimica/reaccion-quimica-y-evidencias CON:quimica/cambios-fisicos-y-quimicos,"etiqueta de confianza baja: Es una declaración de intenciones muy amplia, no un objetivo de aprendizaje conceptual específico.",,
EE-QUI-ee_basic-p026-05,EE,ee_basic,26,"Escuela básica, III etapa (grados 7–9)",nucleo,"Realizar cálculos basados en fórmulas y ecuaciones químicas, y en la composición de soluciones; evaluar su correspondencia con la realidad.",make calculations based on metabolic formulas and chemical equations,CON:quimica/estequiometria CON:quimica/composicion-porcentual-y-formulas CON:quimica/concentracion-de-disoluciones,"etiqueta de confianza baja: Agrupa diversos tipos de cálculos químicos (estequiometría, fórmulas, disoluciones) de forma general.",,
EE-QUI-ee_basic-p026-06,EE,ee_basic,26,"Escuela básica, III etapa (grados 7–9)",nucleo,Utilizar correctamente la terminología y los símbolos químicos; comprender y redactar textos relacionados con la química.,use chemistry terminology and symbols correctly; understand and prepare texts,CON:quimica/moleculas-y-formulas-quimicas CON:quimica/nomenclatura-inorganica,"etiqueta de confianza baja: Se refiere a la habilidad transversal de usar el lenguaje químico, no a un concepto.",,
EE-QUI-ee_basic-p027-11,EE,ee_basic,27,"Escuela básica, III etapa (grados 7–9)",nucleo,"Distinguir entre metales activos, moderadamente activos y poco activos según su posición en la serie de actividad.","distinguish between active, moderately active and low-active metals",CON:quimica/agentes-oxidantes-y-reductores CON:quimica/potenciales-de-electrodo,"extracción parcial: Omite la parte del objetivo que indica ""y estudiar la actividad de los metales"".",,
EE-QUI-ee_basic-p028-09,EE,ee_basic,28,"Escuela básica, III etapa (grados 7–9)",nucleo,"Evaluar lógicamente la validez de los resultados de cálculos químicos, sacar conclusiones y tomar decisiones basadas en ellos.","logically assess the validity of calculation results, draw conclusions and make decisions",,etiqueta de confianza baja: El enunciado es puramente procedimental y no enseña un concepto químico específico.,,
EE-QUI-ee_gym-p018-01,EE,ee_gym,18,"Gymnasium, cursos obligatorios",nucleo,Aplicar habilidades experimentales para estudiar propiedades de sustancias y usar sustancias de forma segura y sostenible en el laboratorio.,"rakendab omandatud katsetamisoskusi ainete omaduste ja looduse seaduspärasuste tundmaõppimiseks, kasutab säästlikult ja ohutult aineid",CON:quimica/propiedades-fisicas-y-quimicas CON:quimica/quimica-verde,"extracción parcial: Omite que las habilidades se usan para estudiar ""las regularidades de la naturaleza"". | etiqueta de confianza baja: Es una competencia general sobre laboratorio, seguridad y sostenibilidad, no un concepto específico.",,
EE-QUI-ee_gym-p018-02,EE,ee_gym,18,"Gymnasium, cursos obligatorios",nucleo,"Comprender la importancia de la química en el desarrollo de la sociedad, la tecnología moderna y la vida cotidiana.","mõistab keemia tähtsust ühiskonna arengus, tänapäeva tehnoloogias ja igapäevaelus",,"extracción parcial: Omite la primera parte del objetivo: ""sentir interés por la química"". | etiqueta de confianza baja: Es un objetivo actitudinal sobre la relevancia de la química, no enseña conceptos químicos.",,
EE-QUI-ee_gym-p018-04,EE,ee_gym,18,"Gymnasium, cursos obligatorios",nucleo,Tener una visión sistemática de los conceptos químicos y usar correctamente el vocabulario químico para explicar fenómenos naturales.,on omandanud süsteemse ülevaate keemia põhimõistetest... kasutab korrektselt keemiasõnavara looduses toimuva selgitamiseks,,"extracción parcial: Omite la mención a ""las regularidades de los procesos químicos"". | etiqueta de confianza baja: Es una competencia transversal sobre el uso del lenguaje químico, no un concepto específico.",,
EE-QUI-ee_gym-p018-05,EE,ee_gym,18,"Gymnasium, cursos obligatorios",nucleo,"Utilizar la tabla periódica, tabla de solubilidad y serie de actividad para buscar información química, analizándola y evaluándola críticamente.","kasutab keemiainfo leidmiseks keemiliste elementide perioodilisustabelit, lahustuvustabelit, metallide pingerida... analüüsib saadud teavet",CON:quimica/solubilidad CON:quimica/tabla-periodica CON:quimica/agentes-oxidantes-y-reductores CON:quimica/propiedades-periodicas,"extracción parcial: Omite la mención a ""otras fuentes de información"" como herramienta para buscar datos.",,
EE-QUI-ee_gym-p018-06,EE,ee_gym,18,"Gymnasium, cursos obligatorios",nucleo,Utilizar los conocimientos y habilidades adquiridos en química para la planificación de la carrera profesional.,kasutab keemias omandatud teadmisi ja oskusi karjääri plaanides.,,"etiqueta de confianza baja: Es un objetivo de orientación vocacional, no enseña ningún concepto o práctica científica.",,
EE-QUI-ee_gym-p018-11,EE,ee_gym,18,"Gymnasium, cursos obligatorios",nucleo,"Describir la formación de disoluciones, distinguir electrolitos fuertes, débiles y no electrolitos, e investigar y comparar sus propiedades.","kirjeldab lahuste teket ioonilise ja kovalentse sidemega ainetest, eristab tugevaid ja nõrku elektrolüüte ning mitteelektrolüüte, uurib ja võrdleb",CON:quimica/electrolitos CON:quimica/proceso-de-disolucion CON:quimica/iones,extracción parcial: Omite que la descripción es sobre disoluciones de sustancias iónicas y covalentes.,,
EE-QUI-ee_gym-p018-19,EE,ee_gym,18,"Gymnasium, cursos obligatorios",nucleo,Justificar el cambio de propiedades metálicas y no metálicas de los elementos del grupo A en la tabla periódica.,põhjendab A-rühmade elementide metallilisuse ja mittemetallilisuse muutumist perioodilisustabelis seoses aatomi ehituse muutumisega,CON:quimica/propiedades-periodicas CON:quimica/tabla-periodica,extracción parcial: Omite la causa del cambio que el alumno debe usar para justificarlo.,,
EE-QUI-ee_gym-p018-21,EE,ee_gym,18,"Gymnasium, cursos obligatorios",nucleo,Tener una idea general sobre el desarrollo histórico de la química.,on omandanud ettekujutuse keemia ajaloolisest arengust,CON:quimica/modelos-atomicos-historicos,etiqueta de confianza baja: Es muy vago; el desarrollo de modelos atómicos es un tema histórico central.,,
EE-QUI-ee_gym-p019-03,EE,ee_gym,19,"Gymnasium, cursos obligatorios",nucleo,"Compara propiedades químicas de hidrocarburos saturados, insaturados y aromáticos; formula ecuaciones de halogenación, hidrogenación e hidratación catalítica.","võrdleb küllastunud, küllastumata ja aromaatsete süsivesinike keemilisi omadusi, koostab lihtsamaid reaktsioonivõrrandeid alkaanide, alkeenide",CON:quimica/hidrocarburos-alifaticos CON:quimica/reacciones-organicas CON:quimica/ecuacion-quimica-y-balanceo CON:quimica/hidrocarburos-aromaticos,extracción parcial: Omite los tipos de hidrocarburos específicos para cada reacción mencionada en el documento.,,
EE-QUI-ee_gym_ele-p027-01,EE,ee_gym_ele,27,"Gymnasium, electivos de ciencias",especializacion,"Comprende las interacciones entre naturaleza, tecnología y sociedad, y entiende su impacto en el medio ambiente y el desarrollo sostenible.","mõistab looduse, tehnoloogia ja ühiskonna vastastikuseid seoseid ning saab aru nende mõjust elukeskkonnale",CON:quimica/quimica-verde CON:quimica/materiales-y-ambiente CON:quimica/polimeros-y-ambiente,"etiqueta de confianza baja: Enunciado muy general sobre ciencia, tecnología, sociedad y ambiente, sin conceptos químicos específicos.",,
EE-QUI-ee_gym_ele-p027-02,EE,ee_gym_ele,27,"Gymnasium, electivos de ciencias",especializacion,Identifica profesiones relacionadas con la química y aplica los conocimientos y habilidades adquiridos en la planificación de su carrera.,on omandanud ülevaate keemiaga seotud elukutsetest ning rakendab keemias omandatud teadmisi ja oskusi karjääri plaanides,,"etiqueta de confianza baja: No enseña conceptos químicos, se enfoca en la orientación profesional y planificación de carrera.",,
EE-QUI-ee_gym_ele-p027-03,EE,ee_gym_ele,27,"Gymnasium, electivos de ciencias",especializacion,"Resuelve problemas químicos mediante métodos científicos, aplicando el pensamiento lógico sistemático, el análisis, la deducción y la creatividad.","lahendab keemiaprobleeme teaduslike meetoditega, rakendades süsteemset loogilist mõtlemist, analüüsi- ja järelduste tegemise oskust",,"etiqueta de confianza baja: Describe competencias generales de resolución de problemas, no un contenido químico específico.",,
EE-QUI-ee_gym_ele-p027-04,EE,ee_gym_ele,27,"Gymnasium, electivos de ciencias",especializacion,"Toma decisiones fundamentadas en criterios científicos, económicos, éticos y legales, y evalúa las posibles consecuencias de sus acciones.","langetab kompetentseid otsuseid, tuginedes teaduslikele, majanduslikele, eetilis-moraalsetele seisukohtadele ja õigusaktidele, ning hindab oma tegevuse",,"etiqueta de confianza baja: Describe la competencia de toma de decisiones informadas, sin especificar contenido químico.",,
EE-QUI-ee_gym_ele-p027-09,EE,ee_gym_ele,27,"Gymnasium, electivos de ciencias",especializacion,Adquiere una comprensión profunda de los conceptos básicos de la química y de los principios generales de los procesos químicos.,on omandanud sügavama arusaama keemia põhimõistetest ja keemiliste protsesside üldistest seaduspärasustest;,,"extracción parcial: agregado por el validador (completitud) | etiqueta de confianza baja: Es una declaración de intenciones, no un contenido curricular concreto y evaluable.",,
EE-QUI-ee_gym_ele-p029-03,EE,ee_gym_ele,29,"Gymnasium, electivos de ciencias",especializacion,Reconocer las biomoléculas estudiadas a partir de sus fórmulas estructurales y representar su estructura química mediante esquemas simplificados.,tunneb struktuurivalemite põhjal ära tähtsamad õpitud biomolekulid ja vastupidi ning esitab,CON:quimica/aminoacidos-y-proteinas CON:quimica/quimica-de-los-carbohidratos CON:quimica/quimica-de-los-acidos-nucleicos CON:quimica/quimica-de-los-lipidos,"etiqueta de confianza baja: Se enfoca en reconocer y representar estructuras de biomoléculas, pero es vago sobre cuáles.",,
EE-QUI-ee_gym_ele-p030-01,EE,ee_gym_ele,30,"Gymnasium, electivos de ciencias",especializacion,"Conocer la fisicoquímica de la vida: equilibrio químico y estacionario, entropía, naturaleza física de la vida y problemas sobre el origen de la vida.","Elu füüsikaline keemia: keemiline tasakaal ja statsionaarne tasakaal, entroopia, elu füüsikaline olemus",CON:quimica/entropia CON:quimica/equilibrio-dinamico CON:quimica/energia-de-gibbs-y-espontaneidad,"etiqueta de confianza baja: Es una lista de temas muy amplios y conceptuales, incluyendo algunos no catalogados.",,
EE-QUI-ee_gym_ele-p035-02,EE,ee_gym_ele,35,"Gymnasium, electivos de ciencias",especializacion,Adquirir una visión sistemática de los conceptos básicos de química y usar correctamente el vocabulario químico.,on omandanud süsteemse ülevaate keemia põhimõistetest ja keemiliste protsesside seaduspärasustest,,"extracción parcial: Omite el propósito de usar el vocabulario: para explicar fenómenos de la naturaleza. | etiqueta de confianza baja: Es un objetivo general para todo un curso, no enseña un concepto químico específico.",,
EE-QUI-ee_gym_ele-p035-03,EE,ee_gym_ele,35,"Gymnasium, electivos de ciencias",especializacion,"Aplicar habilidades de trabajo experimental para estudiar las propiedades de las sustancias, usándolas de forma segura.",rakendab omandatud eksperimentaaltöö oskusi ainete omaduste ja looduse seaduspärasuste tundmaõppimiseks,CON:quimica/propiedades-fisicas-y-quimicas CON:quimica/materia-y-materiales,extracción parcial: Omite que el uso de sustancias debe ser sostenible y también en la vida cotidiana.,,
EE-QUI-ee_gym_ele-p035-05,EE,ee_gym_ele,35,"Gymnasium, electivos de ciencias",especializacion,"Utilizar la tabla periódica, de solubilidad y serie de actividad para buscar información química y analizarla críticamente.","kasutab keemiainfo leidmiseks keemiliste elementide perioodilisustabelit, lahustuvustabelit, metallide pingerida",CON:quimica/tabla-periodica CON:quimica/agentes-oxidantes-y-reductores CON:quimica/solubilidad,extracción parcial: Omite que se deben usar 'otras fuentes de información' además de las mencionadas.,,
EE-QUI-ee_gym_ele-p039-01,EE,ee_gym_ele,39,"Gymnasium, electivos de ciencias",especializacion,"Mostrar interés por la química y comprender su importancia en el desarrollo de la sociedad, la tecnología moderna y la vida cotidiana.","1) tunneb huvi keemia vastu, mõistab keemia tähtsust ühiskonna arengus, tänapäeva tehnoloogias ja igapäevaelus;",,"etiqueta de confianza baja: Es un objetivo actitudinal, no enseña un concepto químico específico del catálogo.",,
EE-QUI-ee_gym_ele-p040-09,EE,ee_gym_ele,40,"Gymnasium, electivos de ciencias",especializacion,"Adquiere una visión sistemática de los conceptos y procesos químicos, utilizando correctamente el vocabulario químico para explicar fenómenos naturales.",on omandanud süsteemse ülevaate keemia põhimõistetest... kasutab korrektselt keemiasõnavara,,etiqueta de confianza baja: Es un objetivo transversal y muy general sobre el uso del lenguaje químico.,,
EE-QUI-ee_gym_ele-p040-10,EE,ee_gym_ele,40,"Gymnasium, electivos de ciencias",especializacion,"Aplica habilidades de trabajo experimental para estudiar las propiedades de las sustancias, usándolas de forma económica y segura en el laboratorio y la vida diaria.",rakendab omandatud eksperimentaaltöö oskusi ainete omaduste... kasutab säästlikult ja ohutult aineid,CON:quimica/propiedades-fisicas-y-quimicas,"etiqueta de confianza baja: Se enfoca en competencias generales de trabajo experimental y seguridad, no en conceptos.",,
EE-QUI-ee_gym_ele-p040-11,EE,ee_gym_ele,40,"Gymnasium, electivos de ciencias",especializacion,"Realiza cálculos químicos, evalúa la correspondencia de los resultados con la realidad y utiliza los conocimientos y habilidades químicas en sus planes de carrera.","sooritab keemiaalase sisuga arvutusi, hindab arvutustulemuste vastavust reaalsusele",CON:quimica/estequiometria,"etiqueta de confianza baja: Menciona 'cálculos químicos' de forma genérica, probablemente refiriéndose a estequiometría, pero es vago.",,
EE-QUI-ee_gym_ele-p040-12,EE,ee_gym_ele,40,"Gymnasium, electivos de ciencias",especializacion,"Utiliza la tabla periódica, tabla de solubilidad y otras fuentes para buscar información química, analizando y evaluando críticamente la información obtenida.",kasutab keemiainfo leidmiseks keemiliste elementide perioodilisustabelit... analüüsib saadud teavet,,"etiqueta de confianza baja: Se centra en la competencia de búsqueda y evaluación de información, no en conceptos.",,
EE-TYE-ee_basic-p022-01,EE,ee_basic,22,"Escuela básica, III etapa (grados 7–9)",nucleo,"Comprender las profesiones relacionadas con la geografía y las oportunidades de carrera, y estar motivado para el aprendizaje permanente.",have gained an understanding of geography-related professions and career opportunities and are motivated for lifelong learning.,,"extracción parcial: agregado por el validador (completitud) | etiqueta de confianza baja: Es un objetivo actitudinal sobre carreras, no enseña un concepto científico del catálogo.",,
EE-TYE-ee_basic-p022-02,EE,ee_basic,22,"Escuela básica, III etapa (grados 7–9)",nucleo,"Buscar información geográfica en diversas fuentes, evaluar su fiabilidad y utilizar herramientas tecnológicas y medios de comunicación para el aprendizaje.","find geographical information in information sources, assess its reliability, use media",,"extracción parcial: La paráfrasis omite la parte de ""cooperación"" mencionada en el texto original.",,
EE-TYE-ee_basic-p022-03,EE,ee_basic,22,"Escuela básica, III etapa (grados 7–9)",nucleo,Comprender la naturaleza y la importancia de la ciencia geográfica en la vida cotidiana y en el desarrollo de la sociedad.,understand the nature and importance of the science of geography in everyday life,,"etiqueta de confianza baja: Describe la naturaleza y relevancia de una disciplina, no un concepto científico específico.",,
EE-TYE-ee_basic-p022-05,EE,ee_basic,22,"Escuela básica, III etapa (grados 7–9)",nucleo,"Identificar y resolver problemas geográficos de la vida cotidiana, tomando decisiones fundamentadas mediante el pensamiento creativo y crítico.","notice and solve geographical problems related to their everyday life, make reasoned decisions",,"etiqueta de confianza baja: Se enfoca en la habilidad general de resolver problemas, sin especificar el contenido geográfico.",,
EE-TYE-ee_basic-p022-06,EE,ee_basic,22,"Escuela básica, III etapa (grados 7–9)",nucleo,"Utilizar los conocimientos y habilidades geográficas para explicar y analizar fenómenos naturales y sociales, su ubicación espacial y sus interrelaciones.",use the knowledge and skills acquired in geography to explain and analyse phenomena,,"etiqueta de confianza baja: Es una competencia general de aplicación del conocimiento geográfico, no un concepto específico.",,
EE-TYE-ee_basic-p022-11,EE,ee_basic,22,"Escuela básica, III etapa (grados 7–9)",nucleo,"Navegar en un mapa para localizar países, capitales, regiones tectónicamente activas, principales relieves, cuerpos de agua y zonas climáticas o geográficas.","navigate on a map: find countries, capitals, tectonically active regions, major landforms",CON:ciencias_tierra_espacio/hidrosfera-distribucion-del-agua CON:ciencias_tierra_espacio/tectonica-de-placas CON:ciencias_tierra_espacio/tipos-de-clima-y-sus-factores,etiqueta de confianza baja: Es una habilidad de localización en mapas que abarca demasiados temas de forma superficial.,,
EE-TYE-ee_basic-p023-11,EE,ee_basic,23,"Escuela básica, III etapa (grados 7–9)",nucleo,"Relacionar las actividades de consumo, transporte y acumulación de agua en diferentes tramos de un río con el relieve y el caudal.","relate the water-consuming, transporting and accumulating activities at different sections",CON:ciencias_tierra_espacio/cuencas-y-aguas-superficiales CON:ciencias_tierra_espacio/erosion-y-sedimentacion,"extracción parcial: La traducción ""consumo de agua"" es incorrecta; el original se refiere a la erosión.",,
EE-TYE-ee_basic-p023-18,EE,ee_basic,23,"Escuela básica, III etapa (grados 7–9)",nucleo,"Comparar las formas del terreno y el relieve de su área local, Estonia y el mundo utilizando mapas y otras fuentes de información.","compare the landforms and relief in their home area, Estonia and the world",,"etiqueta de confianza baja: El concepto central, geomorfología o relieve, no está en el catálogo de conceptos.",,
EE-TYE-ee_basic-p023-20,EE,ee_basic,23,"Escuela básica, III etapa (grados 7–9)",nucleo,"Analizar la interacción entre la naturaleza y las actividades humanas en las zonas geográficas, así como los problemas ambientales asociados.",analyse the interaction between nature and human activities in geographical zones,CON:ciencias_tierra_espacio/impacto-ambiental-de-actividades-humanas CON:ciencias_tierra_espacio/sistemas-terrestres,"etiqueta de confianza baja: Es muy amplio y vago, cubriendo la interacción general entre humanos y naturaleza.",,
EE-TYE-ee_basic-p024-01,EE,ee_basic,24,"Escuela básica, III etapa (grados 7–9)",nucleo,"Analizar el desarrollo de asentamientos estonios y factores socioeconómicos usando fuentes de información, y proponer soluciones para el entorno.","analyse the development of Estonian settlements, the living environment",CON:ciencias_tierra_espacio/impacto-ambiental-de-actividades-humanas,"etiqueta de confianza baja: El enunciado es principalmente de geografía humana y sociología, no de ciencias de la Tierra.",,
EE-TYE-ee_basic-p024-02,EE,ee_basic,24,"Escuela básica, III etapa (grados 7–9)",nucleo,"Analizar la ubicación y densidad poblacional local, de Estonia y Europa usando mapas, relacionándolas con factores naturales y sociales.",analyse the location and density of population in their home area,CON:ciencias_tierra_espacio/sistemas-terrestres,"etiqueta de confianza baja: El foco es la geografía de la población, un tema no cubierto por el catálogo.",,
EE-TYE-ee_basic-p024-03,EE,ee_basic,24,"Escuela básica, III etapa (grados 7–9)",nucleo,"Caracterizar y comparar las tendencias y etapas de urbanización en Estonia y Europa, y las consecuencias del crecimiento urbano.",characterise and compare trends and stages of urbanisation,CON:ciencias_tierra_espacio/impacto-ambiental-de-actividades-humanas CON:ciencias_tierra_espacio/uso-y-degradacion-del-suelo,"extracción parcial: Omite las consecuencias del declive urbano, mencionando solo el crecimiento.",,
EE-TYE-ee_basic-p024-04,EE,ee_basic,24,"Escuela básica, III etapa (grados 7–9)",nucleo,"Analizar el impacto de los recursos naturales, trabajo, capital, mercados y cadenas de suministro en las economías de Estonia y Europa.","analyse the impact of natural resources, labour, capital, markets",CON:ciencias_tierra_espacio/recursos-renovables-y-no-renovables CON:ciencias_tierra_espacio/combustibles-fosiles CON:ciencias_tierra_espacio/recursos-minerales-y-mineria,"etiqueta de confianza baja: El enunciado es principalmente de economía, tocando los recursos naturales como un factor productivo.",,
EE-TYE-ee_basic-p024-05,EE,ee_basic,24,"Escuela básica, III etapa (grados 7–9)",nucleo,Analizar los cambios en la estructura de la economía estonia y relacionarlos con las tendencias generales del desarrollo económico.,analyse changes in the structure of the Estonian economy,,etiqueta de confianza baja: El enunciado pertenece al ámbito de la economía y no tiene contenido de ciencias de la Tierra.,,
EE-TYE-ee_basic-p024-06,EE,ee_basic,24,"Escuela básica, III etapa (grados 7–9)",nucleo,Caracterizar el impacto de la globalización y las empresas multinacionales en la economía de Estonia.,characterise the impact of globalisation and multinational companies,,"etiqueta de confianza baja: El enunciado trata sobre economía y globalización, temas fuera del catálogo de ciencias.",,
EE-TYE-ee_basic-p024-08,EE,ee_basic,24,"Escuela básica, III etapa (grados 7–9)",nucleo,"Discutir los problemas relacionados con la actividad económica desde perspectivas económicas, sociales y ambientales.",discuss problems related to economic activity based on economic,CON:ciencias_tierra_espacio/impacto-ambiental-de-actividades-humanas,"etiqueta de confianza baja: Menciona la perspectiva ambiental de la actividad económica, pero es muy vago y multidisciplinar.",,
EE-TYE-ee_basic-p024-09,EE,ee_basic,24,"Escuela básica, III etapa (grados 7–9)",nucleo,Analizar la composición por género y edad de una región mediante la pirámide poblacional y su impacto en la sociedad.,analyse the gender and age composition of the population,,"etiqueta de confianza baja: El enunciado es de demografía, no de ciencias de la Tierra. Usa análisis de datos.",,
EE-TYE-ee_basic-p024-10,EE,ee_basic,24,"Escuela básica, III etapa (grados 7–9)",nucleo,"Analizar la población y sus procesos en el área local, Estonia o Europa utilizando datos de portales de información.",analyse the population and population processes of their home area,,etiqueta de confianza baja: Es un enunciado de demografía que implica buscar y analizar datos de fuentes externas.,,
EE-TYE-ee_basic-p024-11,EE,ee_basic,24,"Escuela básica, III etapa (grados 7–9)",nucleo,"Conocer las direcciones y causas de la migración en Estonia y Europa, y analizar su impacto en la sociedad.",know the directions of migration in Estonia and Europe,,"etiqueta de confianza baja: Trata sobre migración humana, un tema de geografía humana, no del catálogo.",,
EE-TYE-ee_basic-p024-12,EE,ee_basic,24,"Escuela básica, III etapa (grados 7–9)",nucleo,Discutir las medidas de la política de población de Estonia.,discuss Estonian population policy measures.,,"etiqueta de confianza baja: El enunciado es sobre políticas públicas, fuera del ámbito de las ciencias de la Tierra.",,
EE-TYE-ee_basic-p025-01,EE,ee_basic,25,"Escuela básica, III etapa (grados 7–9)",nucleo,Analizar la disponibilidad de transporte público en un asentamiento mediante fuentes de información y su impacto en la vida diaria.,analyse the availability of public transport in a certain settlement,,"etiqueta de confianza baja: Es un tema de geografía humana/urbanismo, no cubierto por el catálogo de ciencias.",,
EE-TYE-ee_basic-p025-02,EE,ee_basic,25,"Escuela básica, III etapa (grados 7–9)",nucleo,"Analizar la ubicación de empleos y la disponibilidad de servicios en asentamientos de distintos niveles, incluida su área local.",analyse the location of jobs and the availability of services,,"etiqueta de confianza baja: El enunciado pertenece a la geografía económica y de servicios, no a ciencias de la Tierra.",,
EE-TYE-ee_gym-p014-01,EE,ee_gym,14,"Gymnasium, cursos obligatorios",nucleo,"Conoce el desarrollo de la geografía, sus vínculos con otras disciplinas y los métodos de investigación modernos en geografía.","teab üldjoontes geograafiateaduse arengut, seoseid teiste teadusharudega ning nüüdisaegseid uurimismeetodeid geograafias;",,"etiqueta de confianza baja: Es un enunciado sobre la disciplina de la geografía, no sobre sus contenidos específicos.",,
EE-TYE-ee_gym-p015-01,EE,ee_gym,15,"Gymnasium, cursos obligatorios",nucleo,Comprende el trabajo de los geólogos y la necesidad de las investigaciones geológicas.,on omandanud ettekujutuse geoloogide tööst ja mõistab,,"etiqueta de confianza baja: Se refiere a la profesión del geólogo, no a un concepto geológico específico.",,
EE-TYE-ee_gym-p015-08,EE,ee_gym,15,"Gymnasium, cursos obligatorios",nucleo,Analiza aspectos de la globalización y su impacto en diferentes ámbitos de la vida utilizando un país como ejemplo.,analüüsib mõne riigi näitel üleilmastumise eri aspekte,,"etiqueta de confianza baja: El enunciado es de geografía humana/economía, no de ciencias de la Tierra y el espacio.",,
EE-TYE-ee_gym-p015-12,EE,ee_gym,15,"Gymnasium, cursos obligatorios",nucleo,Compara el nivel de desarrollo de los países usando indicadores de portales de datos y discute sus limitaciones.,võrdleb andmeportaalide näitajate põhjal riikide arengutaset,,"etiqueta de confianza baja: El enunciado es de geografía humana/economía, no de ciencias de la Tierra y el espacio.",,
EE-TYE-ee_gym-p015-13,EE,ee_gym,15,"Gymnasium, cursos obligatorios",nucleo,Discute el papel de las empresas internacionales en la economía mundial y da ejemplos de su impacto en distintos países.,arutleb rahvusvaheliste ettevõtete rolli üle maailmamajanduses,,"etiqueta de confianza baja: El enunciado es de economía/geografía humana, no de ciencias de la Tierra y el espacio.",,
EE-TYE-ee_gym-p015-14,EE,ee_gym,15,"Gymnasium, cursos obligatorios",nucleo,"Explica la división global del trabajo y la cadena de valor con un ejemplo industrial, analizando los problemas asociados.",selgitab üleilmset tööjaotust ja väärtusahela etappide paigutust,,"etiqueta de confianza baja: El enunciado es de economía/geografía humana, no de ciencias de la Tierra y el espacio.",,
EE-TYE-ee_gym-p015-15,EE,ee_gym,15,"Gymnasium, cursos obligatorios",nucleo,"Relaciona el desarrollo tecnológico, económico y social con la organización espacial en las eras agraria, industrial y de la información.","seostab tehnoloogia, majanduse ja ühiskonna arengu ning ruumilise korralduse",,"etiqueta de confianza baja: El enunciado es de geografía histórica/sociología, no de ciencias de la Tierra y el espacio.",,
EE-TYE-ee_gym-p015-17,EE,ee_gym,15,"Gymnasium, cursos obligatorios",nucleo,"Elabora un resumen sobre un objeto, fenómeno o región basándose en información encontrada en diversas fuentes.",koostab teabeallikatest leitud info põhjal ülevaate,,"etiqueta de confianza baja: Describe una habilidad genérica de investigación y comunicación, sin contenido científico específico.",,
EE-TYE-ee_gym-p015-20,EE,ee_gym,15,"Gymnasium, cursos obligatorios",nucleo,"Analiza la distribución y densidad de la población en el mundo, una región o un país basándose en fuentes.",analüüsib teabeallikate põhjal rahvastiku paiknemist ja tihedust,,"etiqueta de confianza baja: El enunciado es de geografía humana/demografía, no de ciencias de la Tierra y el espacio.",,
EE-TYE-ee_gym-p015-21,EE,ee_gym,15,"Gymnasium, cursos obligatorios",nucleo,Analiza procesos demográficos y su relación con el desarrollo social en diferentes países utilizando portales de datos.,analüüsib andmeportaalide andmete põhjal rahvastikuprotsesse,,"etiqueta de confianza baja: El enunciado es de demografía/sociología, no de ciencias de la Tierra y el espacio.",,
EE-TYE-ee_gym-p015-22,EE,ee_gym,15,"Gymnasium, cursos obligatorios",nucleo,Caracteriza la estructura interna de una ciudad basándose en fuentes de información.,iseloomustab teabeallikate põhjal mõne linna sisestruktuuri,,"etiqueta de confianza baja: El enunciado es de geografía urbana, no de ciencias de la Tierra y el espacio.",,
EE-TYE-ee_gym-p015-23,EE,ee_gym,15,"Gymnasium, cursos obligatorios",nucleo,"Conoce la importancia de los estudios de población, sus posibilidades de uso en la sociedad y sus limitaciones.","teab rahvastiku-uuringute olulisust, uurimistulemuste kasutamise võimalusi",,"etiqueta de confianza baja: El enunciado trata sobre demografía, un concepto ausente en el catálogo de ciencias terrestres.",,
EE-TYE-ee_gym-p015-24,EE,ee_gym,15,"Gymnasium, cursos obligatorios",nucleo,Conoce las medidas de política demográfica y su impacto en la sociedad.,teab rahvastikupoliitika meetmeid ja nende mõju ühiskonnale,,"etiqueta de confianza baja: El enunciado se enfoca en política demográfica, un tema social no incluido en el catálogo.",,
EE-TYE-ee_gym-p015-25,EE,ee_gym,15,"Gymnasium, cursos obligatorios",nucleo,"Conoce las tendencias migratorias internacionales y analiza la migración de una región, relacionándola con factores de empuje y atracción.",teab rahvusvaheliste rännete peamisi suundi ning analüüsib,,"extracción parcial: Omite la parte de relacionar la migración con sus consecuencias y factores de empuje/atracción. | etiqueta de confianza baja: El enunciado trata sobre migración, un concepto de geografía humana no presente en el catálogo.",,
EE-TYE-ee_gym-p015-26,EE,ee_gym,15,"Gymnasium, cursos obligatorios",nucleo,Relaciona la situación demográfica de un país con su etapa de transición demográfica.,seostab riigi rahvastikusituatsiooni demograafilise ülemineku etapiga,,"etiqueta de confianza baja: El enunciado se centra en la transición demográfica, un modelo de geografía humana.",,
EE-TYE-ee_gym-p016-20,EE,ee_gym,16,"Gymnasium, cursos obligatorios",nucleo,Explica el papel de la agricultura en la cadena alimentaria y su relación con otros sectores económicos.,"selgitab põllumajanduse osa toidutootmisahelas, seost teiste majandusharude",CON:ciencias_tierra_espacio/impacto-ambiental-de-actividades-humanas CON:ciencias_tierra_espacio/sistemas-terrestres,"etiqueta de confianza baja: Se centra en la agricultura, una actividad humana, pero es muy socioeconómico.",,
EE-TYE-ee_gym-p016-21,EE,ee_gym,16,"Gymnasium, cursos obligatorios",nucleo,"Relaciona las condiciones de formación del suelo con su composición y propiedades, dando ejemplos de biomas.","seostab mullatekke tingimusi mulla koostise, ehituse ja omadustega",CON:ciencias_tierra_espacio/suelo-formacion-y-tipos CON:ciencias_tierra_espacio/meteorizacion CON:ciencias_tierra_espacio/tipos-de-clima-y-sus-factores,"extracción parcial: El objetivo es dar ejemplos de tipos y procesos de suelo, no de biomas.",,
EE-TYE-ee_gym-p016-23,EE,ee_gym,16,"Gymnasium, cursos obligatorios",nucleo,Conoce la esencia de la gestión forestal sostenible y explica los problemas ambientales asociados a la silvicultura.,teab kestliku metsamajanduse olemust ja selle olulisust ning selgitab,CON:ciencias_tierra_espacio/conservacion-de-recursos-y-residuos CON:ciencias_tierra_espacio/impacto-ambiental-de-actividades-humanas CON:ciencias_tierra_espacio/recursos-renovables-y-no-renovables,extracción parcial: Omite la importancia de la gestión sostenible y los problemas de la industria forestal.,,
EE-TYE-ee_gym_ele-p032-01,EE,ee_gym_ele,32,"Gymnasium, electivos de ciencias",especializacion,Adquirir habilidades básicas de planificación espacial.,Valikkursuse jooksul saavad õpilased ruumi planeerimise algoskused.,CON:ciencias_tierra_espacio/riesgo-y-vulnerabilidad CON:ciencias_tierra_espacio/uso-y-degradacion-del-suelo,"extracción parcial: agregado por el validador (completitud) | etiqueta de confianza baja: Se refiere a la planificación del uso del suelo, un concepto aplicado no explícito.",,
EE-TYE-ee_gym_ele-p033-01,EE,ee_gym_ele,33,"Gymnasium, electivos de ciencias",especializacion,"Comprender las proyecciones cartográficas, escalas, medición de distancias y sistemas de coordenadas geográficas y rectangulares.","Kaardiprojektsioonid, nende vajalikkus ja valik geoinfosüsteemides. Kaardi mõõtkava, mõõtkava liigid ja vahemaade mõõtmine.",,etiqueta de confianza baja: Describe conceptos y herramientas cartográficas fundamentales que no están en el catálogo.,,
EE-TYE-ee_gym_ele-p033-02,EE,ee_gym_ele,33,"Gymnasium, electivos de ciencias",especializacion,"Conocer el concepto, componentes y usos de los SIG, así como los tipos, recolección y bases de datos geográficos y metadatos.","GISi mõiste, komponendid ja kasutusvaldkonnad. Geograafilised andmed, nende liigid ja kogumise viisid.",,"etiqueta de confianza baja: Describe los Sistemas de Información Geográfica (SIG), un campo técnico no incluido en el catálogo.",,
EE-TYE-ee_gym_ele-p033-03,EE,ee_gym_ele,33,"Gymnasium, electivos de ciencias",especializacion,"Entender los análisis SIG, los tipos de consultas (espaciales y de atributos) y la presentación de resultados.",GISi analüüsid. Päringud ja nende liigid: ruumipäringud ning atribuutpäringud. GISi analüüsitulemuste esitamine.,,"etiqueta de confianza baja: Se enfoca en el análisis con SIG, una técnica específica no presente en el catálogo.",,
EE-TYE-ee_gym_ele-p033-04,EE,ee_gym_ele,33,"Gymnasium, electivos de ciencias",especializacion,Identificar los tipos de mapas temáticos y los principios para su diseño y formato.,Teemakaartide liigid ja nende vormistamise põhimõtted.,,"etiqueta de confianza baja: Trata sobre cartografía temática y diseño de mapas, ausentes en el catálogo de conceptos.",,
EE-TYE-ee_gym_ele-p033-05,EE,ee_gym_ele,33,"Gymnasium, electivos de ciencias",especializacion,Adquirir una visión general de los conceptos fundamentales de la geoinformática y las aplicaciones de los SIG.,2) on omandanud ülevaate geoinformaatika valdkonna põhimõistetest ning GISi rakendustest;,,"etiqueta de confianza baja: Es un resumen sobre geoinformática y SIG, temas no incluidos en el catálogo.",,
EE-TYE-ee_gym_ele-p033-09,EE,ee_gym_ele,33,"Gymnasium, electivos de ciencias",especializacion,Mostrar interés en el uso de computadoras y tecnología moderna aplicada a la geografía.,1) on huvitatud arvutite ja nüüdisaegsete tehnovahendite kasutamisest geograafias;,,"etiqueta de confianza baja: Es un objetivo actitudinal, no enseña un concepto científico específico, solo promueve interés.",,
EE-TYE-ee_gym_ele-p034-01,EE,ee_gym_ele,34,"Gymnasium, electivos de ciencias",especializacion,"Buscar, interpretar, generalizar y evaluar críticamente información geográfica sobre diferentes regiones del mundo a partir de diversas fuentes.",leiab nii eesti- kui ka võõrkeelsetest allikatest maailma eri piirkondade kohta geograafiainfot ning tõlgendab,,"etiqueta de confianza baja: Es una habilidad transversal de búsqueda y evaluación de información, no enseña un concepto.",,
EE-TYE-ee_gym_ele-p034-02,EE,ee_gym_ele,34,"Gymnasium, electivos de ciencias",especializacion,"Conocer los problemas actuales de las diferentes regiones del mundo, así como sus causas y posibles consecuencias.","on kursis maailma eri regioonide aktuaalsete probleemidega, teab nende põhjusi ning võimalikke tagajärgi",,etiqueta de confianza baja: Enunciado extremadamente general que no permite identificar conceptos específicos; es un objetivo contenedor.,,
EE-TYE-ee_gym_ele-p034-09,EE,ee_gym_ele,34,"Gymnasium, electivos de ciencias",especializacion,"Dar ejemplos de las interrelaciones entre condiciones naturales, población, cultura, economía y desarrollo social en una región estudiada.","toob näiteid loodusolude, rahvastiku, kultuuri, majanduse ja ühiskonna arengu vastastikuste seoste kohta õpitud regiooni näitel",CON:ciencias_tierra_espacio/impacto-ambiental-de-actividades-humanas CON:ciencias_tierra_espacio/sistemas-terrestres CON:ciencias_tierra_espacio/tipos-de-clima-y-sus-factores,extracción parcial: agregado por el validador (completitud),,
EE-TYE-ee_gym_ele-p034-10,EE,ee_gym_ele,34,"Gymnasium, electivos de ciencias",especializacion,Dar ejemplos de los efectos de la globalización en diferentes regiones del mundo.,toob näiteid globaliseerumise mõjude kohta maailma eri regioonidele,,"extracción parcial: agregado por el validador (completitud) | etiqueta de confianza baja: El enunciado pertenece al área de ciencias sociales, no de ciencias de la Tierra.",,
EE-TYE-ee_gym_ele-p034-11,EE,ee_gym_ele,34,"Gymnasium, electivos de ciencias",especializacion,"Participar activamente en la resolución de problemas y conflictos, justificando y defendiendo sus puntos de vista y elecciones con argumentos.","osaleb aktiivselt probleemide ja konfliktide lahendamisel, põhjendades ning kaitstes oma seisukohti ja valikuid argumenteeritult",,"extracción parcial: agregado por el validador (completitud) | etiqueta de confianza baja: Es una competencia transversal de argumentación, no enseña un concepto científico del catálogo.",,
EE-TYE-ee_gym_ele-p035-04,EE,ee_gym_ele,35,"Gymnasium, electivos de ciencias",especializacion,Analizar los problemas sociales y ambientales que acompañan a los conflictos armados.,Relvakonfliktidega kaasnevad sotsiaalsed ja keskkonnaprobleemid.,CON:ciencias_tierra_espacio/impacto-ambiental-de-actividades-humanas,"etiqueta de confianza baja: Mezcla temas sociales y ambientales, siendo la parte ambiental muy genérica y no especificada.",,
ENG-BIO-eng_alevel-p006-06,ENG,eng_alevel,6,A level Biology / Chemistry / Physics,especializacion,"Reconocer que los ecosistemas varían en tamaño, desde los muy grandes hasta los muy pequeños.",ecosystems range in size from the very large to the very small,CON:biologia/niveles-de-organizacion-ecologica CON:biologia/habitat-y-ecosistemas-comunes,"etiqueta de confianza baja: El enunciado es muy general, solo indica que los ecosistemas tienen diferentes tamaños.",,
ENG-BIO-eng_alevel-p020-01,ENG,eng_alevel,20,A level Biology / Chemistry / Physics,especializacion,"Usar una amplia gama de instrumentos, equipos y técnicas experimentales apropiadas al conocimiento y comprensión de la especificación.","use a wide range of experimental and practical instruments, equipment and techniques appropriate",,"extracción parcial: Omite la palabra ""prácticos"" al listar los tipos de instrumentos, equipos y técnicas. | etiqueta de confianza baja: Enunciado muy general sobre el uso de equipo de laboratorio sin especificar conceptos biológicos.",,
ENG-BIO-eng_alevel-p020-03,ENG,eng_alevel,20,A level Biology / Chemistry / Physics,especializacion,"Usar habilidades de investigación en línea y fuera de línea, incluyendo sitios web, libros de texto y otras fuentes impresas.","use online and offline research skills including websites, textbooks and other printed scientific sources",,"extracción parcial: Omite la palabra ""científicas"" al referirse a las fuentes de información impresas.",,
ENG-BIO-eng_alevel-p020-04,ENG,eng_alevel,20,A level Biology / Chemistry / Physics,especializacion,Aplicar enfoques y métodos de investigación al trabajo práctico.,apply investigative approaches and methods to practical work,,"etiqueta de confianza baja: Enunciado general sobre la aplicación de métodos de investigación, sin especificar cuáles ni para qué.",,
ENG-BIO-eng_gcse_comb-p009-08,ENG,eng_gcse_comb,9,GCSE Combined Science,nucleo,Comprender que los organismos vivos son interdependientes y muestran adaptaciones a su entorno.,living organisms are interdependent and show adaptations to their environment,CON:biologia/adaptaciones-estructurales CON:biologia/redes-troficas CON:biologia/simbiosis,"etiqueta de confianza baja: Combina dos conceptos muy amplios (interdependencia y adaptación) sin especificarlos, haciéndolo vago.",,
ENG-BIO-eng_gcse_comb-p012-06,ENG,eng_gcse_comb,12,GCSE Combined Science,nucleo,Describir la relación entre la salud y la enfermedad.,describe the relationship between health and,CON:biologia/enfermedades-infecciosas-y-no-infecciosas CON:biologia/habitos-de-vida-saludable,etiqueta de confianza baja: Enunciado muy vago sobre la relación general entre salud y enfermedad.,,
ENG-BIO-eng_gcse_comb-p012-12,ENG,eng_gcse_comb,12,GCSE Combined Science,nucleo,Realizar cálculos de tasas o velocidades.,carry out rate calculations,,etiqueta de confianza baja: Es una habilidad matemática general sin un contexto biológico específico en el enunciado.,,
ENG-BIO-eng_gcse_comb-p012-13,ENG,eng_gcse_comb,12,GCSE Combined Science,nucleo,"Trazar, dibujar e interpretar gráficos adecuados.","plot, draw and interpret appropriate graphs",,etiqueta de confianza baja: Es una habilidad procedimental de representación e interpretación de datos sin contenido biológico.,,
ENG-BIO-eng_gcse_comb-p012-14,ENG,eng_gcse_comb,12,GCSE Combined Science,nucleo,Usar percentiles y calcular el porcentaje de ganancia y pérdida de masa.,use percentiles and calculate percentage gain,,etiqueta de confianza baja: Es una habilidad matemática y estadística sin un contexto biológico específico en el enunciado.,,
ENG-BIO-eng_gcse_comb-p012-15,ENG,eng_gcse_comb,12,GCSE Combined Science,nucleo,"Utilizar medidas compuestas simples, como la tasa o velocidad.",use simple compound measures such as,,etiqueta de confianza baja: Es una habilidad matemática general sin un contexto biológico específico en el enunciado.,,
ENG-BIO-eng_gcse_comb-p016-05,ENG,eng_gcse_comb,16,GCSE Combined Science,nucleo,"Explicar los términos: gameto, cromosoma, gen, alelo/variante, dominante, recesivo, homocigoto, heterocigoto, genotipo y fenotipo.","explain the following terms: gamete, chromosome, gene, allele/variant, dominant, recessive, homozygous, heterozygous, genotype and phenotype",CON:biologia/genes-y-alelos CON:biologia/genotipo-y-fenotipo CON:biologia/adn-y-cromosomas CON:biologia/herencia-mendeliana CON:biologia/meiosis,etiqueta de confianza baja: Es una lista de vocabulario que abarca múltiples conceptos genéticos sin integrarlos.,,
ENG-BIO-eng_gcse_triple-p009-03,ENG,eng_gcse_triple,9,GCSE separate sciences (triple),especializacion,Comprender que las sustancias químicas en los ecosistemas circulan continuamente por el mundo natural.,the chemicals in ecosystems are continually cycling through the natural world,CON:biologia/ciclo-del-agua-y-seres-vivos CON:biologia/ciclo-del-carbono-y-oxigeno CON:biologia/ciclo-del-nitrogeno,"etiqueta de confianza baja: Enunciado muy general sobre ciclos biogeoquímicos, sin especificar cuáles. Se propone un concepto general.",,
ENG-BIO-eng_gcse_triple-p009-09,ENG,eng_gcse_triple,9,GCSE separate sciences (triple),especializacion,Reconocer que los organismos vivos son interdependientes y muestran adaptaciones a su entorno.,living organisms are interdependent and show adaptations to their environment,CON:biologia/adaptaciones-estructurales CON:biologia/redes-troficas CON:biologia/simbiosis,etiqueta de confianza baja: Enunciado muy general que combina los conceptos de interdependencia y adaptación sin especificarlos.,,
ENG-BIO-eng_gcse_triple-p011-03,ENG,eng_gcse_triple,11,GCSE separate sciences (triple),especializacion,"Describir sustancias transportadas en diversos organismos según sus necesidades, incluyendo oxígeno, dióxido de carbono, agua, nutrientes disueltos, iones minerales y urea.",describe some of the substances transported into and out,CON:biologia/requerimientos-de-la-celula CON:biologia/sistema-circulatorio CON:biologia/sistema-excretor CON:biologia/transporte-en-plantas,etiqueta de confianza baja: Es un enunciado muy general que lista sustancias transportadas en diversos organismos y sistemas.,,
ENG-BIO-eng_gcse_triple-p012-06,ENG,eng_gcse_triple,12,GCSE separate sciences (triple),especializacion,Describir la relación entre salud y enfermedad.,describe the relationship between health and disease,CON:biologia/habitos-de-vida-saludable CON:biologia/enfermedades-infecciosas-y-no-infecciosas CON:biologia/homeostasis,etiqueta de confianza baja: Es un enunciado muy amplio y vago sobre el concepto de salud y enfermedad.,,
ENG-BIO-eng_gcse_triple-p012-07,ENG,eng_gcse_triple,12,GCSE separate sciences (triple),especializacion,Describir las interacciones entre diferentes tipos de enfermedades.,describe the interactions between different types of disease,CON:biologia/enfermedades-infecciosas-y-no-infecciosas CON:biologia/epidemiologia-y-control-de-brotes CON:biologia/sistema-inmunitario,"etiqueta de confianza baja: El enunciado es muy vago, no especifica el tipo de interacción ni de enfermedades.",,
ENG-BIO-eng_gcse_triple-p016-14,ENG,eng_gcse_triple,16,GCSE separate sciences (triple),especializacion,Recordar que muchos materiales diferentes circulan a través de los componentes bióticos y abióticos de un ecosistema.,recall that many different materials cycle through the abiotic and biotic components of an ecosystem,CON:biologia/ciclo-del-carbono-y-oxigeno CON:biologia/factores-bioticos-y-abioticos CON:biologia/productores-consumidores-descomponedores,"etiqueta de confianza baja: Enunciado muy general sobre la circulación de materia, que se ejemplifica en los ciclos biogeoquímicos.",,
ENG-BIO-eng_gcse_triple-p017-09,ENG,eng_gcse_triple,17,GCSE separate sciences (triple),especializacion,Calcular el porcentaje de masa.,Calculate the percentage of mass (1c),,etiqueta de confianza baja: Es una habilidad matemática genérica sin un contexto biológico específico para ser etiquetada.,,
ENG-BIO-eng_gcse_triple-p017-11,ENG,eng_gcse_triple,17,GCSE separate sciences (triple),especializacion,Calcular medias aritméticas.,Calculate arithmetic means (2b),,etiqueta de confianza baja: Es una habilidad matemática y estadística genérica sin un contexto biológico específico.,,
ENG-BIO-eng_gcse_triple-p017-12,ENG,eng_gcse_triple,17,GCSE separate sciences (triple),especializacion,"Extraer e interpretar información a partir de cuadros, gráficos y tablas.","Extract and interpret information from charts, graphs and tables",,etiqueta de confianza baja: Describe una práctica científica general de interpretación de datos sin contenido biológico específico.,,
ENG-BIO-eng_gcse_triple-p017-13,ENG,eng_gcse_triple,17,GCSE separate sciences (triple),especializacion,Trazar y dibujar gráficos adecuados seleccionando escalas apropiadas para los ejes.,Plot and draw appropriate graphs selecting appropriate scales,,"etiqueta de confianza baja: Describe la práctica de representar datos gráficamente, sin un tema biológico concreto.",,
ENG-BIO-eng_gcse_triple-p017-14,ENG,eng_gcse_triple,17,GCSE separate sciences (triple),especializacion,Utilizar fracciones y porcentajes.,Use fractions and percentages (1c),,etiqueta de confianza baja: Es una habilidad matemática genérica sin un contexto biológico específico para ser etiquetada.,,
ENG-BIO-eng_gcse_triple-p019-08,ENG,eng_gcse_triple,19,GCSE separate sciences (triple),especializacion,"Extraer e interpretar información de gráficos, diagramas y tablas.","Extract and interpret information from charts, graphs and tables",,"etiqueta de confianza baja: Es una habilidad procedimental genérica, no enseña un concepto biológico específico, solo prácticas científicas.",,
ENG-FIS-eng_alevel-p012-01,ENG,eng_alevel,12,A level Biology / Chemistry / Physics,especializacion,Comprender y aplicar las leyes del movimiento de Newton.,Newton’s laws of motion,CON:fisica/primera-ley-newton CON:fisica/segunda-ley-newton CON:fisica/aplicaciones-leyes-newton CON:fisica/fuerza-neta-diagrama-cuerpo-libre CON:fisica/tercera-ley-newton,etiqueta de confianza baja: Enunciado muy amplio que abarca las tres leyes de Newton y sus múltiples aplicaciones.,,
ENG-FIS-eng_alevel-p019-05,ENG,eng_alevel,19,A level Biology / Chemistry / Physics,especializacion,Aplicar el conocimiento científico a contextos prácticos.,apply scientific knowledge to practical contexts,,"etiqueta de confianza baja: Enunciado muy general sobre la aplicación del conocimiento, sin especificar conceptos o prácticas concretas.",,
ENG-FIS-eng_gcse_comb-p007-02,ENG,eng_gcse_comb,7,GCSE Combined Science,nucleo,"Evaluar riesgos tanto en la ciencia práctica como en el contexto social más amplio, incluyendo la percepción del riesgo.","evaluate risks both in practical science and the wider societal context, including perception of risk",,extracción parcial: Omite que la percepción del riesgo se evalúa en relación con datos y consecuencias.,,
ENG-FIS-eng_gcse_comb-p007-03,ENG,eng_gcse_comb,7,GCSE Combined Science,nucleo,"Explicar aplicaciones cotidianas y tecnológicas de la ciencia, evaluar sus implicaciones sociales o ambientales y tomar decisiones basadas en evidencia.","explain everyday and technological applications of science; evaluate associated personal, social, economic and environmental implications",,"extracción parcial: Omite las implicaciones personales y económicas, y que las decisiones se basan también en argumentos.",,
ENG-FIS-eng_gcse_comb-p007-05,ENG,eng_gcse_comb,7,GCSE Combined Science,nucleo,"Usar modelos representacionales, espaciales, descriptivos, computacionales y matemáticos para resolver problemas, predecir y desarrollar explicaciones científicas.","use a variety of models such as representational, spatial, descriptive, computational and mathematical",,extracción parcial: Omite que los modelos también desarrollan la comprensión de hechos familiares y no familiares.,,
ENG-FIS-eng_gcse_comb-p008-02,ENG,eng_gcse_comb,8,GCSE Combined Science,nucleo,"Evaluar datos objetivamente en términos de exactitud, precisión, repetibilidad y reproducibilidad, identificando fuentes de error aleatorio y sistemático.","evaluating data in terms of accuracy, precision, repeatability and reproducibility and identifying potential sources",CON:fisica/medicion-magnitudes-instrumentos,"extracción parcial: La paráfrasis omite el componente inicial del objetivo: ""ser objetivo"".",,
ENG-FIS-eng_gcse_comb-p008-03,ENG,eng_gcse_comb,8,GCSE Combined Science,nucleo,"Interpretar observaciones y datos en diversos formatos, identificando patrones y tendencias, haciendo inferencias y sacando conclusiones.","interpreting observations and other data... including identifying patterns and trends, making inferences and drawing conclusions",,"extracción parcial: Omite los formatos de datos que se pueden interpretar (verbal, diagramático, gráfico, etc.).",,
ENG-FIS-eng_gcse_comb-p008-05,ENG,eng_gcse_comb,8,GCSE Combined Science,nucleo,Presentar observaciones y otros datos utilizando métodos adecuados dentro del ciclo de análisis de datos.,presenting observations and other data using appropriate methods,,"extracción parcial: Agrega contexto (""dentro del ciclo de análisis de datos"") que no es parte del objetivo.",,
ENG-FIS-eng_gcse_comb-p008-06,ENG,eng_gcse_comb,8,GCSE Combined Science,nucleo,Realizar y representar análisis matemáticos y estadísticos de los datos recopilados.,carrying out and represent mathematical and statistical analysis,,"extracción parcial: Agrega ""de los datos recopilados"", que es un contexto implícito pero no está en el texto.",,
ENG-FIS-eng_gcse_comb-p008-08,ENG,eng_gcse_comb,8,GCSE Combined Science,nucleo,Traducir datos de un formato a otro durante el proceso de análisis.,translating data from one form to another,,"extracción parcial: Agrega contexto (""durante el proceso de análisis"") que no es parte del objetivo específico.",,
ENG-FIS-eng_gcse_comb-p008-11,ENG,eng_gcse_comb,8,GCSE Combined Science,nucleo,"Utilizar prefijos y potencias de diez para expresar órdenes de magnitud (ej. tera, giga, mega, kilo, centi, mili).","use prefixes and powers of ten for orders of magnitude (e.g. tera, giga, mega, kilo",CON:fisica/sistema-internacional-unidades,"extracción parcial: Omite los ejemplos ""micro"" y ""nano"" de la lista de prefijos.",,
ENG-FIS-eng_gcse_comb-p008-13,ENG,eng_gcse_comb,8,GCSE Combined Science,nucleo,"Utilizar vocabulario, terminología y definiciones científicas de manera adecuada.","use scientific vocabulary, terminology and definitions",,"etiqueta de confianza baja: Es una habilidad transversal, no enseña un concepto de física específico.",,
ENG-FIS-eng_gcse_comb-p030-02,ENG,eng_gcse_comb,30,GCSE Combined Science,nucleo,"Definir el peso, describir cómo se mide y explicar la relación entre el peso de un cuerpo y la intensidad del campo gravitatorio.","define weight, describe how it is measured and describe the relationship",CON:fisica/masa-y-peso CON:fisica/gravedad-atrae-hacia-tierra,"extracción parcial: El documento pide describir la relación, no explicarla, lo que es una demanda menor.",,
ENG-FIS-eng_gcse_comb-p032-06,ENG,eng_gcse_comb,32,GCSE Combined Science,nucleo,"Recordar que las ondas electromagnéticas son transversales, viajan a la misma velocidad en el espacio, y explicar que transfieren energía.","recall that electromagnetic waves are transverse, are transmitted through space where all have the same velocity",CON:fisica/ondas-electromagneticas-espectro CON:fisica/ondas-mecanicas-tipos CON:fisica/rapidez-luz,extracción parcial: Omite que la explicación debe incluir ejemplos y la transferencia es de fuente a absorbedor.,,
ENG-FIS-eng_gcse_comb-p032-07,ENG,eng_gcse_comb,32,GCSE Combined Science,nucleo,"Recordar que las sustancias absorben, transmiten, refractan o reflejan ondas, y explicar cómo estos efectos se relacionan con la velocidad en distintos medios.","recall that different substances may absorb, transmit, refract, or reflect these waves in ways that vary",CON:fisica/reflexion-luz CON:fisica/refraccion-luz CON:fisica/materiales-opacos-transparentes,"extracción parcial: Omite que la absorción, transmisión, etc., de las ondas varía con la longitud de onda.",,
ENG-FIS-eng_gcse_comb-p032-09,ENG,eng_gcse_comb,32,GCSE Combined Science,nucleo,"Describir el movimiento ondulatorio, definir longitud de onda y frecuencia, y aplicar su relación con la velocidad de la onda.","describe wave motion in terms of amplitude, wavelength, frequency and period; define wavelength and frequency",CON:fisica/magnitudes-ondas CON:fisica/ondas-mecanicas-tipos,extracción parcial: Omite que la descripción del movimiento ondulatorio debe incluir amplitud y periodo.,,
ENG-FIS-eng_gcse_comb-p034-08,ENG,eng_gcse_comb,34,GCSE Combined Science,nucleo,Describir la atracción y repulsión entre polos de imanes permanentes y explicar la diferencia entre imanes permanentes e inducidos.,describe the attraction and repulsion between unlike and like poles for permanent magnets,CON:fisica/imanes-polos CON:fisica/materiales-magneticos,"extracción parcial: Omite que la atracción y repulsión es entre polos iguales y opuestos, respectivamente.",,
ENG-FIS-eng_gcse_triple-p007-03,ENG,eng_gcse_triple,7,GCSE separate sciences (triple),especializacion,"Evaluar riesgos tanto en la ciencia práctica como en el contexto social más amplio, incluyendo la percepción del riesgo.","evaluate risks both in practical science and the wider societal context, including perception of risk",,extracción parcial: Omite la parte final sobre la relación con datos y consecuencias.,,
ENG-FIS-eng_gcse_triple-p007-06,ENG,eng_gcse_triple,7,GCSE separate sciences (triple),especializacion,"Usar diversos modelos (representacionales, espaciales, descriptivos, computacionales y matemáticos) para resolver problemas, predecir y desarrollar explicaciones científicas.","use a variety of models such as representational, spatial, descriptive, computational and mathematical to solve problems",,extracción parcial: Omite la parte final sobre la comprensión de hechos familiares y no familiares.,,
ENG-FIS-eng_gcse_triple-p008-01,ENG,eng_gcse_triple,8,GCSE separate sciences (triple),especializacion,"Comunicar la justificación científica, métodos, hallazgos y conclusiones mediante informes y presentaciones en diversos formatos.","communicating the scientific rationale for investigations, methods used, findings and reasoned conclusions through paper-based and electronic reports",,extracción parcial: Omite que la comunicación también puede ser mediante 'presentaciones'.,,
ENG-FIS-eng_gcse_triple-p008-02,ENG,eng_gcse_triple,8,GCSE separate sciences (triple),especializacion,"Interpretar observaciones y datos, identificando patrones y tendencias, haciendo inferencias y sacando conclusiones.","interpreting observations and other data... including identifying patterns and trends, making inferences and drawing conclusions",,"extracción parcial: Omite los formatos en que se pueden presentar los datos (verbal, diagramático, etc.).",,
ENG-FIS-eng_gcse_triple-p008-07,ENG,eng_gcse_triple,8,GCSE separate sciences (triple),especializacion,"Ser objetivo, evaluando datos en términos de exactitud, precisión y repetibilidad, e identificando posibles fuentes de error.","being objective, evaluating data in terms of accuracy, precision, repeatability and reproducibility and identifying potential sources",,extracción parcial: Omite 'reproducibilidad' y la especificación de errores aleatorios y sistemáticos.,,
ENG-FIS-eng_gcse_triple-p008-10,ENG,eng_gcse_triple,8,GCSE separate sciences (triple),especializacion,Reconocer la importancia de las cantidades científicas y comprender cómo se determinan.,recognise the importance of scientific quantities and understand how they are determined,CON:fisica/medicion-magnitudes-instrumentos,etiqueta de confianza baja: Es un enunciado muy general sobre la naturaleza de las magnitudes y su determinación.,,
ENG-FIS-eng_gcse_triple-p008-11,ENG,eng_gcse_triple,8,GCSE separate sciences (triple),especializacion,"Usar prefijos y potencias de diez para órdenes de magnitud (ej. tera, giga, mega, kilo, centi, mili).","use prefixes and powers of ten for orders of magnitude (e.g. tera, giga, mega, kilo, centi, milli",CON:fisica/sistema-internacional-unidades,extracción parcial: Omite los ejemplos 'micro' y 'nano' de la lista de prefijos.,,
ENG-FIS-eng_gcse_triple-p008-13,ENG,eng_gcse_triple,8,GCSE separate sciences (triple),especializacion,"Usar vocabulario científico, terminología y definiciones.","use scientific vocabulary, terminology and definitions",,"etiqueta de confianza baja: Es una habilidad transversal de comunicación científica, no un concepto de contenido físico específico.",,
ENG-FIS-eng_gcse_triple-p033-06,ENG,eng_gcse_triple,33,GCSE separate sciences (triple),especializacion,Comprender que las leyes físicas y los modelos se expresan en forma matemática.,that physical laws and models are expressed in mathematical form,,"etiqueta de confianza baja: Es una afirmación metacientífica sobre la naturaleza matemática de la física, no un concepto concreto.",,
ENG-FIS-eng_gcse_triple-p035-03,ENG,eng_gcse_triple,35,GCSE separate sciences (triple),especializacion,"Diferenciar distorsiones elásticas e inelásticas, calcular el trabajo al estirar, describir la relación fuerza-extensión y calcular la constante elástica en casos lineales.",describe the difference between elastic and inelastic distortions caused by stretching forces; calculate the work done,CON:fisica/fuerza-elastica-ley-hooke CON:fisica/elasticidad-esfuerzo-deformacion CON:fisica/energia-potencial-gravitatoria CON:fisica/trabajo-mecanico,extracción parcial: Omite la parte de describir la diferencia entre relaciones lineales y no lineales.,,
ENG-FIS-eng_gcse_triple-p037-03,ENG,eng_gcse_triple,37,GCSE separate sciences (triple),especializacion,"Describir el movimiento ondulatorio (amplitud, longitud de onda, frecuencia, periodo); definir longitud de onda y frecuencia, y aplicar su relación.","describe wave motion in terms of amplitude, wavelength, frequency and period; define wavelength and frequency",CON:fisica/magnitudes-ondas,"extracción parcial: Combina dos objetivos distintos de dos páginas en uno solo, simplificando el segundo.",,
ENG-FIS-eng_gcse_triple-p040-01,ENG,eng_gcse_triple,40,GCSE separate sciences (triple),especializacion,"Calcular corrientes, voltajes y resistencias en circuitos de CC en serie. Explicar su diseño para medición y representarlos usando convenciones de terminales y símbolos comunes.","calculate the currents, potential differences and resistances in d.c. series circuits, and explain the design",CON:fisica/circuitos-serie-paralelo CON:fisica/ley-ohm CON:fisica/corriente-voltaje-resistencia CON:fisica/resistencia-equivalente,extracción parcial: Omite que el diseño de circuitos es también para pruebas y los ejemplos de símbolos.,,
ENG-FIS-eng_gcse_triple-p040-04,ENG,eng_gcse_triple,40,GCSE separate sciences (triple),especializacion,"Recordar y aplicar la relación entre I, R y V. Explicar que R puede ser variable, y diseñar circuitos para explorar efectos en lámparas, diodos, termistores y LDRs.",recall that current (I) depends on both resistance (R) and potential difference (V) and the units,CON:fisica/ley-ohm CON:fisica/circuitos-serie-paralelo CON:fisica/corriente-voltaje-resistencia,extracción parcial: Omite la mención a las unidades y la distinción entre resistores constantes y variables.,,
ENG-FIS-eng_gcse_triple-p043-04,ENG,eng_gcse_triple,43,GCSE separate sciences (triple),especializacion,"Recordar el tamaño típico, en orden de magnitud, de los átomos y las moléculas pequeñas.",recall the typical size (order of magnitude) of atoms and small molecules,CON:fisica/modelo-particulas CON:fisica/nucleo-atomico-isotopos,etiqueta de confianza baja: Se limita a recordar el orden de magnitud del tamaño de los átomos y moléculas.,,
ENG-QUI-eng_alevel-p011-01,ENG,eng_alevel,11,A level Biology / Chemistry / Physics,especializacion,Definir los metales de transición como elementos del bloque d que forman iones estables con orbitales d incompletos.,the transition metals as d block elements forming one or more stable ions that have incompletely filled d orbitals.,CON:quimica/quimica-descriptiva-de-los-elementos CON:quimica/configuracion-electronica CON:quimica/iones CON:quimica/tabla-periodica,extracción parcial: agregado por el validador (completitud),,
ENG-QUI-eng_alevel-p011-10,ENG,eng_alevel,11,A level Biology / Chemistry / Physics,especializacion,"Comprender la síntesis orgánica, incluyendo las reacciones características de alcanos, alquenos, halogenoalcanos, alcoholes, arenos, aldehídos, cetonas, ácidos carboxílicos, ésteres, aminas, aminoácidos y amidas.","organic synthesis, including characteristic reactions of alkanes, alkenes, halogenoalkanes, alcohols",CON:quimica/reacciones-organicas CON:quimica/sintesis-quimica-y-rutas-de-reaccion CON:quimica/grupos-funcionales CON:quimica/hidrocarburos-alifaticos CON:quimica/hidrocarburos-aromaticos,etiqueta de confianza baja: Enunciado muy amplio que abarca la reactividad de múltiples grupos funcionales y la síntesis.,,
ENG-QUI-eng_gcse_comb-p007-01,ENG,eng_gcse_comb,7,GCSE Combined Science,nucleo,"Planificar experimentos o procedimientos para observar, producir o caracterizar sustancias, probar hipótesis, verificar datos o explorar fenómenos.","plan experiments or devise procedures to make observations, produce or characterise a substance, test hypotheses",,"extracción parcial: La paráfrasis omite las acciones de ""verificar datos"" y ""explorar fenómenos"".",,
ENG-QUI-eng_gcse_comb-p008-01,ENG,eng_gcse_comb,8,GCSE Combined Science,nucleo,Usar unidades del Sistema Internacional (SI) y la nomenclatura química de la IUPAC cuando corresponda.,"use SI units (e.g. kg, g, mg; km, m, mm; kJ, J) and IUPAC chemical nomenclature",CON:quimica/nomenclatura-inorganica CON:quimica/nomenclatura-organica,"extracción parcial: Omite la condición ""a menos que sea inapropiado"".",,
ENG-QUI-eng_gcse_comb-p019-12,ENG,eng_gcse_comb,19,GCSE Combined Science,nucleo,"Usar nombres y símbolos de los primeros 20 elementos, Grupos 1, 7 y 0, y otros comunes para escribir fórmulas y ecuaciones químicas balanceadas.","use the names and symbols of the first 20 elements, Groups 1, 7 and 0",CON:quimica/ecuacion-quimica-y-balanceo CON:quimica/moleculas-y-formulas-quimicas CON:quimica/tabla-periodica,"extracción parcial: Omite que la tabla periódica es suministrada y que se aplica ""donde sea apropiado"".",,
ENG-QUI-eng_gcse_comb-p020-06,ENG,eng_gcse_comb,20,GCSE Combined Science,nucleo,"Explicar cómo las propiedades macroscópicas de los materiales se relacionan con sus tipos de enlaces, fuerzas intermoleculares y disposición, reconociendo que los átomos individuales no tienen estas propiedades.",explain how the bulk properties of materials are related to the different types of bonds,CON:quimica/fuerzas-intermoleculares-y-propiedades-fisicas CON:quimica/tipo-de-enlace-y-propiedades CON:quimica/fuerzas-intermoleculares,"extracción parcial: Simplifica la relación entre fuerza de enlace y fuerzas intermoleculares, omitiendo la comparación.",,
ENG-QUI-eng_gcse_comb-p020-12,ENG,eng_gcse_comb,20,GCSE Combined Science,nucleo,"Usar ideas sobre transferencias de energía, fuerza de enlaces químicos y fuerzas intermoleculares para explicar las diferentes temperaturas a las que ocurren los cambios de estado.",use ideas about energy transfers and the relative strength of chemical bonds and intermolecular forces,CON:quimica/fuerzas-intermoleculares-y-propiedades-fisicas CON:quimica/cambios-de-estado CON:quimica/energia-de-enlace CON:quimica/fuerzas-intermoleculares,"extracción parcial: Omite que se debe considerar la ""fuerza relativa"" de los enlaces y fuerzas.",,
ENG-QUI-eng_gcse_comb-p021-14,ENG,eng_gcse_comb,21,GCSE Combined Science,nucleo,Traducir información entre formas esquemáticas y numéricas.,translate information between diagrammatic and numerical forms (4a),,etiqueta de confianza baja: Es una habilidad transversal; no especifica a qué conceptos químicos concretos se aplica.,,
ENG-QUI-eng_gcse_comb-p022-05,ENG,eng_gcse_comb,22,GCSE Combined Science,nucleo,"Describir la neutralidad, acidez y alcalinidad relativas según el efecto de la concentración de iones de hidrógeno en el valor numérico del pH.",describe neutrality and relative acidity and alkalinity in terms of,CON:quimica/escala-de-ph CON:quimica/autoionizacion-del-agua-y-ph,extracción parcial: Omite la aclaración de que se refiere solo a números enteros de pH.,,
ENG-QUI-eng_gcse_comb-p024-11,ENG,eng_gcse_comb,24,GCSE Combined Science,nucleo,Predecir el efecto de cambiar las condiciones en el equilibrio y sugerir condiciones para obtener un producto particular.,"predict the effect of changing reaction conditions (concentration, temperature",CON:quimica/principio-de-le-chatelier CON:quimica/equilibrio-dinamico CON:quimica/equilibrio-en-procesos-industriales,"extracción parcial: Omite las condiciones específicas (concentración, temperatura, presión) mencionadas en el texto original.",,
ENG-QUI-eng_gcse_comb-p026-02,ENG,eng_gcse_comb,26,GCSE Combined Science,nucleo,"Describir las fracciones como mezclas de compuestos de fórmula CnH2n+2, miembros de la serie homóloga de los alcanos.",describe the fractions as largely a mixture of compounds of formula CnH2n+2,CON:quimica/hidrocarburos-alifaticos CON:quimica/el-carbono-y-las-moleculas-organicas CON:quimica/mezclas,"extracción parcial: Omite la palabra ""largely"" (en gran parte), exagerando la composición de las fracciones.",,
ENG-QUI-eng_gcse_comb-p026-05,ENG,eng_gcse_comb,26,GCSE Combined Science,nucleo,Explicar los principios de los procesos industriales para extraer metales usando la posición del carbono en la serie de reactividad.,"explain, using the position of carbon in the reactivity series, the principles of industrial processes",CON:quimica/agentes-oxidantes-y-reductores CON:quimica/oxidacion-y-reduccion CON:quimica/procesos-de-la-industria-quimica,extracción parcial: Omite el ejemplo específico de la extracción de un metal no ferroso.,,
ENG-QUI-eng_gcse_comb-p026-07,ENG,eng_gcse_comb,26,GCSE Combined Science,nucleo,Describir un proceso de reciclaje de un material para un uso diferente y explicar por qué es viable.,describe a process where a material or product is recycled for a different use,CON:quimica/materiales-y-ambiente,extracción parcial: Omite que el reciclaje puede ser de un material o de un producto.,,
ENG-QUI-eng_gcse_triple-p021-04,ENG,eng_gcse_triple,21,GCSE separate sciences (triple),especializacion,Recordar el tamaño típico (orden de magnitud) de los átomos y las moléculas pequeñas.,recall the typical size (order of magnitude) of atoms and small molecules,CON:quimica/atomo-y-particulas-subatomicas CON:quimica/moleculas-y-formulas-quimicas,etiqueta de confianza baja: Se limita a recordar un dato específico (orden de magnitud) sobre el tamaño atómico.,,
ENG-QUI-eng_gcse_triple-p021-14,ENG,eng_gcse_triple,21,GCSE separate sciences (triple),especializacion,"Usar nombres y símbolos de los primeros 20 elementos, grupos 1, 7, 0 y otros comunes para escribir fórmulas y ecuaciones químicas balanceadas.","use the names and symbols of the first 20 elements, Groups 1, 7 and 0",CON:quimica/ecuacion-quimica-y-balanceo CON:quimica/moleculas-y-formulas-quimicas CON:quimica/tabla-periodica,extracción parcial: Omite que se usará una Tabla Periódica suministrada y la condición 'donde sea apropiado'.,,
ENG-QUI-eng_gcse_triple-p023-03,ENG,eng_gcse_triple,23,GCSE separate sciences (triple),especializacion,"Usar nombres y símbolos de elementos y compuestos comunes, y la conservación de la masa, para escribir fórmulas y ecuaciones químicas balanceadas.",use the names and symbols of common elements and compounds,CON:quimica/conservacion-de-la-masa CON:quimica/ecuacion-quimica-y-balanceo CON:quimica/moleculas-y-formulas-quimicas,"extracción parcial: Omite la parte sobre escribir ""y semiecuaciones"" (and half equations).",,
ENG-QUI-eng_gcse_triple-p024-06,ENG,eng_gcse_triple,24,GCSE separate sciences (triple),especializacion,"Describir la neutralidad, acidez y alcalinidad relativas según el efecto de la concentración de iones de hidrógeno en el valor numérico del pH.",describe neutrality and relative acidity and alkalinity in terms of,CON:quimica/escala-de-ph CON:quimica/acidos-y-bases-propiedades,"extracción parcial: Omite la condición de que el valor del pH es con ""números enteros únicamente"".",,
ENG-TYE-eng_alevel_geo-p003-01,ENG,eng_alevel_geo,3,A level Geology,especializacion,Desarrollar y aplicar su conocimiento y comprensión centrales de la geología.,develop and apply their core knowledge and understanding (section 9),,"extracción parcial: agregado por el validador (completitud) | etiqueta de confianza baja: Enunciado muy general sobre la geología, sin especificar conceptos o prácticas concretas.",,
ENG-TYE-eng_alevel_geo-p003-02,ENG,eng_alevel_geo,3,A level Geology,especializacion,Enriquecer su comprensión de conceptos centrales mediante la exploración de áreas no centrales elegidas.,enrich their understanding of core concepts through an exploration of the chosen non-core areas,,"extracción parcial: agregado por el validador (completitud) | etiqueta de confianza baja: Enunciado metodológico sobre la estructura del currículo, no sobre contenido científico específico.",,
ENG-TYE-eng_alevel_geo-p003-03,ENG,eng_alevel_geo,3,A level Geology,especializacion,Estar expuestos a áreas de investigación actuales donde nuevos descubrimientos pueden revisar la comprensión de fenómenos geológicos.,be exposed to current areas of research where new discoveries may revise our understanding of geological phenomena,,extracción parcial: agregado por el validador (completitud),,
ENG-TYE-eng_alevel_geo-p003-04,ENG,eng_alevel_geo,3,A level Geology,especializacion,Ser introducidos al contexto más amplio de la geociencia como preparación para la educación superior.,be introduced to the wider context of geoscience in preparation for progression to higher education,,"extracción parcial: agregado por el validador (completitud) | etiqueta de confianza baja: Enunciado muy general sobre el propósito del curso, sin contenido científico específico.",,
ENG-TYE-eng_alevel_geo-p003-05,ENG,eng_alevel_geo,3,A level Geology,especializacion,"Usar su conocimiento y comprensión, tanto centrales como no centrales, de manera sinóptica.",use their core and non-core knowledge and understanding synoptically,,"extracción parcial: agregado por el validador (completitud) | etiqueta de confianza baja: Enunciado metodológico sobre la aplicación integrada del conocimiento, sin contenido específico.",,
ENG-TYE-eng_alevel_geo-p003-09,ENG,eng_alevel_geo,3,A level Geology,especializacion,"Seleccionar, usar y evaluar habilidades cuantitativas y cualitativas, incluyendo observación, recolección y análisis de datos de campo geolocalizados, y resolución de problemas.","develop competence and confidence in selecting, using and evaluating a range of quantitative and qualitative skills",,"extracción parcial: Omite desarrollar ""competencia y confianza"" y las habilidades investigativas y matemáticas mencionadas en el texto.",,
ENG-TYE-eng_alevel_geo-p004-06,ENG,eng_alevel_geo,4,A level Geology,especializacion,"Realizar trabajo de campo y actividades experimentales, incluyendo la recolección, compilación y análisis de datos de ciencias de la Tierra y la gestión de riesgos.","carry out fieldwork, experimental and investigative activities in a range of contexts",CON:ciencias_tierra_espacio/riesgo-y-vulnerabilidad,"extracción parcial: Omite las ""actividades investigativas"" y que los datos provienen del campo y subsuelo.",,
ENG-TYE-eng_alevel_geo-p004-07,ENG,eng_alevel_geo,4,A level Geology,especializacion,"Usar el conocimiento para plantear preguntas científicas, definir problemas geológicos y presentar argumentos científicos e ideas geológicas.","use knowledge and understanding to pose scientific questions, define geological problems, present scientific arguments",,"extracción parcial: Omite la palabra ""comprensión"" (understanding) que acompaña a ""conocimiento"" en el texto original.",,
ENG-TYE-eng_alevel_geo-p005-03,ENG,eng_alevel_geo,5,A level Geology,especializacion,"Describir la naturaleza química de los minerales, su estructura cristalina y cómo su composición se expresa mediante fórmulas químicas.","the chemical nature of minerals as naturally occurring elements and inorganic compounds, and how their crystalline structure",CON:ciencias_tierra_espacio/minerales-y-sus-propiedades,extracción parcial: Omite que los minerales son elementos y compuestos inorgánicos de origen natural.,,
ENG-TYE-eng_alevel_geo-p005-04,ENG,eng_alevel_geo,5,A level Geology,especializacion,"Explicar la estructura cristalina de los silicatos, la sustitución de elementos y las series de solución sólida (olivino y plagioclasa).",how the crystalline structure of silicate minerals are built up from silicon-oxygen tetrahedral to form frameworks,CON:ciencias_tierra_espacio/minerales-y-sus-propiedades,extracción parcial: Omite el detalle de cómo se forman las estructuras (tetraedros de silicio-oxígeno).,,
ENG-TYE-eng_alevel_geo-p005-06,ENG,eng_alevel_geo,5,A level Geology,especializacion,"Reconocer las propiedades diagnósticas de las rocas y la evidencia en ellas de los procesos ígneos, metamórficos o sedimentarios formadores.","the diagnostic properties of rocks - colour, composition, grain/crystal size and grain/crystal shape, and sorting/texture",CON:ciencias_tierra_espacio/tipos-de-rocas CON:ciencias_tierra_espacio/ciclo-de-las-rocas,"extracción parcial: Omite la lista de propiedades diagnósticas de las rocas (color, composición, etc.).",,
ENG-TYE-eng_alevel_geo-p005-07,ENG,eng_alevel_geo,5,A level Geology,especializacion,"Describir las capas de la Tierra, sus propiedades químicas y reológicas, y la evidencia directa e indirecta que las define.","the layered structures of the Earth, and how they are defined by the chemical and the rheological properties",CON:ciencias_tierra_espacio/capas-internas-de-la-tierra CON:ciencias_tierra_espacio/ondas-sismicas,"extracción parcial: Omite los ejemplos de evidencia (mediciones geofísicas, xenolitos de manto).",,
ENG-TYE-eng_alevel_geo-p006-01,ENG,eng_alevel_geo,6,A level Geology,especializacion,"Aplicar el uniformismo para interpretar facies sedimentarias antiguas analizando los procesos mecánicos, químicos y biológicos que forman sedimentos y rocas.","the mechanical, chemical and biological processes which form sediments and sedimentary rocks",CON:ciencias_tierra_espacio/registro-fosil-y-cambios-ambientales CON:ciencias_tierra_espacio/erosion-y-sedimentacion CON:ciencias_tierra_espacio/tipos-de-rocas,extracción parcial: Omite la idea clave de la analogía con secuencias y procesos modernos.,,
ENG-TYE-eng_alevel_geo-p006-05,ENG,eng_alevel_geo,6,A level Geology,especializacion,"Explicar el desarrollo del uniformismo y el ciclo de las rocas, incluyendo catastrofismo, extinciones masivas y contribuciones de Hutton y Smith.","how uniformitarianism and the rock cycle model developed over time, including ideas of catastrophism, mass extinctions",CON:ciencias_tierra_espacio/ciclo-de-las-rocas CON:ciencias_tierra_espacio/glaciaciones CON:ciencias_tierra_espacio/tiempo-geologico,extracción parcial: Omite la mención a las condiciones y tasas de procesos geológicos cambiantes.,,
ENG-TYE-eng_alevel_geo-p006-09,ENG,eng_alevel_geo,6,A level Geology,especializacion,"Describir el desarrollo histórico del paradigma de la tectónica de placas, incluyendo deriva continental, convección del manto y fuerzas asociadas.","how the plate tectonics paradigm developed over time, including continental drift, active mantle convection carrying passive tectonic plates",CON:ciencias_tierra_espacio/deriva-continental-y-expansion-del-fondo-oceanico CON:ciencias_tierra_espacio/conveccion-del-manto-y-energia-interna CON:ciencias_tierra_espacio/tectonica-de-placas,"extracción parcial: Simplifica en exceso las fuerzas específicas mencionadas (arrastre del manto, empuje de dorsal).",,
ENG-TYE-eng_alevel_geo-p006-10,ENG,eng_alevel_geo,6,A level Geology,especializacion,"Explicar cómo el movimiento de placas genera ambientes tectónicos tensionales, compresivos y de cizalla, provocando la deformación de las rocas.","how plate movement causes tensional, compressive and shear dominated tectonic environments, which can lead to rock deformation",CON:ciencias_tierra_espacio/limites-de-placas CON:ciencias_tierra_espacio/tectonica-de-placas,extracción parcial: Omite que la deformación es resultado de esfuerzos tectónicos o gravitacionales.,,
ENG-TYE-eng_alevel_geo-p006-12,ENG,eng_alevel_geo,6,A level Geology,especializacion,"Interpretar la tectónica de placas usando la distribución global de características geológicas, incluyendo zonas volcánicas, cinturones orogénicos y paleoambientes.","the global distribution of geological features including volcanic zones, orogenic belts, palaeoecology and palaeoenvironments",CON:ciencias_tierra_espacio/tectonica-de-placas CON:ciencias_tierra_espacio/limites-de-placas CON:ciencias_tierra_espacio/origen-del-vulcanismo CON:ciencias_tierra_espacio/registro-fosil-y-cambios-ambientales,extracción parcial: Omite la 'paleoecología' de la lista de características geológicas a considerar.,,
ENG-TYE-eng_alevel_geo-p007-01,ENG,eng_alevel_geo,7,A level Geology,especializacion,"Analizar cómo ha cambiado la Tierra a través del tiempo geológico, incluyendo cambios a largo plazo en el clima, atmósfera, nivel del mar y continentes.",how the Earth has changed through geological time (with particular focus on the Phanerozoic Eon),CON:ciencias_tierra_espacio/sistemas-terrestres CON:ciencias_tierra_espacio/tiempo-geologico CON:ciencias_tierra_espacio/deriva-continental-y-expansion-del-fondo-oceanico CON:ciencias_tierra_espacio/glaciaciones,"extracción parcial: Omite la mención específica del Eón Fanerozoico, que acota el alcance del objetivo.",,
ENG-TYE-eng_alevel_geo-p007-05,ENG,eng_alevel_geo,7,A level Geology,especializacion,Utilizar las tasas de desintegración radiactiva para determinar una edad numérica basada en la presencia de radionucleidos en los minerales.,the use of radioactive decay rates... to give a numerical age based on the presence of radionuclides,CON:ciencias_tierra_espacio/tiempo-geologico CON:ciencias_tierra_espacio/minerales-y-sus-propiedades,"extracción parcial: Omite la referencia al apéndice, que es parte del objetivo original.",,
ENG-TYE-eng_alevel_geo-p008-04,ENG,eng_alevel_geo,8,A level Geology,especializacion,"Analizar los controles sobre la calidad del agua subterránea resultantes de la geoquímica, filtración de acuíferos, tiempo de residencia y fuentes de contaminación.","the controls on groundwater quality which result from geochemistry (carbonates and sulfates), aquifer filtration, residence time",CON:ciencias_tierra_espacio/aguas-subterraneas-y-acuiferos CON:ciencias_tierra_espacio/potabilizacion-y-desalinizacion CON:ciencias_tierra_espacio/impacto-ambiental-de-actividades-humanas,extracción parcial: Omite los ejemplos de geoquímica (carbonatos y sulfatos) que se mencionan en el texto.,,
ENG-TYE-eng_alevel_geo-p008-07,ENG,eng_alevel_geo,8,A level Geology,especializacion,"Describir las características de la geología del subsuelo que controlan el flujo de aguas subterráneas, incluyendo acuíferos, acuícludos, acuitardos, nivel freático, superficies piezométricas y zonas de recarga.",the characteristics of subsurface geology which control the flow of groundwater (hydrogeology) including confined and unconfined aquifers,CON:ciencias_tierra_espacio/aguas-subterraneas-y-acuiferos,"extracción parcial: Omite la distinción entre acuíferos confinados y no confinados, que está en el original.",,
ENG-TYE-eng_alevel_geo-p008-09,ENG,eng_alevel_geo,8,A level Geology,especializacion,"Explicar cómo la porosidad y permeabilidad controlan los fluidos en rocas, y la importancia de su comportamiento para la hidrogeología, geología económica, ingeniería y análisis de riesgos.","how the presence of fluids in rocks and sediments -water, oil and gas is controlled by porosity",CON:ciencias_tierra_espacio/aguas-subterraneas-y-acuiferos CON:ciencias_tierra_espacio/amenazas-naturales CON:ciencias_tierra_espacio/recursos-minerales-y-mineria,"extracción parcial: Omite que el control de fluidos también ocurre en sedimentos y los ejemplos (agua, petróleo).",,
ENG-TYE-eng_alevel_geo-p008-13,ENG,eng_alevel_geo,8,A level Geology,especializacion,Modelar el flujo de fluidos en las rocas utilizando la Ley de Darcy.,how the flow of fluids in rocks can be modeled using Darcy’s Law,CON:ciencias_tierra_espacio/aguas-subterraneas-y-acuiferos,"extracción parcial: Omite la referencia al apéndice, que es parte del objetivo original.",,
ENG-TYE-eng_alevel_geo-p008-14,ENG,eng_alevel_geo,8,A level Geology,especializacion,"Sintetizar y resumir conjuntos de datos geológicos, y comunicar esta información para el uso de personas no especialistas.",the synthesis and summary of geological data sets and the communication of this information,,etiqueta de confianza baja: Se enfoca en las prácticas de sintetizar y comunicar información geológica a no expertos.,,
ENG-TYE-eng_alevel_geo-p012-01,ENG,eng_alevel_geo,12,A level Geology,especializacion,Experimentar y desarrollar competencia en las habilidades y técnicas prácticas contenidas en el apéndice uno.,experience and develop competency in the skills and techniques contained in appendix one,,"etiqueta de confianza baja: Enunciado genérico sobre desarrollo de habilidades prácticas, sin contenido conceptual específico.",,
ENG-TYE-eng_alevel_geo-p013-01,ENG,eng_alevel_geo,13,A level Geology,especializacion,Aplicar conocimientos y conceptos para identificar y comprender observaciones de campo.,apply knowledge and concepts to identify and understand field observations,,etiqueta de confianza baja: Enunciado general sobre la aplicación de conceptos para interpretar observaciones de campo.,,
ENG-TYE-eng_alevel_geo-p013-02,ENG,eng_alevel_geo,13,A level Geology,especializacion,"Desarrollar independencia en la aplicación de habilidades y técnicas de investigación y prácticas, pasando de tareas guiadas a no guiadas.",develop increasing independence in their application of the investigative and practical skills,,etiqueta de confianza baja: Describe una progresión pedagógica en el desarrollo de habilidades de investigación.,,
ENG-TYE-eng_alevel_geo-p013-07,ENG,eng_alevel_geo,13,A level Geology,especializacion,Aplicar el conocimiento geológico a contextos prácticos.,apply geological knowledge to practical contexts,,"etiqueta de confianza baja: Enunciado muy general sobre la aplicación del conocimiento, sin especificar conceptos o prácticas.",,
ENG-TYE-eng_alevel_geo-p013-08,ENG,eng_alevel_geo,13,A level Geology,especializacion,Resolver problemas planteados en contextos geológicos.,solve problems set in geological contexts,,"etiqueta de confianza baja: Enunciado general sobre la resolución de problemas, sin especificar el tipo de problema.",,
ENG-TYE-eng_alevel_geo-p014-01,ENG,eng_alevel_geo,14,A level Geology,especializacion,"Utilizar una amplia gama de instrumentos, equipos y técnicas de investigación y prácticas apropiadas para el conocimiento.","use a wide range of investigative and practical instruments, equipment and techniques",,etiqueta de confianza baja: Enunciado muy general sobre el uso de instrumentos y técnicas de investigación sin especificar contenido.,,
ENG-TYE-eng_alevel_geo-p014-04,ENG,eng_alevel_geo,14,A level Geology,especializacion,Aplicar enfoques y métodos de investigación al trabajo práctico.,apply investigative approaches and methods to practical work,,etiqueta de confianza baja: Enunciado genérico sobre la aplicación de métodos de investigación sin especificar cuáles ni a qué.,,
ENG-TYE-eng_alevel_geo-p015-09,ENG,eng_alevel_geo,15,A level Geology,especializacion,"Usar TIC para recopilar, analizar y visualizar conjuntos de datos geológicos mediante sistemas de información geográfica (SIG).",compile and analyse geological data sets through to visualization,,"extracción parcial: Traduce ""compile"" como ""recopilar"", que es impreciso; ""compilar"" sería más adecuado.",,
ENG-TYE-eng_alevel_geo-p015-12,ENG,eng_alevel_geo,15,A level Geology,especializacion,"Usar un clinómetro de brújula para medir datos geológicos bidimensionales y tridimensionales, como el buzamiento y la dirección de superficies planas o pliegues.",use of a compass clinometer to measure two and,,extracción parcial: Omite los detalles sobre la escala y el buzamiento aparente de los pliegues.,,
ENG-TYE-eng_gcse_triple-p032-06,ENG,eng_gcse_triple,32,GCSE separate sciences (triple),especializacion,"Extraer e interpretar información a partir de gráficos, diagramas y tablas.","extract and interpret information from charts, graphs and tables",,"extracción parcial: La traducción de 'charts, graphs' como 'gráficos, diagramas' es una interpretación imprecisa.",,
HK-BIO-hk_bio-p021-01,HK,hk_bio,21,HKDSE Biology (marco actualizado),especializacion,Calcular el aumento de imágenes y el tamaño de estructuras celulares y subcelulares en micrografías y dibujos biológicos.,calculate the magnification of images and sizes of cell structures and sub-cellular structures shown in photomicrographs,CON:biologia/estructuras-celulares-basicas,"extracción parcial: La paráfrasis omite 'fotomicrografías' y 'micrografías electrónicas', generalizándolos como 'micrografías'.",,
HK-BIO-hk_bio-p022-02,HK,hk_bio,22,HKDSE Biology (marco actualizado),especializacion,Reconocer las aplicaciones del conocimiento biológico sobre las células en la sociedad.,the applications of biological knowledge of cells in society;,,etiqueta de confianza baja: El enunciado es muy amplio y no especifica qué conocimiento o aplicaciones se deben reconocer.,,
HK-BIO-hk_bio-p027-01,HK,hk_bio,27,HKDSE Biology (marco actualizado),especializacion,Indicar la importancia de la fotosíntesis.,state the significance of photosynthesis,CON:biologia/fotosintesis CON:biologia/ciclo-del-carbono-y-oxigeno CON:biologia/flujo-de-energia-y-piramides CON:biologia/nutricion-autotrofa-y-heterotrofa,"etiqueta de confianza baja: El enunciado es muy vago; ""importancia"" puede referirse a muchos aspectos ecológicos y celulares.",,
HK-BIO-hk_bio-p033-01,HK,hk_bio,33,HKDSE Biology (marco actualizado),especializacion,Describir el proceso de intercambio de gases en una hoja.,describe the process of gas exchange in a leaf,CON:biologia/intercambio-de-gases-en-plantas CON:biologia/fotosintesis CON:biologia/respiracion-celular,extracción parcial: Omite la especificación de que se refiere a hojas de dicotiledóneas terrestres (nota 10).,,
HK-BIO-hk_bio-p033-07,HK,hk_bio,33,HKDSE Biology (marco actualizado),especializacion,Describir el movimiento del agua a través de las células de la hoja mediante la pared celular y la membrana celular.,describe the movement of water across cells in the leaf through the cell wall,CON:biologia/difusion-y-osmosis CON:biologia/tejidos-vegetales,extracción parcial: Omite la especificación de que se refiere a plantas dicotiledóneas terrestres (nota 11).,,
HK-BIO-hk_bio-p033-08,HK,hk_bio,33,HKDSE Biology (marco actualizado),especializacion,Describir el proceso de transpiración en una hoja.,describe the process of transpiration in a leaf,CON:biologia/difusion-y-osmosis CON:biologia/intercambio-de-gases-en-plantas,extracción parcial: Omite la especificación de que se refiere a plantas dicotiledóneas terrestres (nota 11).,,
HK-BIO-hk_bio-p035-03,HK,hk_bio,35,HKDSE Biology (marco actualizado),especializacion,Explicar la importancia del soporte en las plantas.,K24 explain the significance of support in plants,CON:biologia/tejidos-vegetales CON:biologia/fotosintesis CON:biologia/necesidades-de-los-seres-vivos,"etiqueta de confianza baja: Enunciado muy general; la ""importancia"" del soporte es un concepto funcional amplio.",,
HK-BIO-hk_bio-p036-02,HK,hk_bio,36,HKDSE Biology (marco actualizado),especializacion,"Comprender que el conocimiento y las teorías biológicas se desarrollan mediante observaciones, hipótesis, experimentación y análisis.","the biological knowledge and theories are developed through observations, hypotheses, experimentations and analyses",,"etiqueta de confianza baja: El enunciado es sobre la naturaleza de la ciencia, un concepto metacientífico no presente.",,
HK-BIO-hk_bio-p041-11,HK,hk_bio,41,HKDSE Biology (marco actualizado),especializacion,"Indicar los componentes principales del sistema linfático (vasos linfáticos, ganglios linfáticos y linfa) y sus funciones.",K30 state the main components of the lymphatic system,CON:biologia/sistema-inmunitario CON:biologia/circulacion-e-intercambio-capilar CON:biologia/sistema-circulatorio,"etiqueta de confianza baja: El enunciado trata sobre el sistema linfático, un concepto ausente en el catálogo.",,
HK-BIO-hk_bio-p052-02,HK,hk_bio,52,HKDSE Biology (marco actualizado),especializacion,Aplicar el conocimiento biológico para mejorar el rendimiento de los atletas.,the application of biological knowledge in enhancing the performance of athletes,CON:biologia/homeostasis CON:biologia/energia-de-los-alimentos-y-balance-energetico CON:biologia/sistema-circulatorio CON:biologia/sistema-locomotor,etiqueta de confianza baja: Enunciado muy vago que aplica múltiples conceptos fisiológicos para optimizar el rendimiento físico.,,
HK-BIO-hk_bio-p065-01,HK,hk_bio,65,HKDSE Biology (marco actualizado),especializacion,"Analizar las implicaciones sociales, éticas, económicas y ambientales de la aplicación del conocimiento biológico en la sociedad, como el control de la natalidad y la agricultura.","the application of biological knowledge... in society and its social, ethical, economic and environmental implications",CON:biologia/agricultura-y-seguridad-alimentaria CON:biologia/reproduccion-humana-y-pubertad,"extracción parcial: Omite ejemplos de la aplicación del conocimiento biológico, como la propagación vegetativa artificial.",,
HK-BIO-hk_bio-p065-04,HK,hk_bio,65,HKDSE Biology (marco actualizado),especializacion,"Comprender que el conocimiento y las teorías biológicas se desarrollan a través de observaciones, hipótesis, experimentación y análisis.","the biological knowledge and theories are developed through observations, hypotheses",,extracción parcial: Omite el ejemplo proporcionado sobre la dispersión de semillas y frutos.,,
HK-BIO-hk_bio-p067-02,HK,hk_bio,67,HKDSE Biology (marco actualizado),especializacion,"Construir e interpretar diagramas genéticos, como cuadros de Punnett, para explicar y predecir resultados de cruces monohíbridos.","construct and interpret genetic diagrams, including Punnett squares, to explain and predict the outcomes",CON:biologia/herencia-mendeliana CON:biologia/genotipo-y-fenotipo,"extracción parcial: Omite que los cruces involucran dominancia, codominancia y ligamiento al sexo.",,
HK-BIO-hk_bio-p078-02,HK,hk_bio,78,HKDSE Biology (marco actualizado),especializacion,Describir el principio de la electroforesis en gel de ADN.,outline the principle of DNA gel electrophoresis,CON:biologia/pcr-y-electroforesis CON:biologia/adn-y-cromosomas,extracción parcial: El verbo «describir» es más exigente que «outline» (esbozar) del documento.,,
HK-BIO-hk_bio-p078-05,HK,hk_bio,78,HKDSE Biology (marco actualizado),especializacion,Describir los principios básicos de la reacción en cadena de la polimerasa (PCR).,outline the principle of PCR,CON:biologia/pcr-y-electroforesis CON:biologia/replicacion-del-adn,extracción parcial: El verbo «describir» es más exigente que «outline» (esbozar) del documento.,,
HK-BIO-hk_bio-p079-01,HK,hk_bio,79,HKDSE Biology (marco actualizado),especializacion,Describir el principio del análisis de repeticiones en tándem cortas (STR).,outline the principle of STR analysis,CON:biologia/genomica-y-perfiles-de-adn CON:biologia/diversidad-genetica-de-poblaciones,extracción parcial: El verbo «describir» es más exigente que «outline» (esbozar) del documento.,,
HK-BIO-hk_bio-p085-01,HK,hk_bio,85,HKDSE Biology (marco actualizado),especializacion,Reconocer algunos de los factores que afectan la salud humana.,K2 recognise some factors that affect health,CON:biologia/habitos-de-vida-saludable CON:biologia/enfermedades-infecciosas-y-no-infecciosas,etiqueta de confianza baja: Enunciado muy vago. Se asume que se refiere a hábitos y enfermedades en general.,,
HK-BIO-hk_bio-p093-02,HK,hk_bio,93,HKDSE Biology (marco actualizado),especializacion,Reconocer las necesidades de llevar a cabo la conservación ambiental.,recognise the needs for conservation,CON:biologia/conservacion-de-la-biodiversidad CON:biologia/impacto-humano-en-los-ecosistemas CON:biologia/sostenibilidad-de-la-biosfera,etiqueta de confianza baja: Enunciado muy general y actitudinal sobre la necesidad de la conservación de la biodiversidad.,,
HK-BIO-hk_bio-p094-06,HK,hk_bio,94,HKDSE Biology (marco actualizado),especializacion,Reconocer la importancia de proteger a las especies en peligro de extinción.,recognise the importance of protection of endangered species,CON:biologia/conservacion-de-la-biodiversidad CON:biologia/extincion-de-especies,etiqueta de confianza baja: Enunciado actitudinal y general sobre la importancia de proteger especies en peligro de extinción.,,
HK-BIO-hk_bio-p096-01,HK,hk_bio,96,HKDSE Biology (marco actualizado),especializacion,Describir la importancia ecológica (restauración de servicios ecosistémicos y biodiversidad) de los proyectos de forestación en los parques nacionales de Hong Kong.,describe the ecological significance (restoration of ecosystem services and biodiversity),CON:biologia/conservacion-de-la-biodiversidad CON:biologia/biodiversidad CON:biologia/sostenibilidad-de-la-biosfera,"extracción parcial: El documento dice 'country parks', no 'parques nacionales', que es un término diferente.",,
HK-BIO-hk_bio-p096-03,HK,hk_bio,96,HKDSE Biology (marco actualizado),especializacion,"Reconocer los tipos de áreas de conservación en Hong Kong (parques nacionales, áreas especiales, parques y reservas marinas, sitios Ramsar y SSSI).",recognise the types of conservation areas in Hong Kong,CON:biologia/conservacion-de-la-biodiversidad CON:biologia/biodiversidad CON:biologia/ecosistemas-acuaticos-y-marinos,"extracción parcial: El documento dice 'country parks', no 'parques nacionales'.",,
HK-BIO-hk_bio-p103-09,HK,hk_bio,103,HKDSE Biology (marco actualizado),especializacion,Llevar a cabo el trabajo práctico de manera adecuada.,Carry out the practical work properly,,"etiqueta de confianza baja: Enunciado muy general sobre la ejecución de trabajos prácticos, sin especificar qué implica ""adecuada"".",,
HK-FIS-hk_fis-p033-02,HK,hk_fis,33,HKDSE Physics (marco actualizado),especializacion,"Discutir el dilema del transporte moderno al elegir entre velocidad y seguridad, y entre comodidad y protección ambiental.",discuss the dilemma for modern transportation in choosing between,CON:fisica/conservacion-momento-lineal CON:fisica/disipacion-eficiencia CON:fisica/energia-cinetica CON:fisica/fuentes-energia-renovables,"etiqueta de confianza baja: Discute dilemas socio-científicos aplicando conceptos de energía, momento y eficiencia al transporte.",,
HK-FIS-hk_fis-p034-01,HK,hk_fis,34,HKDSE Physics (marco actualizado),especializacion,"Discutir el uso de dispositivos tecnológicos, incluyendo vehículos terrestres y espaciales como la nave Shenzhou.",discuss the use of technological devices including terrestrial and space vehicles,CON:fisica/aplicaciones-leyes-newton CON:fisica/orbitas-satelites CON:fisica/gravitacion-universal CON:fisica/segunda-ley-newton,etiqueta de confianza baja: Enunciado muy vago sobre la aplicación de la mecánica en vehículos terrestres y espaciales.,,
HK-FIS-hk_fis-p034-04,HK,hk_fis,34,HKDSE Physics (marco actualizado),especializacion,"Evaluar el diseño tecnológico del transporte moderno, como bolsas de aire, patrones de neumáticos, vehículos híbridos y trenes de levitación magnética.","evaluate the technological design of modern transport (e.g. airbags in cars, tread patterns",CON:fisica/friccion-resistencia-aire CON:fisica/momento-lineal-impulso CON:fisica/campo-magnetico CON:fisica/disipacion-eficiencia,"etiqueta de confianza baja: Enunciado muy amplio que mezcla temas de mecánica, energía y electromagnetismo en el transporte.",,
HK-FIS-hk_fis-p039-04,HK,hk_fis,39,HKDSE Physics (marco actualizado),especializacion,"Leer los objetivos de desarrollo sostenible y tratados climáticos para comprender las conexiones entre ciencia, tecnología, sociedad y medio ambiente.",read the sustainable development goals and the international treaty,CON:fisica/absorcion-radiacion-efecto-invernadero CON:fisica/fuentes-energia-renovables,"etiqueta de confianza baja: Enunciado muy general sobre la relación CTSA, no enseña un concepto físico específico.",,
HK-FIS-hk_fis-p041-02,HK,hk_fis,41,HKDSE Physics (marco actualizado),especializacion,"Describir el movimiento ondulatorio usando términos como forma de onda, cresta, valle, compresión, rarefacción, frente de onda, fase, amplitud y frecuencia.","describe wave motion in terms of waveform, crest, trough, compression, rarefaction, wavefront, phase",CON:fisica/magnitudes-ondas CON:fisica/ondas-mecanicas-tipos,"extracción parcial: La paráfrasis omite varios términos de la lista del documento (p. ej., longitud de onda).",,
HK-FIS-hk_fis-p041-05,HK,hk_fis,41,HKDSE Physics (marco actualizado),especializacion,Comprender el cambio en la velocidad de las ondas durante la refracción y definir el índice de refracción.,realise the change in wave speeds during refraction and define refractive index,CON:fisica/refraccion-luz CON:fisica/rapidez-luz,extracción parcial: Omite que el índice de refracción se define en términos de la velocidad de la onda.,,
HK-FIS-hk_fis-p045-04,HK,hk_fis,45,HKDSE Physics (marco actualizado),especializacion,"Determinar los efectos de la longitud de onda, separación de rendijas o distancia rendija-pantalla en un patrón de interferencia de doble rendija.","determine the effects of wavelengths, slit separation or slit-screen distance on an interference pattern",CON:fisica/interferencia-luz CON:fisica/magnitudes-ondas,extracción parcial: Omite la mención específica al experimento de doble rendija.,,
HK-FIS-hk_fis-p045-14,HK,hk_fis,45,HKDSE Physics (marco actualizado),especializacion,"Investigar el uso médico relacionado con principios físicos, como el endoscopio, el transductor, el escaneo de rayos X y la tomografía computarizada.","investigate the medical use in related to physical principles, such as endoscope",CON:fisica/radiacion-ionizante-aplicaciones CON:fisica/ondas-electromagneticas-espectro CON:fisica/reflexion-interna-total,etiqueta de confianza baja: Enunciado muy amplio que lista diversas aplicaciones médicas de la física sin foco claro.,,
HK-FIS-hk_fis-p046-02,HK,hk_fis,46,HKDSE Physics (marco actualizado),especializacion,Definir la diferencia de potencial eléctrico (voltaje) como la energía potencial eléctrica convertida a otras formas por unidad de carga.,define the electric potential difference (p.d.)/voltage between two points in a circuit,CON:fisica/potencial-electrico CON:fisica/corriente-voltaje-resistencia CON:fisica/transformaciones-energia,"extracción parcial: El objetivo combina correctamente dos líneas, pero la cita es incompleta y solo muestra la primera.",,
HK-FIS-hk_fis-p047-02,HK,hk_fis,47,HKDSE Physics (marco actualizado),especializacion,Comparar circuitos en serie y en paralelo en términos de la diferencia de potencial y la corriente a través de sus componentes.,compare series and parallel circuits in terms of p.d. across components of each circuit,CON:fisica/circuitos-serie-paralelo CON:fisica/corriente-voltaje-resistencia CON:fisica/leyes-kirchhoff,"extracción parcial: El objetivo es más completo que la cita, que omite la parte de la corriente.",,
HK-FIS-hk_fis-p047-03,HK,hk_fis,47,HKDSE Physics (marco actualizado),especializacion,"Comparar experimentalmente la f.e.m. y el voltaje terminal de una fuente, relacionando la diferencia con su resistencia interna.",compare the e.m.f. of a source and the terminal voltage across the source experimentally,CON:fisica/leyes-kirchhoff CON:fisica/corriente-voltaje-resistencia CON:fisica/ley-ohm,"extracción parcial: El objetivo es más completo que la cita, que omite la relación con la resistencia interna.",,
HK-FIS-hk_fis-p047-04,HK,hk_fis,47,HKDSE Physics (marco actualizado),especializacion,Derivar las combinaciones de resistencia en serie (R = R1 + R2 + ...) y en paralelo (1/R = 1/R1 + 1/R2 + ...).,derive the resistance combinations in series and parallel R = R1 + R2 + …,CON:fisica/resistencia-equivalente CON:fisica/circuitos-serie-paralelo CON:fisica/ley-ohm CON:fisica/leyes-kirchhoff,"extracción parcial: El objetivo combina varios puntos y la cita es incompleta, omitiendo la fórmula paralela.",,
HK-FIS-hk_fis-p047-08,HK,hk_fis,47,HKDSE Physics (marco actualizado),especializacion,Definir la fuerza electromotriz (f.e.m.) de una fuente como la energía impartida por la fuente por unidad de carga.,define the electromotive force (e.m.f.) of a source as the energy imparted by the source,CON:fisica/leyes-kirchhoff CON:fisica/conservacion-energia CON:fisica/potencial-electrico,"extracción parcial: El objetivo es más completo que la cita, que omite la frase 'per unit charge'.",,
HK-FIS-hk_fis-p053-05,HK,hk_fis,53,HKDSE Physics (marco actualizado),especializacion,Describir las diversas etapas de elevación y reducción del voltaje en un sistema de red para la transmisión de energía.,describe various stages of stepping up and down of the voltage in a grid system,CON:fisica/corriente-alterna-transformador CON:fisica/potencia-electrica-joule,extracción parcial: Omite la parte final de la frase «for power transmission».,,
HK-FIS-hk_fis-p054-07,HK,hk_fis,54,HKDSE Physics (marco actualizado),especializacion,Discutir la aplicación diaria de dispositivos sensores para un entorno de vida inteligente.,discuss daily application of sensing devices for smart living environment,CON:fisica/transformaciones-energia,"etiqueta de confianza baja: Es un enunciado muy amplio y aplicado sobre tecnología, no sobre un principio físico.",,
HK-FIS-hk_fis-p054-09,HK,hk_fis,54,HKDSE Physics (marco actualizado),especializacion,Interpretar la emisión de luz de los LED según el cambio de energía a nivel atómico y discutir su eficiencia.,interpret the light emission of LED in terms of energy change,CON:fisica/niveles-energia-espectros CON:fisica/semiconductores-dispositivos CON:fisica/disipacion-eficiencia,"extracción parcial: Omite la discusión sobre la durabilidad (""endurance"") de los LED.",,
HK-FIS-hk_fis-p054-10,HK,hk_fis,54,HKDSE Physics (marco actualizado),especializacion,Reconocer el principio de funcionamiento básico de los sensores comunes que detectan o miden magnitudes físicas y las convierten.,recognise the basic working principle of common sensors that operate,CON:fisica/transformaciones-energia,"extracción parcial: Omite que las magnitudes físicas se convierten en señales eléctricas. | etiqueta de confianza baja: Enunciado muy general sobre el principio de los sensores, que abarca múltiples fenómenos físicos.",,
HK-FIS-hk_fis-p055-02,HK,hk_fis,55,HKDSE Physics (marco actualizado),especializacion,Investigar la ley de Faraday ε = -ΔΦ/Δt usando un generador de señales en un solenoide y medir la f.e.m. inducida.,investigate Faraday’s law ε =−ΔΦ/Δt using signal generator across a solenoid,CON:fisica/induccion-electromagnetica CON:fisica/campo-magnetico,extracción parcial: Omite que la f.e.m. se mide en una bobina circundante y con un osciloscopio.,,
HK-FIS-hk_fis-p055-04,HK,hk_fis,55,HKDSE Physics (marco actualizado),especializacion,Aplicar la conservación de la energía mecánica para resolver problemas sobre el lanzamiento y movimiento de cuerpos celestes artificiales.,apply conservation of mechanical energy to solve problems involving launching,CON:fisica/conservacion-energia-mecanica CON:fisica/energia-cinetica CON:fisica/energia-potencial-gravitatoria CON:fisica/orbitas-satelites,"extracción parcial: Omite que los problemas también pueden involucrar naves espaciales (""or spacecraft"").",,
HK-FIS-hk_fis-p055-06,HK,hk_fis,55,HKDSE Physics (marco actualizado),especializacion,Apreciar las contribuciones de la nación al desarrollo de la tecnología aeroespacial.,appreciate the nation’s contributions to the development of aerospace technology,,"etiqueta de confianza baja: Es un objetivo actitudinal, no enseña conceptos de física, sino que promueve la apreciación.",,
HK-FIS-hk_fis-p055-10,HK,hk_fis,55,HKDSE Physics (marco actualizado),especializacion,Reconocer las diversas aplicaciones de los satélites.,recognise the diverse applications of satellites,CON:fisica/orbitas-satelites,"etiqueta de confianza baja: El enunciado se refiere a aplicaciones tecnológicas, no a principios físicos subyacentes.",,
HK-FIS-hk_fis-p056-01,HK,hk_fis,56,HKDSE Physics (marco actualizado),especializacion,Buscar información sobre el avión de desarrollo nacional C919.,search for the information on home-developed aircraft C919,,"etiqueta de confianza baja: Es una actividad de búsqueda de información sobre tecnología, no sobre principios físicos.",,
HK-FIS-hk_fis-p056-05,HK,hk_fis,56,HKDSE Physics (marco actualizado),especializacion,"Construir modelos relacionados con la tecnología aeroespacial nacional, como el cohete Larga Marcha, la nave Shenzhou y el satélite Beidou.","construct models related to national aerospace technology, such as Long March rocket",,"etiqueta de confianza baja: Es una actividad de construcción de maquetas, no de enseñanza de conceptos físicos.",,
HK-FIS-hk_fis-p056-14,HK,hk_fis,56,HKDSE Physics (marco actualizado),especializacion,"Leer la historia del primer astronauta de Hong Kong en la estación Tiangong, su entrenamiento intensivo y su papel como experto en carga útil.",read the story of Hong Kong’s first astronaut entering Tiangong space station,,"etiqueta de confianza baja: Es una lectura sobre la historia de la astronáutica, no enseña conceptos de física.",,
HK-FIS-hk_fis-p056-15,HK,hk_fis,56,HKDSE Physics (marco actualizado),especializacion,"Leer sobre los proyectos nacionales de exploración espacial, como la investigación en Tiangong y la exploración lunar y de Marte.",read the national space exploration projects (e.g. scientific research in Tiangong,,"etiqueta de confianza baja: Es una lectura sobre proyectos de exploración espacial, no sobre los principios físicos subyacentes.",,
HK-FIS-hk_fis-p056-16,HK,hk_fis,56,HKDSE Physics (marco actualizado),especializacion,"Realizar una auditoría energética en hogares o escuelas, midiendo la energía eléctrica mensual y estimando su uso en iluminación, climatización y cocina.",carry out an energy audit on their own homes or schools,CON:fisica/potencia-electrica-joule CON:fisica/disipacion-eficiencia CON:fisica/energia-usos-vida-diaria CON:fisica/transformaciones-energia,"extracción parcial: Omite ""calentamiento de agua"" de la lista de ejemplos de uso de energía.",,
HK-FIS-hk_fis-p056-17,HK,hk_fis,56,HKDSE Physics (marco actualizado),especializacion,Recopilar y analizar el uso de sensores en hogares o escuelas y estudiar cómo se transmiten y procesan los datos en la nube.,gather and analyse the use of sensors on their own homes or schools,,"etiqueta de confianza baja: Se centra en la tecnología de sensores y datos, no en los principios físicos subyacentes.",,
HK-FIS-hk_fis-p056-19,HK,hk_fis,56,HKDSE Physics (marco actualizado),especializacion,"Visitar museos o sitios relacionados con la tecnología aeroespacial, como el Museo del Espacio de Hong Kong o la Academia de Investigación Aeroespacial.",visit to museums/sites related to aerospace technology (e.g. HK Space Museum,,"extracción parcial: Omite ""Government Flying Service"" de la lista de ejemplos de sitios a visitar. | etiqueta de confianza baja: Es una visita a un museo, una actividad de divulgación sin un concepto curricular específico.",,
HK-FIS-hk_fis-p057-03,HK,hk_fis,57,HKDSE Physics (marco actualizado),especializacion,Discutir la competencia y colaboración espacial entre diferentes países.,discuss the space competition and collaboration among different countries,,"etiqueta de confianza baja: Es una discusión sobre aspectos sociales y políticos de la ciencia, no sobre conceptos físicos.",,
HK-FIS-hk_fis-p057-05,HK,hk_fis,57,HKDSE Physics (marco actualizado),especializacion,"Estudiar el desarrollo reciente de la tecnología aeroespacial nacional y sus implicaciones para la sociedad, como la economía de baja altitud y espacial.",study the recent development of national aerospace technology and the implication to society,,"etiqueta de confianza baja: Se enfoca en el desarrollo tecnológico y sus implicaciones sociales, no en principios físicos.",,
HK-FIS-hk_fis-p061-02,HK,hk_fis,61,HKDSE Physics (marco actualizado),especializacion,Definir la constante solar como la energía de radiación electromagnética total irradiada por el Sol por unidad de tiempo y área a la distancia media Tierra-Sol.,define solar constant as the total electromagnetic radiation energy radiated at normal incidence by the Sun,CON:fisica/radiacion-termica-cuerpo-negro CON:fisica/ondas-electromagneticas-espectro,"extracción parcial: Omite detalles clave de la definición como ""incidencia normal"" y ""medido fuera de la atmósfera"".",,
HK-FIS-hk_fis-p061-10,HK,hk_fis,61,HKDSE Physics (marco actualizado),especializacion,Valorar la contribución de la nación al desarrollo de fuentes de energía renovables y bajas en carbono.,appreciate the nation’s contribution to the development of renewable and low carbon energy sources,CON:fisica/fuentes-energia-renovables,"etiqueta de confianza baja: Es un objetivo actitudinal sobre valorar el desarrollo de energías renovables, no enseña física.",,
HK-FIS-hk_fis-p063-03,HK,hk_fis,63,HKDSE Physics (marco actualizado),especializacion,Estudiar el desarrollo científico más reciente de la fisión nuclear y su uso para la generación de energía.,study the most recent scientific development of nuclear fission and fission for nuclear power,CON:fisica/fision-fusion-nuclear CON:fisica/fuentes-energia-renovables CON:fisica/transformaciones-energia,extracción parcial: Simplifica 'fission and fission' (probablemente 'fission and fusion') a solo 'fisión nuclear'.,,
HK-FIS-hk_fis-p063-05,HK,hk_fis,63,HKDSE Physics (marco actualizado),especializacion,"Estudiar sistemas complejos para simular un problema social o natural, como el control de multitudes y los incendios forestales.","study complex systems to simulate a social or natural issue, such as crowd control",,"etiqueta de confianza baja: Se enfoca en la práctica de simulación computacional, sin especificar conceptos físicos concretos.",,
HK-FIS-hk_fis-p063-09,HK,hk_fis,63,HKDSE Physics (marco actualizado),especializacion,"Participar en charlas de departamentos y empresas energéticas sobre generación, transmisión y consumo de energía, y fuentes alternativas.",participate the talks conducted by speakers from the Electrical and Mechanical Services Department,CON:fisica/fuentes-energia-renovables CON:fisica/potencia-electrica-joule CON:fisica/transformaciones-energia,"etiqueta de confianza baja: Actividad de divulgación sobre temas energéticos muy amplios, desde la generación al consumo.",,
HK-FIS-hk_fis-p064-03,HK,hk_fis,64,HKDSE Physics (marco actualizado),especializacion,Discutir un plan viable para que Hong Kong alcance los objetivos de desarrollo sostenible.,discuss a feasible plan for Hong Kong to achieve the goals,CON:fisica/fuentes-energia-renovables,"etiqueta de confianza baja: Enunciado muy amplio sobre políticas de desarrollo sostenible, con escaso contenido físico específico.",,
HK-FIS-hk_fis-p067-04,HK,hk_fis,67,HKDSE Physics (marco actualizado),especializacion,Derivar la expresión 1/λa→b = -13.6 eV/hc (1/b^2 - 1/a^2) para la longitud de onda del fotón emitido o absorbido.,derive the expression 1/a→b = −13.6 eV / hc,CON:fisica/niveles-energia-espectros CON:fisica/conservacion-energia CON:fisica/cuantizacion-energia-planck,extracción parcial: Omite la condición de que la derivación es para transiciones electrónicas entre niveles.,,
HK-FIS-hk_fis-p067-05,HK,hk_fis,67,HKDSE Physics (marco actualizado),especializacion,Distinguir entre aspectos cuánticos y clásicos en la cuantización de niveles de energía del modelo de Bohr.,distinguish between “quantum” and “classical” aspects in terms of,CON:fisica/niveles-energia-espectros CON:fisica/momento-angular CON:fisica/movimiento-circular-uniforme,extracción parcial: Omite que se refiere al modelo atómico de hidrógeno de Bohr.,,
HK-FIS-hk_fis-p068-06,HK,hk_fis,68,HKDSE Physics (marco actualizado),especializacion,Comprender la representación gráfica de una partícula cuántica como función de onda normalizada y la densidad de probabilidad.,realise the graphical representation of a quantum particle as normalised wave function,CON:fisica/dualidad-onda-particula,extracción parcial: El objetivo omite que la densidad de probabilidad es en la posición x.,,
HK-FIS-hk_fis-p068-08,HK,hk_fis,68,HKDSE Physics (marco actualizado),especializacion,Describir el estado de superposición de una partícula cuántica usando notación de Dirac y las probabilidades de obtener estados específicos.,describe the superposition state of a quantum particle using |ψ⟩=a1|φ1⟩ + a2|φ2⟩,,extracción parcial: La cita omite la explicación de las probabilidades y la condición de normalización.,,
HK-FIS-hk_fis-p069-02,HK,hk_fis,69,HKDSE Physics (marco actualizado),especializacion,Estudiar el principio de funcionamiento de las pantallas de TV usando colores primarios RGB.,study the working principle of TV displays in using RGB primary colour,CON:fisica/color-dispersion-luz,extracción parcial: Omite la comparación del color RGB con el espectro completo de la luz solar.,,
HK-FIS-hk_fis-p069-03,HK,hk_fis,69,HKDSE Physics (marco actualizado),especializacion,Examinar el efecto fotoeléctrico de una lámina de oro usando fuentes monocromáticas con diferente intensidad y frecuencia.,examine the photoelectric effect of gold leaf using monochromatic sources,CON:fisica/foton-efecto-fotoelectrico CON:fisica/cuantizacion-energia-planck,extracción parcial: La cita omite que las fuentes tienen diferente intensidad y frecuencia.,,
HK-FIS-hk_fis-p069-04,HK,hk_fis,69,HKDSE Physics (marco actualizado),especializacion,Observar espectros de líneas de emisión y/o absorción de elementos particulares usando una red de transmisión plana.,observe emission line spectra and/or absorption line spectra of particular elements,CON:fisica/niveles-energia-espectros CON:fisica/difraccion-luz,extracción parcial: La cita omite el instrumento a utilizar (red de transmisión plana).,,
HK-FIS-hk_fis-p069-06,HK,hk_fis,69,HKDSE Physics (marco actualizado),especializacion,Realizar un experimento para mostrar cómo los patrones de difracción de dos fuentes puntuales demuestran el límite de resolución.,perform experiment to show how the diffraction patterns of two monochromatic point sources demonstrate,CON:fisica/difraccion-luz CON:fisica/interferencia-luz,extracción parcial: La cita está incompleta y no menciona el límite de resolución para la luz visible.,,
HK-FIS-hk_fis-p069-07,HK,hk_fis,69,HKDSE Physics (marco actualizado),especializacion,Realizar un experimento sobre el efecto fotoeléctrico usando una fotocélula para medir el potencial de frenado de la luz monocromática.,perform experiment on the photoelectric effect using photocell to measure the stopping potential,CON:fisica/foton-efecto-fotoelectrico CON:fisica/potencial-electrico,extracción parcial: La cita omite que la luz utilizada es monocromática.,,
HK-FIS-hk_fis-p069-08,HK,hk_fis,69,HKDSE Physics (marco actualizado),especializacion,Realizar una actividad analógica para ilustrar la construcción del modelo atómico de Rutherford usando una pelota y una caja negra.,perform an analogy activity to illustrate Rutherford’s construction of atomic model,CON:fisica/nucleo-atomico-isotopos,extracción parcial: La cita omite el método de la analogía (pelota pasando por una caja negra).,,
HK-FIS-hk_fis-p069-09,HK,hk_fis,69,HKDSE Physics (marco actualizado),especializacion,"Usar analogías para comprender el comportamiento probabilístico en el mundo cuántico, como el gato de Schrödinger.",use analogy to understand the probabilistic behavior in quantum world,CON:fisica/dualidad-onda-particula,extracción parcial: La cita omite el ejemplo de la analogía (el gato de Schrödinger).,,
HK-FIS-hk_fis-p069-10,HK,hk_fis,69,HKDSE Physics (marco actualizado),especializacion,Usar un cañón de electrones con bobinas de Helmholtz para realizar un experimento de deflexión y estimar la relación carga-masa.,use electron gun with Helmholtz coils to perform experiment of deflection of electron,CON:fisica/fuerza-lorentz CON:fisica/campo-electrico CON:fisica/campo-magnetico,extracción parcial: La cita omite el propósito del experimento: estimar la relación carga-masa del electrón.,,
HK-FIS-hk_fis-p069-12,HK,hk_fis,69,HKDSE Physics (marco actualizado),especializacion,"Discutir el desarrollo reciente y las aplicaciones de la tecnología cuántica en la vida diaria, como computación, criptografía y comunicación.",discuss the recent development and applications of quantum technology in various areas related to daily life,CON:fisica/dualidad-onda-particula,"extracción parcial: La cita omite los ejemplos de tecnología cuántica (computación, criptografía, comunicación).",,
HK-FIS-hk_fis-p070-11,HK,hk_fis,70,HKDSE Physics (marco actualizado),especializacion,Visitar el Museo de Ciencias de Hong Kong para ver las exhibiciones sobre tecnología cuántica.,Visit to Hong Kong Science Museum for the exhibits about quantum technology,,"etiqueta de confianza baja: Actividad de divulgación sobre tecnología cuántica, cuyo contenido específico es desconocido.",,
HK-FIS-hk_fis-p071-01,HK,hk_fis,71,HKDSE Physics (marco actualizado),especializacion,Comprender la estructura del universo.,Structure of the universe,CON:fisica/cosmologia-big-bang CON:fisica/gravitacion-universal,etiqueta de confianza baja: Enunciado muy vago y amplio sobre la estructura del universo a gran escala.,,
HK-FIS-hk_fis-p074-12,HK,hk_fis,74,HKDSE Physics (marco actualizado),especializacion,Observar lluvias de meteoros a simple vista como parte de los fenómenos astronómicos.,meteor showers,CON:fisica/movimiento-y-reposo CON:fisica/gravedad-atrae-hacia-tierra,etiqueta de confianza baja: El concepto específico (lluvia de meteoros) no está en el catálogo.,,
HK-FIS-hk_fis-p074-21,HK,hk_fis,74,HKDSE Physics (marco actualizado),especializacion,"Visitar sitios con instrumentos astronómicos, como el Astropark y el Centro Astronómico y de Educación en la Naturaleza Ho Koon.","visit to the sites with astronomical instruments, such as Astropark",CON:fisica/ojo-instrumentos-opticos CON:fisica/astronomia-multionda,etiqueta de confianza baja: Es una actividad de visita; el aprendizaje conceptual es implícito y no está especificado.,,
HK-FIS-hk_fis-p075-10,HK,hk_fis,75,HKDSE Physics (marco actualizado),especializacion,Estudiar el impacto de los rayos cósmicos o cuerpos celestes del espacio exterior (como meteoros y viento solar) y nuestras reacciones ante ellos.,study the impact of cosmic rays or celestial bodies from outer space,CON:fisica/radiacion-ionizante-aplicaciones CON:fisica/gravitacion-universal,"etiqueta de confianza baja: Mezcla temas diversos como rayos cósmicos y meteoros, enfocándose en su impacto.",,
HK-FIS-hk_fis-p075-11,HK,hk_fis,75,HKDSE Physics (marco actualizado),especializacion,Estudiar los descubrimientos astrofísicos que han estimulado el desarrollo de la ciencia moderna y cambiado nuestras formas de vida.,study the astrophysics discoveries which have stimulated the development,,"etiqueta de confianza baja: Es una reflexión sobre la historia y el impacto de la astrofísica, no un concepto.",,
HK-FIS-hk_fis-p077-04,HK,hk_fis,77,HKDSE Physics (marco actualizado),especializacion,Mejorar el prototipo basándose en los datos analizados durante las pruebas científicas.,Improve the prototype based on the analysed data,,"etiqueta de confianza baja: Enunciado genérico de diseño de ingeniería, no enseña conceptos de física específicos.",,
HK-FIS-hk_fis-p077-05,HK,hk_fis,77,HKDSE Physics (marco actualizado),especializacion,Analizar los datos preliminares obtenidos y refinar el plan de investigación en consecuencia.,Analyse preliminary data and refine the plan,,"etiqueta de confianza baja: Enunciado genérico sobre el proceso de investigación, no enseña conceptos de física específicos.",,
HK-FIS-hk_fis-p077-06,HK,hk_fis,77,HKDSE Physics (marco actualizado),especializacion,Desarrollar y justificar un plan de investigación científica.,Develop and justify investigation plan,,"etiqueta de confianza baja: Enunciado genérico sobre planificación de investigación, no enseña conceptos de física específicos.",,
HK-FIS-hk_fis-p077-07,HK,hk_fis,77,HKDSE Physics (marco actualizado),especializacion,Implementar el plan de investigación científica diseñado.,Implement investigation plan,,"etiqueta de confianza baja: Enunciado genérico sobre la ejecución de una investigación, no enseña conceptos de física.",,
HK-FIS-hk_fis-p077-09,HK,hk_fis,77,HKDSE Physics (marco actualizado),especializacion,Completar las tareas y los informes correspondientes a los experimentos realizados.,Complete assignments/reports,,"etiqueta de confianza baja: Enunciado procedimental muy genérico, no enseña conceptos de física ni prácticas específicas.",,
HK-FIS-hk_fis-p077-10,HK,hk_fis,77,HKDSE Physics (marco actualizado),especializacion,Preparar el experimento como parte de las tareas prácticas de física.,Prepare the experiment,,"etiqueta de confianza baja: Enunciado procedimental muy genérico, no enseña conceptos de física específicos.",,
HK-FIS-hk_fis-p077-11,HK,hk_fis,77,HKDSE Physics (marco actualizado),especializacion,Utilizar aparatos y herramientas computacionales para llevar a cabo experimentos.,Use apparatus/ computational tools to conduct experiment,,"etiqueta de confianza baja: Enunciado centrado en el uso de herramientas, no enseña conceptos de física.",,
HK-FIS-hk_fis-p077-12,HK,hk_fis,77,HKDSE Physics (marco actualizado),especializacion,Analizar los datos recopilados durante las tareas prácticas de indagación científica en física.,Data Analysis,,"extracción parcial: agregado por el validador (completitud) | etiqueta de confianza baja: Enunciado genérico sobre análisis de datos, no enseña conceptos de física específicos.",,
HK-FIS-hk_fis-p077-13,HK,hk_fis,77,HKDSE Physics (marco actualizado),especializacion,Aplicar técnicas de laboratorio adecuadas durante las tareas prácticas de indagación científica en física.,Laboratory Technique,,"extracción parcial: agregado por el validador (completitud) | etiqueta de confianza baja: Enunciado genérico sobre procedimientos de laboratorio, no enseña conceptos de física.",,
HK-FIS-hk_fis-p077-14,HK,hk_fis,77,HKDSE Physics (marco actualizado),especializacion,Comprender y aplicar el tratamiento de errores y el orden de precisión en las mediciones experimentales.,Order of Accuracy and Error Treatment,CON:fisica/medicion-magnitudes-instrumentos,extracción parcial: agregado por el validador (completitud),,
HK-FIS-hk_fis-p077-15,HK,hk_fis,77,HKDSE Physics (marco actualizado),especializacion,Construir modelos computacionales como parte de la física computacional en las tareas prácticas.,Building Computational Models,,extracción parcial: agregado por el validador (completitud),,
HK-FIS-hk_fis-p077-16,HK,hk_fis,77,HKDSE Physics (marco actualizado),especializacion,Demostrar conciencia de las normas y procedimientos de seguridad en el laboratorio de física.,Awareness of Safety,,"extracción parcial: agregado por el validador (completitud) | etiqueta de confianza baja: Enunciado sobre normas de seguridad, no enseña conceptos de física.",,
HK-FIS-hk_fis-p077-17,HK,hk_fis,77,HKDSE Physics (marco actualizado),especializacion,Realizar análisis de datos asistido por computadora en el contexto de la física computacional.,Computer-Assisted Data Analysis,,extracción parcial: agregado por el validador (completitud),,
HK-FIS-hk_fis-p078-08,HK,hk_fis,78,HKDSE Physics (marco actualizado),especializacion,"Programar un sistema complejo para ilustrar procesos sociales, como incendios forestales, propagación de enfermedades y control de multitudes.","Programing a complex system to illustrate social processes, such as forest fire",,"etiqueta de confianza baja: El enunciado es vago y no se centra en conceptos de física, sino en programación.",,
HK-FIS-hk_fis-p079-09,HK,hk_fis,79,HKDSE Physics (marco actualizado),especializacion,Utilizar diversos tipos de sensores para construir un sistema robótico.,Making use of various kinds of sensors to construct a robotic system,CON:fisica/circuito-electrico-simple CON:fisica/transformaciones-energia,etiqueta de confianza baja: Es muy genérico; los conceptos de física dependen de los sensores no especificados.,,
HK-QUI-hk_qui-p018-01,HK,hk_qui,18,HKDSE Chemistry (marco actualizado),especializacion,"Adquirir conocimiento de principios químicos básicos mediante el estudio de las estructuras de átomos, moléculas, iones y enlaces.",students will acquire knowledge of some basic chemical principles.,CON:quimica/atomo-y-particulas-subatomicas CON:quimica/enlace-quimico CON:quimica/iones CON:quimica/moleculas-y-formulas-quimicas,extracción parcial: agregado por el validador (completitud),,
HK-QUI-hk_qui-p021-19,HK,hk_qui,21,HKDSE Chemistry (marco actualizado),especializacion,Aprender sobre las moléculas.,molecules,CON:quimica/moleculas-y-formulas-quimicas CON:quimica/enlace-quimico,extracción parcial: agregado por el validador (completitud) | etiqueta de confianza baja: Enunciado muy vago. Se asume el concepto más fundamental sobre qué es una molécula.,,
HK-QUI-hk_qui-p022-08,HK,hk_qui,22,HKDSE Chemistry (marco actualizado),especializacion,Realizar experimentos para investigar similitudes químicas de elementos del mismo grupo (ej. grupo II con HCl diluido).,perform experiments to investigate chemical similarities of elements in the same group of the Periodic Table,CON:quimica/tabla-periodica CON:quimica/neutralizacion CON:quimica/propiedades-periodicas,extracción parcial: La paráfrasis omite el segundo ejemplo del texto original (elementos del grupo VII).,,
HK-QUI-hk_qui-p023-07,HK,hk_qui,23,HKDSE Chemistry (marco actualizado),especializacion,"Predecir los colores de los iones a partir de un grupo de soluciones acuosas, como cloruro de potasio y dicromato de potasio.",predicting colours of ions from a group of aqueous solutions,CON:quimica/quimica-descriptiva-de-los-elementos CON:quimica/iones,"etiqueta de confianza baja: Se predice una propiedad (color) de iones, lo que corresponde a química descriptiva.",,
HK-QUI-hk_qui-p026-13,HK,hk_qui,26,HKDSE Chemistry (marco actualizado),especializacion,"Conocer las reacciones de metales comunes (sodio, calcio, magnesio, zinc, hierro, plomo, cobre) con oxígeno/aire, agua y ácidos diluidos.","reactions of some common metals (sodium, calcium, magnesium, zinc, iron, lead, copper, etc.) with oxygen/air, water",CON:quimica/neutralizacion CON:quimica/oxidacion-y-corrosion-de-metales CON:quimica/quimica-descriptiva-de-los-elementos,extracción parcial: Omite los ejemplos específicos de ácidos (clorhídrico y sulfúrico) mencionados en el texto.,,
HK-QUI-hk_qui-p027-18,HK,hk_qui,27,HKDSE Chemistry (marco actualizado),especializacion,Conocer la ecuación química.,chemical equation,CON:quimica/ecuacion-quimica-y-balanceo,extracción parcial: agregado por el validador (completitud),,
HK-QUI-hk_qui-p033-05,HK,hk_qui,33,HKDSE Chemistry (marco actualizado),especializacion,Describir y demostrar cómo preparar soluciones de una concentración requerida disolviendo un sólido o diluyendo.,describe and demonstrate how to prepare solutions of a required concentration,CON:quimica/molaridad-y-unidades-quimicas-de-concentracion CON:quimica/concentracion-de-disoluciones,extracción parcial: Omite la parte final del objetivo: '...diluyendo una solución concentrada'.,,
HK-QUI-hk_qui-p033-16,HK,hk_qui,33,HKDSE Chemistry (marco actualizado),especializacion,Definir la neutralización como la reacción entre un ácido y una base/álcali para formar agua y sal.,neutralisation as the reaction between acid and base/alkali to form water and salt,CON:quimica/neutralizacion CON:quimica/tipos-de-reacciones-quimicas,"extracción parcial: Omite la palabra ""only"" (solamente), que es clave en la definición de neutralización.",,
HK-QUI-hk_qui-p034-07,HK,hk_qui,34,HKDSE Chemistry (marco actualizado),especializacion,"Realizar experimentos para investigar las reacciones de ácidos diluidos con metales, carbonatos, hidrogenocarbonatos, óxidos e hidróxidos.","perform experiments to investigate the reactions of dilute acids with metals, carbonates",CON:quimica/neutralizacion CON:quimica/acidos-y-bases-propiedades CON:quimica/reaccion-quimica-y-evidencias,extracción parcial: Omite la palabra 'metal' al referirse a los óxidos e hidróxidos.,,
HK-QUI-hk_qui-p034-08,HK,hk_qui,34,HKDSE Chemistry (marco actualizado),especializacion,Realizar experimentos para investigar las reacciones de álcalis diluidos con iones metálicos acuosos para formar precipitados.,perform experiments to investigate the reactions of dilute alkalis with aqueous metal,CON:quimica/reacciones-de-precipitacion-e-identificacion-de-iones CON:quimica/acidos-y-bases-propiedades,extracción parcial: Omite que los precipitados formados son 'precipitados de hidróxido metálico'.,,
HK-QUI-hk_qui-p035-01,HK,hk_qui,35,HKDSE Chemistry (marco actualizado),especializacion,Extraer sustancias útiles de materiales vegetales y probar su eficacia como indicadores en valoraciones ácido-base.,perform experiments to extract useful substances from plant materials and test their use,CON:quimica/indicadores-acido-base CON:quimica/separacion-de-mezclas CON:quimica/valoracion-acido-base,"extracción parcial: El objetivo de aprendizaje se encuentra en la página 2, no en la página 1.",,
HK-QUI-hk_qui-p049-06,HK,hk_qui,49,HKDSE Chemistry (marco actualizado),especializacion,"Apreciar y comprender las interconexiones entre ciencia, tecnología, sociedad y medio ambiente (STSE).","Students are encouraged to appreciate and comprehend issues which reflect the interconnections of science, technology, society and the environment.",,extracción parcial: agregado por el validador (completitud) | etiqueta de confianza baja: Es un objetivo actitudinal muy general (CTSA) sin contenido conceptual químico específico.,,
HK-QUI-hk_qui-p050-01,HK,hk_qui,50,HKDSE Chemistry (marco actualizado),especializacion,"Comprender conceptos básicos de química orgánica: serie homóloga, grupo funcional, fórmula general y fórmula estructural.","This topic also introduces some basic concepts of organic chemistry such as homologous series, functional group, general formula and structural",CON:quimica/el-carbono-y-las-moleculas-organicas CON:quimica/grupos-funcionales CON:quimica/hidrocarburos-alifaticos CON:quimica/moleculas-y-formulas-quimicas,extracción parcial: agregado por el validador (completitud),,
HK-QUI-hk_qui-p050-10,HK,hk_qui,50,HKDSE Chemistry (marco actualizado),especializacion,Reconocer que las actividades humanas pueden tener un impacto significativo en nuestro medio ambiente.,realise that human activities can have a significant impact,,"etiqueta de confianza baja: Es un objetivo actitudinal muy general sobre el impacto ambiental, sin contenido químico específico.",,
HK-QUI-hk_qui-p051-16,HK,hk_qui,51,HKDSE Chemistry (marco actualizado),especializacion,Ser capaz de separar el petróleo mediante destilación fraccionada.,by fractional distillation,CON:quimica/separacion-de-mezclas CON:quimica/fuerzas-intermoleculares-y-propiedades-fisicas CON:quimica/hidrocarburos-alifaticos,extracción parcial: agregado por el validador (completitud),,
HK-QUI-hk_qui-p056-03,HK,hk_qui,56,HKDSE Chemistry (marco actualizado),especializacion,Evaluar cuidadosamente los riesgos y beneficios para la sociedad y el medio ambiente antes de utilizar aplicaciones de ciencia y tecnología en la vida diaria.,carefully assess the risks and benefits to society and the environment before actually using applications,,"etiqueta de confianza baja: Es un objetivo general sobre la evaluación de la tecnología, no enseña conceptos químicos.",,
HK-QUI-hk_qui-p056-04,HK,hk_qui,56,HKDSE Chemistry (marco actualizado),especializacion,Apreciar la importancia de organizar la información científica de manera sistemática.,to appreciate the importance of organising scientific information in a systematic way.,,"etiqueta de confianza baja: Es un objetivo actitudinal sobre la organización de la información, no enseña conceptos químicos.",,
HK-QUI-hk_qui-p056-05,HK,hk_qui,56,HKDSE Chemistry (marco actualizado),especializacion,Apreciar la necesidad de fuentes de energía alternativas para el desarrollo sostenible de nuestra sociedad.,to appreciate the need for alternative sources of energy for sustainable development,CON:quimica/combustibles-y-biocombustibles CON:quimica/quimica-verde,"etiqueta de confianza baja: Enunciado actitudinal sobre energía y sostenibilidad, no enseña un concepto químico específico.",,
HK-QUI-hk_qui-p056-06,HK,hk_qui,56,HKDSE Chemistry (marco actualizado),especializacion,"Mostrar preocupación por los problemas ambientales, desarrollar responsabilidad compartida para el desarrollo sostenible y reconocer la seguridad ecológica.",to show concern for the environmental issues and develop a sense of shared responsibility,,"extracción parcial: El texto resume y combina varios conceptos del punto original en una sola frase. | etiqueta de confianza baja: Enunciado puramente actitudinal sobre ambiente y sostenibilidad, sin contenido científico concreto.",,
HK-QUI-hk_qui-p056-08,HK,hk_qui,56,HKDSE Chemistry (marco actualizado),especializacion,Reconocer los beneficios y los impactos de la aplicación de la ciencia y la tecnología.,to recognise the benefits and impacts of the application of science and technology.,,"etiqueta de confianza baja: Enunciado muy general sobre ciencia y tecnología, sin contenido químico específico.",,
HK-QUI-hk_qui-p056-09,HK,hk_qui,56,HKDSE Chemistry (marco actualizado),especializacion,Valorar la necesidad de conservar los recursos de la Tierra.,to value the need for the conservation of the Earth’s resources.,CON:quimica/materiales-y-ambiente,"etiqueta de confianza baja: Enunciado puramente actitudinal sobre la conservación de recursos, sin contenido científico concreto.",,
HK-QUI-hk_qui-p057-01,HK,hk_qui,57,HKDSE Chemistry (marco actualizado),especializacion,Aprender sobre los cambios de entalpía estándar de las reacciones.,Standard enthalpy changes of reactions,CON:quimica/entalpia-de-reaccion,extracción parcial: agregado por el validador (completitud),,
HK-QUI-hk_qui-p059-04,HK,hk_qui,59,HKDSE Chemistry (marco actualizado),especializacion,"Apreciar la importancia de la relevancia interdisciplinaria, como el uso de la física térmica en los cálculos de entalpía.","to appreciate the importance of interdisciplinary relevance, e.g. knowledge of quantitative treatment in thermal physics",CON:quimica/entalpia-de-reaccion,"etiqueta de confianza baja: Es un objetivo actitudinal sobre la interdisciplinariedad, no enseña un concepto químico concreto.",,
HK-QUI-hk_qui-p059-05,HK,hk_qui,59,HKDSE Chemistry (marco actualizado),especializacion,Apreciar la utilidad de las leyes y teorías para ayudar a explicar los cambios de energía en las reacciones químicas.,to appreciate the usefulness of laws and theories in helping explain the energy changes,CON:quimica/entalpia-de-reaccion CON:quimica/energia-de-enlace,"etiqueta de confianza baja: Objetivo actitudinal sobre la utilidad de las teorías, no enseña un concepto específico.",,
HK-QUI-hk_qui-p059-06,HK,hk_qui,59,HKDSE Chemistry (marco actualizado),especializacion,Valorar la necesidad de comprender los cambios de calor en las reacciones químicas de manera sistemática.,to value the need to understand heat changes in chemical reactions in a systematic way.,CON:quimica/entalpia-de-reaccion CON:quimica/reacciones-exotermicas-y-endotermicas,"etiqueta de confianza baja: Es un objetivo actitudinal sobre la importancia de un estudio sistemático, no un concepto.",,
HK-QUI-hk_qui-p062-01,HK,hk_qui,62,HKDSE Chemistry (marco actualizado),especializacion,Etiquetar intermedios en un perfil de energía de una reacción.,Students should be able to label intermediate(s) in an energy profile.,CON:quimica/energia-de-activacion-y-perfil-energetico CON:quimica/mecanismos-de-reaccion,extracción parcial: agregado por el validador (completitud),,
HK-QUI-hk_qui-p062-07,HK,hk_qui,62,HKDSE Chemistry (marco actualizado),especializacion,"Dibujar un perfil de energía de una reacción, incluyendo el etiquetado de los intermedios.",draw an energy profile of a reaction,CON:quimica/energia-de-activacion-y-perfil-energetico CON:quimica/mecanismos-de-reaccion CON:quimica/entalpia-de-reaccion,"extracción parcial: Combina el objetivo de dibujar con el de etiquetar intermedios, una habilidad separada.",,
HK-QUI-hk_qui-p064-02,HK,hk_qui,64,HKDSE Chemistry (marco actualizado),especializacion,"Realizar experimentos para investigar el efecto de los cambios en la concentración de reactivos, temperatura, área superficial o el uso de catalizadores.","perform experiments to investigate the effect of changes in concentration of reactant, temperature, surface area",CON:quimica/rapidez-de-reaccion-factores CON:quimica/catalizadores CON:quimica/teoria-de-colisiones,"extracción parcial: El objetivo completa la frase del documento, que está truncada, añadiendo ""catalizadores"".",,
HK-QUI-hk_qui-p065-02,HK,hk_qui,65,HKDSE Chemistry (marco actualizado),especializacion,Realizar tareas prácticas clave sobre el efecto de un catalizador en la velocidad de reacción.,catalyst on reaction rate,CON:quimica/catalizadores CON:quimica/rapidez-de-reaccion-factores,extracción parcial: agregado por el validador (completitud),,
HK-QUI-hk_qui-p068-03,HK,hk_qui,68,HKDSE Chemistry (marco actualizado),especializacion,Conocer la constante de equilibrio expresada en términos de concentraciones (Kc).,equilibrium constant expressed in terms of concentrations (Kc),CON:quimica/constante-de-equilibrio,"extracción parcial: El objetivo real es aplicar el concepto (expresar, calcular), no solo 'conocerlo' como un tema.",,
HK-QUI-hk_qui-p068-07,HK,hk_qui,68,HKDSE Chemistry (marco actualizado),especializacion,Conocer las características del equilibrio dinámico.,characteristics of dynamic equilibrium,CON:quimica/equilibrio-dinamico,"extracción parcial: El objetivo es 'describir' las características, no solo 'conocerlas'. La paráfrasis es menos exigente.",,
HK-QUI-hk_qui-p073-01,HK,hk_qui,73,HKDSE Chemistry (marco actualizado),especializacion,"Conocer los conceptos básicos de isomería, incluyendo isomería estructural, cis-trans y enantiomerismo.","basic concepts of isomerism including structural isomerism, cis-trans isomerism and enantiomerism are introduced.",CON:quimica/estereoquimica CON:quimica/isomeria-estructural,extracción parcial: agregado por el validador (completitud),,
HK-QUI-hk_qui-p073-02,HK,hk_qui,73,HKDSE Chemistry (marco actualizado),especializacion,Describir el mecanismo de adición de halogenuros de hidrógeno a alquenos y predecir productos usando la regla de Markovnikov.,describe the mechanism of addition reactions of alkenes with hydrogen halides and predict major products of reactions between unsymmetrical alkenes...,CON:quimica/mecanismos-de-reaccion CON:quimica/reacciones-organicas CON:quimica/hidrocarburos-alifaticos,extracción parcial: agregado por el validador (completitud),,
HK-QUI-hk_qui-p073-03,HK,hk_qui,73,HKDSE Chemistry (marco actualizado),especializacion,Realizar experimentos para sintetizar sustancias orgánicas simples y consolidar la comprensión de las reacciones.,students should carry out experiments on synthesising simple organic substances.,CON:quimica/reacciones-organicas CON:quimica/sintesis-quimica-y-rutas-de-reaccion,extracción parcial: agregado por el validador (completitud),,
HK-QUI-hk_qui-p073-04,HK,hk_qui,73,HKDSE Chemistry (marco actualizado),especializacion,Reconocer la relación entre grupos funcionales y la síntesis de compuestos mediante interconversiones.,"recognise the relationship between different functional groups and be aware of the most important application of organic chemistry, i.e. the synthesis...",CON:quimica/grupos-funcionales CON:quimica/sintesis-quimica-y-rutas-de-reaccion CON:quimica/reacciones-organicas,extracción parcial: agregado por el validador (completitud),,
HK-QUI-hk_qui-p073-05,HK,hk_qui,73,HKDSE Chemistry (marco actualizado),especializacion,Utilizar métodos químicos para distinguir diferentes grupos funcionales e identificar compuestos de carbono desconocidos.,students will be able to make use of some chemical methods to distinguish different functional groups and to identify unknown carbon compounds.,CON:quimica/grupos-funcionales CON:quimica/reacciones-organicas,extracción parcial: agregado por el validador (completitud),,
HK-QUI-hk_qui-p074-07,HK,hk_qui,74,HKDSE Chemistry (marco actualizado),especializacion,Aprender sobre el isomerismo cis-trans en compuestos de carbono acíclicos con un enlace C=C.,cis-trans isomerism as exemplified by acyclic carbon compounds containing one C=C bond,CON:quimica/estereoquimica CON:quimica/hidrocarburos-alifaticos,extracción parcial: agregado por el validador (completitud),,
HK-QUI-hk_qui-p075-08,HK,hk_qui,75,HKDSE Chemistry (marco actualizado),especializacion,"Describir la sustitución de alcoholes con haluros, su deshidratación a alquenos y la oxidación de alcoholes primarios y secundarios, incluyendo reactivos y condiciones.",iv. alcohols: substitution with halides using hydrogen halides (HX) or phosphorus trihalides,CON:quimica/grupos-funcionales CON:quimica/reacciones-organicas CON:quimica/hidrocarburos-alifaticos CON:quimica/oxidacion-y-reduccion,extracción parcial: Omite que se deben describir las observaciones y escribir las ecuaciones químicas correspondientes.,,
HK-QUI-hk_qui-p076-01,HK,hk_qui,76,HKDSE Chemistry (marco actualizado),especializacion,Comprender que la estabilidad del carbocatión aumenta con el número de grupos alquilo adyacentes.,Students should realise that carbocation stability increases with the number of adjacent alkyl groups.,CON:quimica/fundamentos-de-reactividad-organica CON:quimica/hidrocarburos-alifaticos,extracción parcial: agregado por el validador (completitud),,
HK-QUI-hk_qui-p076-04,HK,hk_qui,76,HKDSE Chemistry (marco actualizado),especializacion,"Describir la esterificación de ácidos carboxílicos, la formación de amidas no sustituidas y su reducción con LiAlH4, detallando reactivos y condiciones.",vi. carboxylic acids: esterification; formation of unsubstituted amide; reduction using LiAlH4,CON:quimica/esterificacion-e-hidrolisis CON:quimica/reacciones-organicas CON:quimica/grupos-funcionales,extracción parcial: Omite que se deben describir las observaciones y escribir las ecuaciones químicas correspondientes.,,
HK-QUI-hk_qui-p076-07,HK,hk_qui,76,HKDSE Chemistry (marco actualizado),especializacion,"Describir la oxidación de aldehídos y cetonas usando dicromato acuoso, y su reducción con LiAlH4 o NaBH4, incluyendo reactivos y condiciones.",v. aldehydes and ketones: oxidation using Cr2O7 2-(aq); reduction using LiAlH4 or NaBH4,CON:quimica/reacciones-organicas CON:quimica/grupos-funcionales,extracción parcial: Omite que se deben describir las observaciones y escribir las ecuaciones químicas correspondientes.,,
HK-QUI-hk_qui-p077-03,HK,hk_qui,77,HKDSE Chemistry (marco actualizado),especializacion,Conocer las interconversiones entre los diferentes grupos funcionales de los compuestos de carbono.,inter-conversions between the functional groups,CON:quimica/sintesis-quimica-y-rutas-de-reaccion CON:quimica/grupos-funcionales CON:quimica/reacciones-organicas,"extracción parcial: Es un tema de estudio, no una habilidad específica que el estudiante deba demostrar.",,
HK-QUI-hk_qui-p077-04,HK,hk_qui,77,HKDSE Chemistry (marco actualizado),especializacion,Conocer las preparaciones de laboratorio de compuestos de carbono simples.,laboratory preparations of simple carbon compounds,CON:quimica/sintesis-quimica-y-rutas-de-reaccion CON:quimica/reacciones-organicas,"extracción parcial: Es un tema de estudio, no una habilidad específica que el estudiante deba demostrar. | etiqueta de confianza baja: Se refiere de manera muy general a conocer procedimientos de síntesis orgánica a escala laboratorio.",,
HK-QUI-hk_qui-p078-01,HK,hk_qui,78,HKDSE Chemistry (marco actualizado),especializacion,Buscar nombres triviales comunes de compuestos de carbono frecuentes.,search for common trivial names of common carbon compounds,CON:quimica/nomenclatura-organica,"extracción parcial: Es una actividad de aprendizaje sugerida, no un objetivo de aprendizaje formal del currículo.",,
HK-QUI-hk_qui-p078-02,HK,hk_qui,78,HKDSE Chemistry (marco actualizado),especializacion,"Comparar las propiedades físicas de compuestos como propano, butano, pentano, etanol, propan-1-ol y butan-1-ol.",compare physical properties of the following compounds,CON:quimica/fuerzas-intermoleculares-y-propiedades-fisicas CON:quimica/grupos-funcionales CON:quimica/fuerzas-intermoleculares CON:quimica/hidrocarburos-alifaticos,"extracción parcial: Es una actividad de aprendizaje sugerida, no un objetivo de aprendizaje formal del currículo.",,
HK-QUI-hk_qui-p078-03,HK,hk_qui,78,HKDSE Chemistry (marco actualizado),especializacion,Construir modelos moleculares de compuestos con diferentes grupos funcionales.,build molecular models of compounds with different functional groups,CON:quimica/grupos-funcionales CON:quimica/el-carbono-y-las-moleculas-organicas CON:quimica/moleculas-y-formulas-quimicas,"extracción parcial: Es una actividad de aprendizaje sugerida, no un objetivo de aprendizaje formal del currículo.",,
HK-QUI-hk_qui-p078-04,HK,hk_qui,78,HKDSE Chemistry (marco actualizado),especializacion,Practicar la escritura de nombres sistemáticos y fórmulas de diferentes grupos funcionales usando herramientas de IA o plataformas de autoaprendizaje.,"practice writing systematic names, general formulae, condensed formulae",CON:quimica/nomenclatura-organica CON:quimica/grupos-funcionales CON:quimica/moleculas-y-formulas-quimicas,"extracción parcial: Es una actividad de aprendizaje sugerida, no un objetivo de aprendizaje formal del currículo.",,
HK-QUI-hk_qui-p078-05,HK,hk_qui,78,HKDSE Chemistry (marco actualizado),especializacion,Buscar y presentar información sobre medicamentos quirales.,search and present information on ‘chiral drug’,CON:quimica/estereoquimica CON:quimica/grupos-funcionales,"extracción parcial: Es una actividad de aprendizaje sugerida, no un objetivo de aprendizaje formal del currículo.",,
HK-QUI-hk_qui-p078-06,HK,hk_qui,78,HKDSE Chemistry (marco actualizado),especializacion,Construir modelos moleculares de but-2-eno.,build molecular models of but-2-ene,CON:quimica/estereoquimica CON:quimica/geometria-molecular-rpecv CON:quimica/hidrocarburos-alifaticos,"extracción parcial: Es una actividad de aprendizaje sugerida, no un objetivo de aprendizaje formal del currículo.",,
HK-QUI-hk_qui-p078-07,HK,hk_qui,78,HKDSE Chemistry (marco actualizado),especializacion,Construir modelos moleculares de butan-2-ol o ácido 2-hidroxipropanoico (ácido láctico).,build molecular models of butan-2-ol or 2-hydroxypropanoic acid,CON:quimica/estereoquimica CON:quimica/geometria-molecular-rpecv CON:quimica/grupos-funcionales,"extracción parcial: Es una actividad de aprendizaje sugerida, no un objetivo de aprendizaje formal del currículo.",,
HK-QUI-hk_qui-p078-08,HK,hk_qui,78,HKDSE Chemistry (marco actualizado),especializacion,Estudiar modelos tridimensionales de compuestos con carbonos quirales utilizando un programa informático.,study three-dimensional models of compounds with chiral carbons,CON:quimica/estereoquimica CON:quimica/geometria-molecular-rpecv,"extracción parcial: Es una actividad de aprendizaje sugerida, no un objetivo de aprendizaje formal del currículo.",,
HK-QUI-hk_qui-p081-02,HK,hk_qui,81,HKDSE Chemistry (marco actualizado),especializacion,Reconocer que el paracetamol se utiliza como medicamento para aliviar el dolor y reducir la fiebre.,recognise that paracetamol is used as a drug to relieve pain and reduce fever,,"etiqueta de confianza baja: El enunciado es un hecho sobre el uso de un fármaco, no enseña un concepto químico.",,
HK-QUI-hk_qui-p081-03,HK,hk_qui,81,HKDSE Chemistry (marco actualizado),especializacion,Reconocer que existen posibles efectos secundarios al tomar aspirina y paracetamol.,recognise that there are potential side effects in taking aspirin and paracetamol,,"etiqueta de confianza baja: El enunciado se refiere a los efectos de una sustancia, no a su química subyacente.",,
HK-QUI-hk_qui-p081-04,HK,hk_qui,81,HKDSE Chemistry (marco actualizado),especializacion,"Reconocer que la aspirina se usa para aliviar el dolor, reducir la inflamación, la fiebre y el riesgo de infarto.","recognise that aspirin is used as a drug to relieve pain, reduce inflammation and fever",,"etiqueta de confianza baja: El enunciado trata sobre los usos de un fármaco, un tema no cubierto.",,
HK-QUI-hk_qui-p085-03,HK,hk_qui,85,HKDSE Chemistry (marco actualizado),especializacion,"Comprender que la química orgánica mejora la formulación, funcionalidad, seguridad y compatibilidad ambiental de productos diarios.",Organic chemistry plays a significant role on,CON:quimica/el-carbono-y-las-moleculas-organicas CON:quimica/quimica-verde,"etiqueta de confianza baja: Enunciado muy general sobre el valor de la química orgánica, sin foco conceptual específico.",,
HK-QUI-hk_qui-p085-04,HK,hk_qui,85,HKDSE Chemistry (marco actualizado),especializacion,Mostrar preocupación por los problemas ambientales y desarrollar responsabilidad compartida por el desarrollo sostenible global.,to show concern for the environmental issues,,"etiqueta de confianza baja: Es un objetivo puramente actitudinal sobre sostenibilidad, sin contenido conceptual de química.",,
HK-QUI-hk_qui-p085-08,HK,hk_qui,85,HKDSE Chemistry (marco actualizado),especializacion,Valorar que la ciencia y la tecnología nos proporcionan productos útiles para la vida diaria.,to appreciate that science and technology provide,,"etiqueta de confianza baja: Enunciado muy general y actitudinal, no enseña un concepto químico específico del catálogo.",,
HK-QUI-hk_qui-p087-01,HK,hk_qui,87,HKDSE Chemistry (marco actualizado),especializacion,Describir el intercambio de ligandos y los cambios de color en la formación de [Cu(NH3)4(H2O)2]2+ a partir de [Cu(H2O)6]2+.,describe the ligand exchange and the colour changes in the formation,CON:quimica/enlace-covalente CON:quimica/reaccion-quimica-y-evidencias,extracción parcial: Omite el intermediario Cu(OH)₂(H₂O)₄ en la ruta de reacción descrita.,,
HK-QUI-hk_qui-p087-02,HK,hk_qui,87,HKDSE Chemistry (marco actualizado),especializacion,Describir la importancia de los metales de transición.,describe the importance of transition metals,CON:quimica/quimica-descriptiva-de-los-elementos CON:quimica/catalizadores CON:quimica/numero-de-oxidacion,"etiqueta de confianza baja: El término ""importancia"" es muy vago y puede abarcar múltiples conceptos no especificados.",,
HK-QUI-hk_qui-p087-04,HK,hk_qui,87,HKDSE Chemistry (marco actualizado),especializacion,"Describir que los metales de transición pueden existir en más de un estado de oxidación en sus compuestos, como Fe2+ y Fe3+.",describe that transition metals can exist in more than one oxidation state,CON:quimica/numero-de-oxidacion CON:quimica/quimica-descriptiva-de-los-elementos,"extracción parcial: Omite los ejemplos de manganeso (Mn²⁺, MnO₂ y MnO₄⁻) mencionados en el documento.",,
HK-QUI-hk_qui-p088-06,HK,hk_qui,88,HKDSE Chemistry (marco actualizado),especializacion,Realizar un experimento para investigar el sistema de equilibrio que involucra complejos de cobre(II) usando solución de sulfato de cobre(II) y amoníaco.,perform an experiment to investigate the equilibrium system involving,CON:quimica/equilibrio-dinamico CON:quimica/principio-de-le-chatelier,extracción parcial: Omite las fórmulas específicas de los complejos de cobre que se deben investigar.,,
HK-QUI-hk_qui-p088-07,HK,hk_qui,88,HKDSE Chemistry (marco actualizado),especializacion,"Buscar información e interpretar las tendencias de propiedades físicas de los elementos, como densidad y solubilidad, en los periodos 2, 3 y 4.",search for information and interpret the trends of physical properties,CON:quimica/propiedades-periodicas CON:quimica/densidad-y-flotacion CON:quimica/propiedades-fisicas-y-quimicas CON:quimica/tabla-periodica,"extracción parcial: Omite que la solubilidad se refiere específicamente al agua (""solubility in water"").",,
HK-QUI-hk_qui-p089-04,HK,hk_qui,89,HKDSE Chemistry (marco actualizado),especializacion,Reconocer que la evidencia científica es la base de las generalizaciones y explicaciones sobre la materia.,appreciate that scientific evidence is the foundation for generalisations and explanations about matter.,,"etiqueta de confianza baja: Es una declaración sobre la naturaleza de la ciencia, no sobre un concepto químico.",,
HK-QUI-hk_qui-p089-06,HK,hk_qui,89,HKDSE Chemistry (marco actualizado),especializacion,Valorar la utilidad de los modelos y teorías para explicar las estructuras y comportamientos de la materia.,appreciate the usefulness of models and theories in helping explain the structures and behaviours of matter.,,"etiqueta de confianza baja: Es una declaración sobre la naturaleza de los modelos científicos, no un concepto químico.",,
HK-QUI-hk_qui-p089-07,HK,hk_qui,89,HKDSE Chemistry (marco actualizado),especializacion,Valorar las variaciones en forma de patrones que ocurren en la naturaleza.,to appreciate the pattern-wise variations that occur in nature.,CON:quimica/propiedades-periodicas CON:quimica/tabla-periodica,"etiqueta de confianza baja: Declaración muy vaga; en química, se interpreta como una referencia a los patrones periódicos.",,
HK-QUI-hk_qui-p090-02,HK,hk_qui,90,HKDSE Chemistry (marco actualizado),especializacion,Comprender el importante papel de la química analítica en la vida cotidiana a través de la experiencia práctica.,understand the important role of analytical chemistry in daily life.,CON:quimica/cromatografia CON:quimica/espectrometria-de-masas CON:quimica/valoracion-acido-base,"etiqueta de confianza baja: Es una declaración general sobre la importancia de la química analítica, no un concepto.",,
HK-QUI-hk_qui-p090-03,HK,hk_qui,90,HKDSE Chemistry (marco actualizado),especializacion,"Comprender métodos instrumentales básicos: colorimetría para cuantificar sustancias, espectroscopía IR para identificar grupos funcionales y espectrometría de masas.",acquire a basic understanding of instrumental methods such as colorimetry... infrared (IR) spectroscopy... and mass spectrometry,CON:quimica/espectrometria-de-masas CON:quimica/espectroscopia-y-estructura-organica CON:quimica/grupos-funcionales,extracción parcial: Omite el propósito de la espectrometría de masas (determinar estructuras moleculares) mencionado en el texto.,,
HK-QUI-hk_qui-p090-09,HK,hk_qui,90,HKDSE Chemistry (marco actualizado),especializacion,Seleccionar los medios más apropiados para resolver problemas analíticos en diferentes situaciones y justificar sus elecciones.,select the most appropriate means to solve problems in different situations and justify their choices.,,"etiqueta de confianza baja: Es una habilidad de alto nivel que integra múltiples conceptos, no enseña uno específico.",,
HK-QUI-hk_qui-p091-04,HK,hk_qui,91,HKDSE Chemistry (marco actualizado),especializacion,Decidir y llevar a cabo una prueba química adecuada para detectar la presencia de una especie química.,decide on and carry out an appropriate chemical test to detect the presence,CON:quimica/reaccion-quimica-y-evidencias,"etiqueta de confianza baja: Es una competencia general de planificación de análisis, no enseña un concepto químico específico.",,
HK-QUI-hk_qui-p093-01,HK,hk_qui,93,HKDSE Chemistry (marco actualizado),especializacion,Conocer el análisis de alimentos y medicamentos.,analysis of food and drugs,,"etiqueta de confianza baja: Enunciado muy vago y amplio; es un contexto de aplicación, no un concepto enseñable.",,
HK-QUI-hk_qui-p093-02,HK,hk_qui,93,HKDSE Chemistry (marco actualizado),especializacion,Conocer el papel de la química en la protección ambiental.,environmental protection,,"etiqueta de confianza baja: Enunciado muy vago y amplio; es un contexto de aplicación, no un concepto enseñable.",,
HK-QUI-hk_qui-p093-03,HK,hk_qui,93,HKDSE Chemistry (marco actualizado),especializacion,Conocer el uso de la química en diagnósticos clínicos.,clinical diagnoses,,"etiqueta de confianza baja: Enunciado muy vago y amplio; es un contexto de aplicación, no un concepto enseñable.",,
HK-QUI-hk_qui-p093-04,HK,hk_qui,93,HKDSE Chemistry (marco actualizado),especializacion,Conocer los aspectos químicos de la ciencia forense.,chemistry aspects of forensic science,,"etiqueta de confianza baja: Enunciado muy vago y amplio; es un contexto de aplicación, no un concepto enseñable.",,
HK-QUI-hk_qui-p093-08,HK,hk_qui,93,HKDSE Chemistry (marco actualizado),especializacion,Reconocer el uso de instrumentación moderna para el análisis en la vida diaria.,recognise the use of modern instrumentation for analysis,,etiqueta de confianza baja: Enunciado muy general sobre instrumentación analítica sin especificar técnicas o principios.,,
HK-QUI-hk_qui-p095-03,HK,hk_qui,95,HKDSE Chemistry (marco actualizado),especializacion,Buscar y presentar información relacionada con el uso de métodos químicos en la ciencia forense.,search for and present information related to the use of chemical methods in forensic science,,etiqueta de confianza baja: Es una tarea de investigación y comunicación sobre un campo de aplicación muy amplio.,,
HK-QUI-hk_qui-p095-07,HK,hk_qui,95,HKDSE Chemistry (marco actualizado),especializacion,Determinar la concentración de hipoclorito en una muestra de lejía.,hypochlorite in a sample of bleach #,CON:quimica/oxidacion-y-reduccion CON:quimica/concentracion-de-disoluciones CON:quimica/estequiometria,extracción parcial: agregado por el validador (completitud),,
HK-QUI-hk_qui-p097-01,HK,hk_qui,97,HKDSE Chemistry (marco actualizado),especializacion,Decidir y aplicar conocimientos y conceptos relevantes de química y matemáticas para analizar datos experimentales y sacar conclusiones significativas.,decide on and apply relevant knowledge and concepts of chemistry and mathematics for analysing experimental data,,"etiqueta de confianza baja: Describe habilidades generales de análisis de datos y aplicación de conocimientos, no un concepto.",,
HK-QUI-hk_qui-p099-08,HK,hk_qui,99,HKDSE Chemistry (marco actualizado),especializacion,"Sugerir formas de mejorar la viabilidad, validez y/o fiabilidad de los experimentos.","Suggesting ways to improve the feasibility, validity and/or reliability of experiments",,"etiqueta de confianza baja: Enunciado puramente metodológico sobre la evaluación y mejora del diseño experimental, sin contenido.",,
HK-QUI-hk_qui-p100-01,HK,hk_qui,100,HKDSE Chemistry (marco actualizado),especializacion,Analizar e interpretar los datos obtenidos a partir de investigaciones de primera mano.,Ability to analyse and interpret data obtained from first-hand investigations,,"etiqueta de confianza baja: Habilidad de proceso científico general, centrada en el análisis e interpretación de datos experimentales.",,
HK-QUI-hk_qui-p100-02,HK,hk_qui,100,HKDSE Chemistry (marco actualizado),especializacion,Aplicar procedimientos adecuados de recopilación de datos y manejar las posibles fuentes de error.,Proper data collection procedures and handling of possible sources of error,,etiqueta de confianza baja: Habilidad de proceso sobre la recolección de datos y el manejo del error experimental.,,
HK-QUI-hk_qui-p100-03,HK,hk_qui,100,HKDSE Chemistry (marco actualizado),especializacion,Comprender los conceptos de química relevantes y las precauciones de seguridad.,Understanding of relevant chemistry concepts and concerns about safety,,"etiqueta de confianza baja: Declaración genérica sobre la comprensión de la química y la seguridad, sin especificar conceptos.",,
HK-QUI-hk_qui-p100-04,HK,hk_qui,100,HKDSE Chemistry (marco actualizado),especializacion,"Comunicar de manera efectiva los procedimientos experimentales, los datos y/o los hallazgos.","Ability to communicate the experimental procedures, data and/or findings effectively",,etiqueta de confianza baja: Habilidad de proceso centrada exclusivamente en la comunicación de resultados de una investigación.,,
HK-QUI-hk_qui-p100-05,HK,hk_qui,100,HKDSE Chemistry (marco actualizado),especializacion,Demostrar habilidades de manipulación y un desempeño general adecuado en el trabajo de laboratorio.,Manipulative skills and general bench performance,,"etiqueta de confianza baja: Habilidad práctica general de laboratorio, sin especificar técnicas ni conceptos químicos concretos.",,
HK-QUI-hk_qui-p100-06,HK,hk_qui,100,HKDSE Chemistry (marco actualizado),especializacion,Evaluar la validez y fiabilidad del proceso de investigación y de los hallazgos obtenidos.,Ability to evaluate the validity and reliability of the investigation process and findings,,etiqueta de confianza baja: Habilidad metodológica sobre la evaluación de la calidad de una investigación y sus resultados.,,
HK-QUI-hk_qui-p100-07,HK,hk_qui,100,HKDSE Chemistry (marco actualizado),especializacion,Garantizar la viabilidad del plan de investigación y/o de los procedimientos experimentales diseñados por el propio estudiante.,Feasibility of the investigation plan and/or the self-designed experimental procedures,,etiqueta de confianza baja: Habilidad de proceso centrada en la planificación y diseño viable de investigaciones propias.,,
HK-QUI-hk_qui-p100-09,HK,hk_qui,100,HKDSE Chemistry (marco actualizado),especializacion,Utilizar referencias de manera apropiada para respaldar los métodos y los hallazgos de la investigación.,Appropriateness of references to support the methods and findings,,etiqueta de confianza baja: Habilidad académica general sobre el uso de fuentes para fundamentar una investigación.,,
HK-QUI-hk_qui-p100-10,HK,hk_qui,100,HKDSE Chemistry (marco actualizado),especializacion,Practicar la redacción de informes experimentales para comunicar investigaciones con claridad y precisión.,"practice writing experimental reports throughout the curriculum, including but not limited to occasions when they conduct the inquiry-based experiments/investigations",,extracción parcial: agregado por el validador (completitud) | etiqueta de confianza baja: Habilidad de proceso centrada en la comunicación escrita de investigaciones mediante informes experimentales.,,
JP-BIO-jp_15-p106-01,JP,jp_15,106,科学と人間生活 (Ciencia y vida humana),nucleo,Realizar observaciones y experimentos sobre los fenómenos vitales humanos para comprenderlos en relación con la vida humana.,ヒトの生命現象に関する観察，実験などを行い，ヒトの生命現象を人間生活と関連付けて理解すること。,CON:biologia/estructuras-del-cuerpo-y-su-funcion,"etiqueta de confianza baja: Enunciado muy vago. ""Fenómenos vitales humanos"" es demasiado amplio para una clasificación precisa.",,
JP-BIO-jp_15-p107-02,JP,jp_15,107,科学と人間生活 (Ciencia y vida humana),nucleo,"Describir los mecanismos básicos de la función genética (relación ADN-proteína), la visión (reloj biológico), la regulación del azúcar en sangre (diabetes) y la inmunidad (alergias).",遺伝子の働き，視覚，血糖濃度の調節，免疫についての基本的な仕組みを扱うこと。,CON:biologia/sintesis-de-proteinas CON:biologia/homeostasis CON:biologia/organos-de-los-sentidos CON:biologia/sistema-inmunitario,etiqueta de confianza baja: El enunciado es una lista de cuatro temas biológicos muy diferentes sin conexión aparente.,,
JP-BIO-jp_75-p123-03,JP,jp_75,123,生物 (Biología),especializacion,"Investigar la evolución de los organismos a través de observaciones y experimentos, y descubrir y expresar sus características.",観察，実験などを通して探究し，生物の進化についての特徴を見いだして表現すること。,CON:biologia/mecanismos-de-microevolucion,"etiqueta de confianza baja: Es muy vago. ""Investigar la evolución"" puede significar muchas cosas a diferentes niveles.",,
JP-BIO-jp_75-p123-10,JP,jp_75,123,生物 (Biología),especializacion,"Investigar los fenómenos vitales y las sustancias a través de observaciones y experimentos, y descubrir y expresar sus características.",観察，実験などを通して探究し，生命現象と物質についての特徴を見いだして表現すること。,,"etiqueta de confianza baja: Extremadamente vago. ""Fenómenos vitales"" y ""sustancias"" pueden abarcar casi toda la biología.",,
JP-BIO-jp_75-p124-01,JP,jp_75,124,生物 (Biología),especializacion,"Investigar mediante observación y experimentación la ecología y el medio ambiente, descubriendo y expresando las relaciones entre organismos y entre estos y su entorno.",生態系における，生物間の関係性及び生物と環境との関係性を見いだして表現すること。,CON:biologia/factores-bioticos-y-abioticos CON:biologia/niveles-de-organizacion-ecologica,"etiqueta de confianza baja: Enunciado muy amplio sobre ecología, centrado en las interacciones entre organismos y su ambiente.",,
JP-BIO-jp_75-p124-04,JP,jp_75,124,生物 (Biología),especializacion,"Comprender, basándose en datos, los mecanismos de mantenimiento de las comunidades y las interacciones entre poblaciones, incluyendo la competencia interespecífica, el mutualismo y la coexistencia.",生物群集が維持される仕組みや個体群間の関係性を見いだして理解すること。,CON:biologia/competencia-por-recursos CON:biologia/simbiosis CON:biologia/nicho-ecologico,"extracción parcial: Agrega detalles (competencia, mutualismo, coexistencia) de la sección de alcance y profundidad (p.2).",,
JP-BIO-jp_75-p124-05,JP,jp_75,124,生物 (Biología),especializacion,"Observar y experimentar las interacciones dentro de una población (competencia intraespecífica, sociabilidad), comprendiendo los mecanismos de mantenimiento de la población y las relaciones entre individuos.",個体群内の相互作用に関する観察，実験などを行い，個体群が維持される仕組みや個体間の関係性を見いだして理解,CON:biologia/relaciones-intraespecificas CON:biologia/crecimiento-poblacional CON:biologia/factores-limitantes-de-poblaciones,"extracción parcial: Agrega detalles (competencia intraespecífica, sociabilidad) de la sección de alcance y profundidad (p.2).",,
JP-BIO-jp_75-p124-08,JP,jp_75,124,生物 (Biología),especializacion,"Comprender el mecanismo de recepción de estímulos y reacción mediante el sistema nervioso (ojo, músculo, memoria), relacionándolo con las características de las células involucradas.",外界の刺激を受容し神経系を介して反応する仕組みを，関与する細胞の特性と関連付けて理解すること。,CON:biologia/retroalimentacion-negativa CON:biologia/impulso-nervioso-y-sinapsis CON:biologia/organos-de-los-sentidos CON:biologia/sistema-nervioso,"extracción parcial: Agrega detalles (ojo, músculo, memoria) de la sección de alcance y profundidad (p.2).",,
JP-BIO-jp_75-p124-09,JP,jp_75,124,生物 (Biología),especializacion,"Observar y experimentar la respuesta ambiental en angiospermas, comprendiendo la participación de fitohormonas y fotorreceptores en el crecimiento (gametogénesis, fecundación, embriogénesis, diferenciación) y reacciones.",植物の環境応答に関する観察，実験などを行い，植物の成長や反応に植物ホルモンが関わることを見いだして理解,CON:biologia/tropismos-y-hormonas-vegetales CON:biologia/diferenciacion-y-especializacion-celular CON:biologia/fecundacion-y-desarrollo-embrionario CON:biologia/reproduccion-de-plantas-con-flor,"extracción parcial: Agrega detalles (angiospermas, fotorreceptores, etc.) de la sección de alcance y profundidad (p.2). | etiqueta de confianza baja: Mezcla las respuestas de las plantas a estímulos con su ciclo reproductivo y desarrollo.",,
JP-BIO-jp_75-p124-10,JP,jp_75,124,生物 (Biología),especializacion,"Comprender los principios y la utilidad de las tecnologías de manipulación genética, incluyendo el uso de enzimas de restricción, vectores y técnicas de amplificación de genes.",遺伝子を扱う技術について，その原理と有用性を理解すること。,CON:biologia/ingenieria-genetica CON:biologia/pcr-y-electroforesis,"extracción parcial: Agrega detalles (enzimas, vectores, amplificación) de la sección de alcance y profundidad (p.2).",,
JP-FIS-jp_15-p105-03,JP,jp_15,105,科学と人間生活 (Ciencia y vida humana),nucleo,Profundizar la conciencia sobre la relación de las ciencias con la vida humana y adquirir las habilidades de observación y experimentación correspondientes.,…認識を深めるとともに、それらの観察、実験などに関する技能を身に付けること。,,"extracción parcial: agregado por el validador (completitud) | etiqueta de confianza baja: Enunciado muy general sobre la relación ciencia-sociedad y habilidades, sin conceptos físicos específicos.",,
JP-FIS-jp_15-p105-04,JP,jp_15,105,科学と人間生活 (Ciencia y vida humana),nucleo,Comprender cómo el desarrollo de la ciencia y la tecnología ha contribuido a la vida humana en la actualidad.,科学技術の発展が今日の人間生活に対してどのように貢献してきたかについて理解すること。,,"etiqueta de confianza baja: Enunciado sobre la relación entre ciencia, tecnología y sociedad, sin contenido físico enseñado.",,
JP-FIS-jp_15-p105-05,JP,jp_15,105,科学と人間生活 (Ciencia y vida humana),nucleo,Considerar científicamente y expresar la relación entre el desarrollo de la ciencia y la tecnología y la vida humana.,科学技術の発展と人間生活との関わりについて科学的に考察し表現すること。,,"etiqueta de confianza baja: Enunciado general sobre ciencia, tecnología y sociedad, sin conceptos físicos. Incluye prácticas.",,
JP-FIS-jp_15-p106-01,JP,jp_15,106,科学と人間生活 (Ciencia y vida humana),nucleo,"Identificar problemas, realizar observaciones y experimentos en ciencias de luz/calor, materia, vida y espacio/Tierra, y considerar y expresar científicamente su relación con la vida humana.",問題を見いだし見通しをもって観察，実験などを行い，人間生活と関連付けて，科学的に考察し表現すること。,,"etiqueta de confianza baja: Enunciado metodológico que lista áreas y prácticas científicas, sin enseñar un concepto concreto.",,
JP-FIS-jp_15-p106-02,JP,jp_15,106,科学と人間生活 (Ciencia y vida humana),nucleo,Considerar científicamente y expresar cómo será la relación entre la ciencia y la vida humana en el futuro.,これからの科学と人間生活との関わり方について科学的に考察し表現すること。,,"etiqueta de confianza baja: Enunciado sobre prospectiva y la relación ciencia-sociedad, sin conceptos físicos específicos.",,
JP-FIS-jp_15-p106-03,JP,jp_15,106,科学と人間生活 (Ciencia y vida humana),nucleo,Profundizar en la comprensión sobre cómo será la relación entre la ciencia y la vida humana en el futuro.,これからの科学と人間生活との関わり方について認識を深めること。,,"etiqueta de confianza baja: Enunciado sobre prospectiva y la relación ciencia-sociedad, sin conceptos físicos específicos.",,
JP-FIS-jp_15-p107-03,JP,jp_15,107,科学と人間生活 (Ciencia y vida humana),nucleo,"Establecer e investigar problemas relacionados con la naturaleza, la ciencia y la tecnología, basándose en los contenidos aprendidos y según los intereses de los estudiantes.",学習した内容を踏まえ，生徒の興味・関心等に応じて，自然や科学技術に関連した課題を設定し考察させること。,,"etiqueta de confianza baja: Enunciado metodológico sobre investigación por proyectos, sin conceptos físicos específicos.",,
JP-FIS-jp_25-p108-04,JP,jp_25,108,物理基礎 (Física Básica),nucleo,"Indagar mediante experimentos sobre el movimiento y la energía para descubrir y expresar regularidades en la cinemática, las fuerzas y la energía mecánica.",観察，実験などを通して探究し，運動の表し方，様々な力とその働き,CON:fisica/conservacion-energia-mecanica CON:fisica/segunda-ley-newton CON:fisica/aceleracion CON:fisica/rapidez-velocidad,"etiqueta de confianza baja: Enunciado muy amplio que resume la cinemática, la dinámica y la energía mecánica.",,
JP-FIS-jp_25-p108-12,JP,jp_25,108,物理基礎 (Física Básica),nucleo,"Comprender los métodos de medición, representación y análisis de magnitudes físicas en fenómenos cotidianos.",物理量の測定と表し方，分析の手法を理解すること。,CON:fisica/medicion-magnitudes-instrumentos,"etiqueta de confianza baja: Enunciado muy general sobre prácticas científicas (medir, representar, analizar) sin especificar conceptos físicos.",,
JP-FIS-jp_25-p109-02,JP,jp_25,109,物理基礎 (Física Básica),nucleo,Comprender que los temas aprendidos en esta asignatura están vinculados a la ciencia y tecnología que sustentan la vida cotidiana y la sociedad.,学んだ事柄が，日常生活や社会を支えている科学技術と結び付いていることを理解すること。,,"etiqueta de confianza baja: Es un objetivo actitudinal sobre la relevancia de la física, no un concepto específico.",,
JP-FIS-jp_25-p109-03,JP,jp_25,109,物理基礎 (Física Básica),nucleo,"Indagar mediante observaciones y experimentos sobre fenómenos físicos, descubriendo y expresando regularidades y relaciones en ondas, calor, electricidad y energía.",観察，実験などを通して探究し，波，熱，電気，エネルギーとその利用における規則性や関係性を見いだして表現,,etiqueta de confianza baja: Enunciado muy amplio que cubre varias áreas de la física y se centra en la indagación.,,
JP-FIS-jp_25-p109-14,JP,jp_25,109,物理基礎 (Física Básica),nucleo,Tratar principalmente el movimiento rectilíneo.,直線運動を中心に扱うこと。,CON:fisica/posicion-desplazamiento CON:fisica/rapidez-velocidad CON:fisica/movimiento-y-reposo,etiqueta de confianza baja: Enunciado muy general que abarca los conceptos básicos de la cinemática rectilínea.,,
JP-FIS-jp_25-p110-01,JP,jp_25,110,物理基礎 (Física Básica),nucleo,Abordar la conversión de corriente alterna a continua y la utilización de ondas electromagnéticas.,交流の直流への変換や電磁波の利用にも触れること。,CON:fisica/corriente-alterna-transformador CON:fisica/ondas-electromagneticas-espectro CON:fisica/semiconductores-dispositivos,etiqueta de confianza baja: Enunciado vago que une dos temas amplios sin detallar el nivel de profundidad.,,
JP-FIS-jp_25-p110-02,JP,jp_25,110,物理基礎 (Física Básica),nucleo,Presentar ejemplos concretos de ciencia y tecnología utilizados en la vida cotidiana y la sociedad.,日常生活や社会で利用されている科学技術の具体的事例を取り上げること。,,"etiqueta de confianza baja: Enunciado muy general sobre la aplicación de la ciencia, no sobre un concepto físico.",,
JP-FIS-jp_25-p110-03,JP,jp_25,110,物理基礎 (Física Básica),nucleo,"Tratar la conversión a energía eléctrica y la fisión nuclear, incluyendo tipos y propiedades de radiación, sustancias radiactivas y el uso de la energía nuclear.",電気エネルギーへの変換を中心に扱うこと。「原子力」については，核分裂によってエネルギーが発生していること,CON:fisica/desintegracion-radiactiva CON:fisica/fision-fusion-nuclear CON:fisica/radiacion-ionizante-aplicaciones CON:fisica/transformaciones-energia,"extracción parcial: Omite la mención a los ""problemas"" (課題) asociados al uso de la energía nuclear.",,
JP-FIS-jp_35-p111-05,JP,jp_35,111,物理 (Física),especializacion,"Explorar el movimiento de diversos objetos mediante experimentos para descubrir y expresar regularidades en cinemática, dinámica, gravitación y gases.",様々な物体の運動について，観察，実験などを通して探究し...規則性や関係性を見いだして表現すること。,,etiqueta de confianza baja: Enunciado de síntesis que abarca múltiples áreas de la física y se centra en prácticas.,,
JP-FIS-jp_35-p111-08,JP,jp_35,111,物理 (Física),especializacion,Comprender la propagación de la luz.,光の伝わり方について理解すること。,CON:fisica/propagacion-rectilinea-sombras CON:fisica/ondas-electromagneticas-espectro CON:fisica/reflexion-luz CON:fisica/refraccion-luz,etiqueta de confianza baja: Enunciado muy vago que podría abarcar desde la óptica geométrica hasta la naturaleza ondulatoria.,,
JP-FIS-jp_35-p112-02,JP,jp_35,112,物理 (Física),especializacion,"Comprender el campo magnético producido por una corriente, centrándose en los campos generados por corrientes rectilíneas y circulares.",電流がつくる磁界の様子を理解すること。,CON:fisica/electroiman CON:fisica/campo-magnetico,"extracción parcial: Agrega el detalle de corrientes rectilíneas y circulares, una especificación posterior.",,
JP-FIS-jp_35-p112-03,JP,jp_35,112,物理 (Física),especializacion,"Comprender la fuerza que ejerce un campo magnético sobre una corriente eléctrica, incluyendo la fuerza de Lorentz.",電流が磁界から受ける力について理解すること。,CON:fisica/fuerza-lorentz CON:fisica/fuerza-sobre-corrientes-motor,"extracción parcial: Agrega la 'fuerza de Lorentz', una especificación posterior no incluida en el objetivo.",,
JP-FIS-jp_35-p112-04,JP,jp_35,112,物理 (Física),especializacion,"Comprender las propiedades y usos de las ondas electromagnéticas, incluyendo las oscilaciones eléctricas y la generación de ondas electromagnéticas.",電磁波の性質とその利用を理解すること。,CON:fisica/ondas-electromagneticas-espectro CON:fisica/corriente-alterna-transformador,"extracción parcial: Agrega 'oscilaciones eléctricas' y 'generación de ondas', especificaciones posteriores del contenido.",,
JP-FIS-jp_35-p112-05,JP,jp_35,112,物理 (Física),especializacion,"Experimentar y comprender la relación entre el cambio de flujo magnético y la fuerza electromotriz inducida, la ley de inducción, autoinducción, inducción mutua y circuitos CA.",電磁誘導に関する実験などを行い，磁束の変化と誘導起電力の向きや大きさとの関係を見いだし,CON:fisica/induccion-electromagnetica CON:fisica/corriente-alterna-transformador,"extracción parcial: Agrega 'autoinducción' e 'inducción mutua', que son especificaciones posteriores del contenido.",,
JP-FIS-jp_35-p112-06,JP,jp_35,112,物理 (Física),especializacion,"Comprender la fuerza de interacción entre cargas y la representación del campo eléctrico, incluyendo la inducción electrostática.",電荷が相互に及ぼし合う力を理解すること。また，電界の表し方を理解すること。,CON:fisica/campo-electrico CON:fisica/ley-coulomb CON:fisica/carga-electrica-electrizacion,"extracción parcial: Agrega 'inducción electrostática', una especificación posterior no incluida en el objetivo principal.",,
JP-FIS-jp_35-p112-08,JP,jp_35,112,物理 (Física),especializacion,"Comprender las propiedades de los condensadores y relacionar la capacidad eléctrica con el campo eléctrico y la diferencia de potencial, incluyendo su conexión.",コンデンサーの性質を理解するとともに，電気容量を電界や電位差と関連付けて理解する,CON:fisica/capacitancia CON:fisica/campo-electrico CON:fisica/potencial-electrico,"extracción parcial: Agrega 'conexión', una especificación posterior no incluida en el objetivo principal.",,
JP-FIS-jp_35-p112-09,JP,jp_35,112,物理 (Física),especializacion,"Realizar experimentos para comprender las leyes básicas de los circuitos eléctricos, incluyendo la dependencia térmica de la resistividad, resistencia interna y semiconductores.",電気回路に関する実験などを行い，電気回路における基本的な法則を理解すること。,CON:fisica/ley-ohm CON:fisica/leyes-kirchhoff CON:fisica/semiconductores-dispositivos,"extracción parcial: Agrega detalles (resistividad, semiconductores) que son especificaciones posteriores del contenido.",,
JP-FIS-jp_35-p112-10,JP,jp_35,112,物理 (Física),especializacion,"Comprender la carga y la masa del electrón, incluyendo los experimentos históricos relacionados con los electrones.",電子の電荷と質量について理解すること。,CON:fisica/carga-electrica-electrizacion,"extracción parcial: Agrega 'experimentos históricos', una especificación posterior no incluida en el objetivo principal.",,
JP-FIS-jp_35-p113-02,JP,jp_35,113,物理 (Física),especializacion,Comprender que los logros de la física se utilizan en diversos campos y son la base de las nuevas tecnologías que construyen el futuro.,物理学の成果が様々な分野で利用され，未来を築く新しい科学技術の基盤となっていること,,etiqueta de confianza baja: Enunciado metacientífico sobre la aplicación de la física y su impacto tecnológico y social.,,
JP-FIS-jp_35-p114-01,JP,jp_35,114,物理 (Física),especializacion,Destacar logros que despierten el interés de los estudiantes por el desarrollo de la física y el progreso de la ciencia y la tecnología.,物理学の発展と科学技術の進展に対する興味を喚起するような成果を取り上げること。,,"etiqueta de confianza baja: Es un objetivo pedagógico general, no enseña un concepto físico específico.",,
JP-QUI-jp_45-p114-02,JP,jp_45,114,化学基礎 (Química Básica),nucleo,"Comprender las características de la química como ciencia que estudia la materia, a través de la investigación de las propiedades de sustancias cotidianas.",物質を対象とする科学である化学の特徴について理解すること。,CON:quimica/propiedades-fisicas-y-quimicas CON:quimica/materia-y-materiales,"etiqueta de confianza baja: Enunciado muy general sobre la naturaleza de la química, anclado en investigar propiedades.",,
JP-QUI-jp_45-p114-04,JP,jp_45,114,化学基礎 (Química Básica),nucleo,"Indagar sobre sustancias y elementos cotidianos mediante observaciones y experimentos, analizándolos científicamente y expresando los resultados.",身近な物質や元素について，観察，実験などを通して探究し，科学的に考察し，表現すること。,CON:quimica/materia-y-materiales CON:quimica/sustancias-puras-elementos-y-compuestos,"etiqueta de confianza baja: Enunciado centrado en el proceso de indagación científica, sin especificar los conceptos químicos concretos.",,
JP-QUI-jp_45-p115-03,JP,jp_45,115,化学基礎 (Química Básica),nucleo,Comprender que los temas aprendidos en esta asignatura están vinculados a la ciencia y tecnología que sustentan la vida cotidiana y la sociedad.,この科目で学んだ事柄が，日常生活や社会を支えている科学技術と結び付いていることを理解すること。,,"etiqueta de confianza baja: Enunciado sobre la relevancia de la química, sin contenido conceptual químico específico.",,
JP-QUI-jp_45-p115-12,JP,jp_45,115,化学基礎 (Química Básica),nucleo,"Indagar sobre la constitución de la materia mediante observaciones y experimentos, descubriendo y expresando regularidades y relaciones en su estructura.",物質の構成について，観察，実験などを通して探究し，物質の構成における規則性や関係性を見いだして表現,CON:quimica/materia-y-materiales CON:quimica/modelo-de-particulas,"etiqueta de confianza baja: Enunciado muy general sobre la indagación de la materia, sin especificar conceptos concretos.",,
JP-QUI-jp_45-p116-01,JP,jp_45,116,化学基礎 (Química Básica),nucleo,Analizar ejemplos concretos de ciencia y tecnología que se utilizan en la vida cotidiana y en la sociedad.,日常生活や社会で利用されている科学技術の具体的事例を取り上げること。,,"etiqueta de confianza baja: Enunciado sobre la relación ciencia-tecnología-sociedad, sin contenido químico específico.",,
JP-QUI-jp_45-p116-03,JP,jp_45,116,化学基礎 (Química Básica),nucleo,"Describir compuestos inorgánicos y orgánicos, polaridad molecular, enlaces coordinados, cristales covalentes y la estructura de polímeros como plásticos.",分子の極性や配位結合にも触れるとともに，共有結合の結晶及びプラスチックなどの高分子化合物,CON:quimica/estructura-y-propiedades-de-polimeros CON:quimica/polaridad-molecular CON:quimica/enlace-covalente CON:quimica/nomenclatura-inorganica CON:quimica/redes-covalentes-y-alotropos-del-carbono,etiqueta de confianza baja: Mezcla muchos temas distintos de estructura y enlace sin un foco claro.,,
JP-QUI-jp_55-p117-01,JP,jp_55,117,化学 (Química),especializacion,"Investigar mediante experimentos los cambios de la materia y el equilibrio, descubriendo y expresando regularidades en la energía y el equilibrio químico.",物質の変化と平衡について，観察，実験などを通して探究し，化学反応とエネルギー，化学反応と化学平衡,CON:quimica/entalpia-de-reaccion CON:quimica/equilibrio-dinamico CON:quimica/cambios-fisicos-y-quimicos,etiqueta de confianza baja: Enunciado muy general sobre la indagación experimental del cambio y el equilibrio químico.,,
JP-QUI-jp_55-p117-14,JP,jp_55,117,化学 (Química),especializacion,Comprender las sustancias inorgánicas y adquirir habilidades de observación y experimentación relacionadas con ellas.,無機物質について，次のことを理解するとともに，それらの観察，実験などに関する技能を身に付けること。,CON:quimica/quimica-descriptiva-de-los-elementos CON:quimica/nomenclatura-inorganica,"etiqueta de confianza baja: El término ""sustancias inorgánicas"" es muy vago y abarca una gran cantidad de temas.",,
JP-QUI-jp_55-p118-01,JP,jp_55,118,化学 (Química),especializacion,"Comprender que las sustancias inorgánicas, orgánicas y macromoleculares se utilizan en la vida humana aprovechando sus características respectivas.",無機物質，有機化合物及び高分子化合物がそれぞれの特徴を生かして人間生活の中で利用されていることを理解すること。,CON:quimica/materia-y-materiales,"etiqueta de confianza baja: Enunciado muy general sobre la utilidad de la química, no enseña un concepto específico.",,
JP-QUI-jp_55-p118-02,JP,jp_55,118,化学 (Química),especializacion,Comprender que los logros químicos se utilizan en diversos campos y son la base de nuevas tecnologías para el futuro.,化学の成果が様々な分野で利用され，未来を築く新しい科学技術の基盤となっていることを理解すること。,,"etiqueta de confianza baja: Enunciado sobre el impacto de la química, no sobre un concepto químico concreto.",,
JP-QUI-jp_55-p118-03,JP,jp_55,118,化学 (Química),especializacion,Considerar y expresar científicamente el papel que desempeñará la química en la sociedad futura en relación con la vida humana.,人間生活の中の化学について，これからの社会における化学が果たす役割を科学的に考察し，表現すること。,,"etiqueta de confianza baja: Es una tarea de reflexión sobre el rol social de la química, no un contenido.",,
JP-QUI-jp_55-p118-08,JP,jp_55,118,化学 (Química),especializacion,"Explorar compuestos orgánicos y macromoleculares mediante experimentos, descubriendo y expresando regularidades y relaciones en sus propiedades.",有機化合物，高分子化合物について，観察，実験などを通して探究し，有機化合物，高分子化合物の性質における規則性や関係性を見いだして表現すること。,CON:quimica/grupos-funcionales CON:quimica/el-carbono-y-las-moleculas-organicas CON:quimica/estructura-y-propiedades-de-polimeros,"etiqueta de confianza baja: Enunciado muy amplio, centrado en la exploración experimental de compuestos orgánicos y macromoleculares.",,
JP-QUI-jp_55-p119-01,JP,jp_55,119,化学 (Química),especializacion,Abordar logros que despierten interés en el desarrollo de la química y el avance de la ciencia y la tecnología.,化学の発展と科学技術の進展に対する興味を喚起するような成果を取り上げること。,,"etiqueta de confianza baja: Es un objetivo actitudinal para despertar interés, no enseña un concepto químico específico.",,
JP-QUI-jp_55-p119-02,JP,jp_55,119,化学 (Química),especializacion,Tratar sustancias representativas que se utilizan en la vida humana.,人間生活に利用されている代表的な物質を扱うこと。,,etiqueta de confianza baja: Enunciado extremadamente vago que no especifica qué sustancias o propiedades se deben tratar.,,
JP-TYE-jp_15-p107-01,JP,jp_15,107,科学と人間生活 (Ciencia y vida humana),nucleo,"Relacionar cualitativamente el movimiento del Sol, la Tierra y la Luna con las mareas, y la diferencia de radiación solar recibida con el movimiento atmosférico.",太陽や月が地球の大気や海洋，人間生活に及ぼす影響を扱うこと。「天体の運動」については,CON:ciencias_tierra_espacio/mareas CON:ciencias_tierra_espacio/radiacion-solar-y-balance-energetico CON:ciencias_tierra_espacio/gravedad-y-orbitas,extracción parcial: Omite que también se debe mencionar la utilización de la energía solar.,,
JP-TYE-jp_15-p107-02,JP,jp_15,107,科学と人間生活 (Ciencia y vida humana),nucleo,"Relacionar los paisajes naturales, sus cambios a largo plazo y los desastres naturales (agua, sismos, volcanes) con la geología, topografía, clima y energía interna de la Tierra.",地域の自然景観とその変化，自然災害を地域の地質や地形，気候などの特性や地球内部のエネルギー,CON:ciencias_tierra_espacio/sistemas-terrestres CON:ciencias_tierra_espacio/tectonica-de-placas CON:ciencias_tierra_espacio/amenazas-naturales CON:ciencias_tierra_espacio/conveccion-del-manto-y-energia-interna CON:ciencias_tierra_espacio/erosion-y-sedimentacion,"extracción parcial: Omite que también se debe mencionar la prevención de desastres (防災). | etiqueta de confianza baja: Es muy vago y ambicioso, relacionando paisajes, desastres, geología, clima y energía interna.",,
JP-TYE-jp_15-p107-03,JP,jp_15,107,科学と人間生活 (Ciencia y vida humana),nucleo,Mencionar la prevención de desastres naturales.,「自然災害」については...また、防災にも触れること。,CON:ciencias_tierra_espacio/riesgo-y-vulnerabilidad CON:ciencias_tierra_espacio/amenazas-naturales,extracción parcial: agregado por el validador (completitud),,
JP-TYE-jp_15-p107-04,JP,jp_15,107,科学と人間生活 (Ciencia y vida humana),nucleo,Mencionar la utilización de la energía de radiación solar.,「太陽の放射エネルギー」については...また、その利用についても触れること。,CON:ciencias_tierra_espacio/fuentes-de-energia CON:ciencias_tierra_espacio/recursos-renovables-y-no-renovables,extracción parcial: agregado por el validador (completitud),,
JP-TYE-jp_85-p127-04,JP,jp_85,127,地学基礎 (Ciencias de la Tierra Básica),nucleo,"Indagar mediante observaciones y experimentos sobre la evolución y el medio ambiente de la Tierra, para descubrir y expresar sus regularidades y relaciones.",観察，実験などを通して探究し，地球の変遷，地球の環境について，規則性や関係性を見いだして表現,CON:ciencias_tierra_espacio/sistemas-terrestres,etiqueta de confianza baja: Enunciado muy general sobre el método científico aplicado a las ciencias de la Tierra.,,
JP-TYE-jp_85-p127-06,JP,jp_85,127,地学基礎 (Ciencias de la Tierra Básica),nucleo,"Indagar mediante observaciones y experimentos sobre la Tierra como planeta, su actividad, atmósfera y océanos, para descubrir y expresar sus regularidades y relaciones.",観察，実験などを通して探究し...規則性や関係性を見いだして表現すること。,CON:ciencias_tierra_espacio/sistemas-terrestres,etiqueta de confianza baja: Enunciado muy general sobre la investigación de los sistemas terrestres y sus interacciones.,,
JP-TYE-jp_85-p128-06,JP,jp_85,128,地学基礎 (Ciencias de la Tierra Básica),nucleo,"Estudiar fenómenos meteorológicos, sísmicos y volcánicos característicos de Japón, así como la predicción y prevención de desastres naturales.",日本に見られる気象現象，地震や火山活動など特徴的な現象を扱うこと。,CON:ciencias_tierra_espacio/amenazas-naturales CON:ciencias_tierra_espacio/riesgo-y-vulnerabilidad CON:ciencias_tierra_espacio/sismos CON:ciencias_tierra_espacio/volcanes-estructura-y-tipos,"etiqueta de confianza baja: Agrupa múltiples fenómenos (meteorológicos, sísmicos, volcánicos) y la gestión de desastres.",,
JP-TYE-jp_85-p128-08,JP,jp_85,128,地学基礎 (Ciencias de la Tierra Básica),nucleo,"Relacionar fenómenos como el calentamiento global, la destrucción del ozono y El Niño con la vida humana usando datos.",地球温暖化，オゾン層破壊，エルニーニョ現象などの現象を，データに基づいて人間生活と関連させて扱う,CON:ciencias_tierra_espacio/calentamiento-global CON:ciencias_tierra_espacio/causas-del-cambio-climatico CON:ciencias_tierra_espacio/interaccion-oceano-atmosfera,etiqueta de confianza baja: Agrupa varios fenómenos globales complejos y uno no presente en el catálogo (ozono).,,
JP-TYE-jp_85-p128-09,JP,jp_85,128,地学基礎 (Ciencias de la Tierra Básica),nucleo,"Comprender la temperatura, densidad, presión y composición de los materiales que constituyen el interior de la Tierra.",地球内部の温度、密度、圧力及び構成物質の組成について理解すること。,CON:ciencias_tierra_espacio/capas-internas-de-la-tierra,extracción parcial: agregado por el validador (completitud),,
JP-TYE-jp_85-p128-10,JP,jp_85,128,地学基礎 (Ciencias de la Tierra Básica),nucleo,Descubrir y comprender la estructura interna de la Tierra basándose en datos sobre la propagación de las ondas sísmicas.,地震波の伝わり方についての資料に基づいて、地球内部の構造を見いだして理解すること。,CON:ciencias_tierra_espacio/capas-internas-de-la-tierra CON:ciencias_tierra_espacio/ondas-sismicas,extracción parcial: agregado por el validador (completitud),,
JP-TYE-jp_85-p128-11,JP,jp_85,128,地学基礎 (Ciencias de la Tierra Básica),nucleo,"Descubrir y comprender la relación entre la forma de la Tierra y la gravedad, basándose en datos sobre el elipsoide terrestre y la gravedad superficial.",地球楕円体や地球表面における重力に関する資料に基づいて、地球の形状と重力との関係を見いだして理解すること。,CON:ciencias_tierra_espacio/gravedad-y-orbitas,extracción parcial: agregado por el validador (completitud),,
JP-TYE-jp_85-p128-12,JP,jp_85,128,地学基礎 (Ciencias de la Tierra Básica),nucleo,"Investigar mediante observación y experimentación la forma y estructura interna de la Tierra, y expresar sus características.",地球の形状や内部構造について、観察、実験などを通して探究し、地球の形状や内部構造の特徴を見いだして表現すること。,CON:ciencias_tierra_espacio/capas-internas-de-la-tierra,extracción parcial: agregado por el validador (completitud),,
JP-TYE-jp_85-p128-13,JP,jp_85,128,地学基礎 (Ciencias de la Tierra Básica),nucleo,Realizar observaciones y experimentos sobre el geomagnetismo para comprender sus características y función.,地磁気に関する観察、実験などを行い、地磁気の特徴とその働きを理解すること。,CON:ciencias_tierra_espacio/campo-magnetico-terrestre,extracción parcial: agregado por el validador (completitud),,
JP-TYE-jp_95-p129-02,JP,jp_95,129,地学 (Ciencias de la Tierra),especializacion,"Comprender integralmente los cambios en el entorno global basándose en datos sobre la evolución de la atmósfera, océanos, continentes y la paleontología.",大気，海洋，大陸及び古生物などの変遷に関する資料に基づいて，地球環境の移り変わりを総合的に理解,CON:ciencias_tierra_espacio/sistemas-terrestres CON:ciencias_tierra_espacio/deriva-continental-y-expansion-del-fondo-oceanico CON:ciencias_tierra_espacio/formacion-de-la-tierra CON:ciencias_tierra_espacio/registro-fosil-y-cambios-ambientales,"etiqueta de confianza baja: Extremadamente amplio, abarca la evolución de todos los sistemas terrestres a lo largo del tiempo.",,
JP-TYE-jp_95-p129-06,JP,jp_95,129,地学 (Ciencias de la Tierra),especializacion,"Explorar la actividad y la historia de la Tierra mediante observaciones y experimentos, para descubrir y expresar las características de su actividad y cronología.",観察，実験などを通して探究し，地球の活動の特徴と歴史の概要を見いだして表現すること。,CON:ciencias_tierra_espacio/tiempo-geologico CON:ciencias_tierra_espacio/formacion-de-la-tierra,"etiqueta de confianza baja: Enunciado muy general sobre la historia y actividad de la Tierra, sin especificar conceptos.",,
JP-TYE-jp_95-p130-02,JP,jp_95,130,地学 (Ciencias de la Tierra),especializacion,"Explorar la atmósfera y el océano mediante observaciones y experimentos, descubriendo y expresando las regularidades y relaciones de su estructura y movimiento.",地球の大気と海洋について，観察，実験などを通して探究し，地球の大気と海洋の構造や運動,CON:ciencias_tierra_espacio/interaccion-oceano-atmosfera CON:ciencias_tierra_espacio/sistemas-terrestres,etiqueta de confianza baja: Enunciado muy general sobre la estructura y movimiento de la atmósfera y el océano.,,
JP-TYE-jp_95-p130-03,JP,jp_95,130,地学 (Ciencias de la Tierra),especializacion,"Explorar fenómenos del universo mediante observaciones y experimentos, descubriendo y expresando el movimiento de los cuerpos celestes y la estructura del universo.",宇宙に関する事物・現象について，観察，実験などを通して探究し，天体の運動や宇宙の構造,CON:ciencias_tierra_espacio/galaxias CON:ciencias_tierra_espacio/gravedad-y-orbitas,etiqueta de confianza baja: Enunciado muy general sobre el movimiento de cuerpos celestes y la estructura del universo.,,
JP-TYE-jp_95-p131-01,JP,jp_95,131,地学 (Ciencias de la Tierra),especializacion,"Abordar las olas, las mareas, los desastres por marejadas ciclónicas, y la distribución y circulación del agua en la Tierra en relación con la atmósfera.",波浪と潮汐も扱うこと。また，高潮災害にも触れること。「海洋と大気の相互作用」については,CON:ciencias_tierra_espacio/mareas CON:ciencias_tierra_espacio/oleaje-y-dinamica-costera CON:ciencias_tierra_espacio/ciclo-del-agua CON:ciencias_tierra_espacio/ciclones-tropicales-y-tormentas,etiqueta de confianza baja: Es una lista de múltiples temas oceánicos y atmosféricos sin un foco claro.,,
JP-TYE-jp_95-p131-02,JP,jp_95,131,地学 (Ciencias de la Tierra),especializacion,"Tratar la humedad atmosférica, balance térmico, ondas de los vientos del oeste, estabilidad atmosférica, características meteorológicas usando datos satelitales y desastres meteorológicos.",大気中の水分も扱うこと。「地球全体の熱収支」については，地表や大気圏などに分けて扱うこと。,CON:ciencias_tierra_espacio/radiacion-solar-y-balance-energetico CON:ciencias_tierra_espacio/tiempo-atmosferico CON:ciencias_tierra_espacio/amenazas-naturales,etiqueta de confianza baja: Es una lista de múltiples temas de meteorología sin un foco claro.,,
JP-TYE-jp_95-p131-03,JP,jp_95,131,地学 (Ciencias de la Tierra),especializacion,"Abordar propiedades estelares, el diagrama HR, la evolución estelar según la masa, los elementos generados, y la rotación de la Vía Láctea.",距離，絶対等級，半径，表面温度，スペクトル型及び質量を扱うこと。恒星の「進化」については,CON:ciencias_tierra_espacio/estrellas-y-nebulosas CON:ciencias_tierra_espacio/evolucion-estelar CON:ciencias_tierra_espacio/galaxias,extracción parcial: Omite la conexión entre la distribución de cuerpos galácticos y la evolución estelar.,,
JP-TYE-jp_95-p131-05,JP,jp_95,131,地学 (Ciencias de la Tierra),especializacion,"Tratar el péndulo de Foucault, paralaje anual, aberración de la luz, leyes de Kepler, espectros solares, ciclo de actividad solar, su impacto y estructura solar.",フーコーの振り子を扱うこと。「公転」については，年周視差と年周光行差を扱うこと。,CON:ciencias_tierra_espacio/el-sol-como-estrella CON:ciencias_tierra_espacio/gravedad-y-orbitas CON:ciencias_tierra_espacio/rotacion-dia-y-noche CON:ciencias_tierra_espacio/traslacion-y-ano,"extracción parcial: Omite mencionar el movimiento aparente, el proceso de descubrimiento de las leyes de Kepler y el calendario. | etiqueta de confianza baja: Mezcla muchos temas: el Sol, leyes orbitales y evidencias del movimiento terrestre.",,
JP-TYE-jp_95-p131-10,JP,jp_95,131,地学 (Ciencias de la Tierra),especializacion,"Tratar el movimiento aparente de los planetas, las leyes de Kepler y su descubrimiento.",「惑星の運動」については，視運動及びケプラーの法則を扱うこと。また，その発見過程にも触れること。,CON:ciencias_tierra_espacio/gravedad-y-orbitas CON:ciencias_tierra_espacio/sistema-solar,extracción parcial: agregado por el validador (completitud),,
JP-TYE-jp_95-p131-11,JP,jp_95,131,地学 (Ciencias de la Tierra),especializacion,Tratar el tiempo y el calendario solar en relación con la traslación de la Tierra.,また，時刻と太陽暦にも触れること。,CON:ciencias_tierra_espacio/traslacion-y-ano,extracción parcial: agregado por el validador (completitud),,
JP-TYE-jp_95-p131-12,JP,jp_95,131,地学 (Ciencias de la Tierra),especializacion,Tratar la distribución de los cuerpos de la Vía Láctea en relación con la evolución estelar.,「銀河系の構成天体とその分布」については，恒星の進化と関連付けて扱うこと。,CON:ciencias_tierra_espacio/evolucion-estelar CON:ciencias_tierra_espacio/galaxias,extracción parcial: agregado por el validador (completitud),,
JP-TYE-jp_95-p131-13,JP,jp_95,131,地学 (Ciencias de la Tierra),especializacion,Tratar las características de los cuerpos del sistema solar basándose en resultados de investigación.,観測や探査機などによる研究成果を踏まえて特徴を扱うこと。,CON:ciencias_tierra_espacio/planetas-y-su-comparacion CON:ciencias_tierra_espacio/sistema-solar CON:ciencias_tierra_espacio/satelites-asteroides-y-cometas,extracción parcial: agregado por el validador (completitud),,
KR-BIO-kr_jinro_bio-p213-01,KR,kr_jinro_bio,213,세포와 물질대사 · 생물의 유전 (Biología de profundización),especializacion,"Comprender la interrelación entre ciencia, tecnología y sociedad para participar como ciudadano democrático en la resolución de problemas personales y sociales.",과학과 기술 및 사회의 상호 관계를 이해하고 이를 바탕으로 개인과 사회의 문제해결에,,"etiqueta de confianza baja: Enunciado muy general sobre la relación ciencia-tecnología-sociedad, sin contenido biológico específico.",,
KR-BIO-kr_jinro_bio-p213-02,KR,kr_jinro_bio,213,세포와 물질대사 · 생물의 유전 (Biología de profundización),especializacion,Comprender los conceptos centrales de las células y el metabolismo mediante la indagación científica de los fenómenos vitales.,생명 현상을 과학적으로 탐구하여 세포와 물질대사의 핵심 개념을 이해한다.,CON:biologia/la-celula-unidad-de-la-vida,etiqueta de confianza baja: Enunciado muy amplio que abarca los temas de célula y metabolismo de forma general.,,
KR-BIO-kr_jinro_bio-p213-03,KR,kr_jinro_bio,213,세포와 물질대사 · 생물의 유전 (Biología de profundización),especializacion,"Reconocer problemas cotidianos sobre ciencias biológicas y cultivar una actitud para resolverlos científicamente, basándose en el interés por las células y el metabolismo.",생명과학 관련 일상생활 문제를 인식하고 이를 과학적으로 해결하려는 태도를 기른다.,,"etiqueta de confianza baja: Enunciado actitudinal y metodológico, sin contenido conceptual concreto sobre células o metabolismo.",,
KR-BIO-kr_jinro_bio-p213-04,KR,kr_jinro_bio,213,세포와 물질대사 · 생물의 유전 (Biología de profundización),especializacion,"Utilizar métodos de indagación científica para explorar soluciones a problemas relacionados con las células y el metabolismo, desarrollando habilidades de investigación.",과학의 탐구 방법을 활용하여 세포와 물질대사 관련 문제의 해결 방안을 탐색하고,,"etiqueta de confianza baja: Enunciado puramente procedimental sobre indagación, sin especificar conceptos biológicos a aprender.",,
KR-BIO-kr_jinro_bio-p218-03,KR,kr_jinro_bio,218,세포와 물질대사 · 생물의 유전 (Biología de profundización),especializacion,Proporcionar oportunidades de experimentos y prácticas con materiales cotidianos para que los estudiantes resuelvan problemas en contextos reales.,다양한 일상생활 소재나 실험·실습의 기회를 학생들에게 제공하여 실제적인 맥락에서 문제를 해결하는 경험을 할 수 있도록 한다.,,"extracción parcial: agregado por el validador (completitud) | etiqueta de confianza baja: Es una directriz metodológica general sobre indagación, sin especificar ningún contenido biológico concreto.",,
KR-BIO-kr_jinro_bio-p219-01,KR,kr_jinro_bio,219,세포와 물질대사 · 생물의 유전 (Biología de profundización),especializacion,Comprender que existen diferencias entre un modelo y el fenómeno natural real que este representa al utilizarlo.,모형을 사용할 때는 모형과 실제 자연 현상 사이에 차이가 있음을 이해할 수 있도록 한다.,,"extracción parcial: agregado por el validador (completitud) | etiqueta de confianza baja: Es una afirmación sobre la naturaleza de la ciencia (modelos), no sobre un concepto biológico.",,
KR-BIO-kr_jinro_bio-p219-02,KR,kr_jinro_bio,219,세포와 물질대사 · 생물의 유전 (Biología de profundización),especializacion,"Diseñar actividades de indagación centradas en el estudiante, donde resuelvan tareas mediante la colaboración y cooperación con sus compañeros.","학생 중심의 탐구 활동을 설계하고, 동료들과의 협업을 통해 과제를 해결하는 과정에서 상호 협력이 중요함을 인식하도록 지도한다.",,"extracción parcial: agregado por el validador (completitud) | etiqueta de confianza baja: Es una directriz metodológica sobre indagación y colaboración, sin contenido biológico específico.",,
KR-BIO-kr_jinro_bio-p219-03,KR,kr_jinro_bio,219,세포와 물질대사 · 생물의 유전 (Biología de profundización),especializacion,"Expresar la propia opinión claramente, respetar las de los demás y comunicarse basándose en evidencia científica durante la indagación.","탐구 수행 과정에서 자신의 의견을 명확히 표현하고 다른 사람의 의견을 존중하는 태도를 가지며, 과학적인 근거에 기초하여 의사소통하도록 지도한다.",,"extracción parcial: agregado por el validador (completitud) | etiqueta de confianza baja: Se enfoca en prácticas científicas como la argumentación y la colaboración, sin contenido biológico.",,
KR-BIO-kr_jinro_bio-p219-04,KR,kr_jinro_bio,219,세포와 물질대사 · 생물의 유전 (Biología de profundización),especializacion,Realizar actividades de escritura y debate sobre temas científicos y sociales para desarrollar el pensamiento y la comunicación científica.,"과학 및 과학과 관련된 사회적 쟁점을 주제로 과학 글쓰기와 토론을 실시하여 과학적 사고력, 과학적 의사소통 능력 등을 함양할",,"extracción parcial: agregado por el validador (completitud) | etiqueta de confianza baja: Es una directriz metodológica sobre debate de temas sociocientíficos, sin especificar contenido biológico.",,
KR-BIO-kr_jinro_bio-p219-05,KR,kr_jinro_bio,219,세포와 물질대사 · 생물의 유전 (Biología de profundización),especializacion,"Utilizar modelos, material audiovisual, RV/RA, software y dispositivos inteligentes para facilitar la comprensión y el interés en el aprendizaje.","'세포와 물질대사' 학습에 대한 학생의 이해를 돕고 흥미를 유발하며... 모형이나 시청각 자료, 가상 현실이나 증강 현실 자료",,"extracción parcial: agregado por el validador (completitud) | etiqueta de confianza baja: Es una recomendación metodológica sobre el uso de tecnología y modelos, sin contenido biológico.",,
KR-BIO-kr_jinro_bio-p220-01,KR,kr_jinro_bio,220,세포와 물질대사 · 생물의 유전 (Biología de profundización),especializacion,Conocer y seguir las precauciones y normas de seguridad al usar instrumentos de laboratorio y manipular productos químicos para prevenir accidentes.,"실험 기구의 사용 방법, 화학 약품을 다룰 때 주의할 점과 안전 사항을 사전에 지도하여 사고가 발생하지 않도록 유의한다.",,extracción parcial: agregado por el validador (completitud) | etiqueta de confianza baja: Se enfoca exclusivamente en la práctica de trabajar con seguridad en el laboratorio.,,
KR-BIO-kr_jinro_bio-p220-02,KR,kr_jinro_bio,220,세포와 물질대사 · 생물의 유전 (Biología de profundización),especializacion,Desechar los residuos generados después de un experimento siguiendo los procedimientos legales para no contaminar el medio ambiente.,실험 후 발생하는 폐기물은 적법한 절차에 따라 처리하여 환경을 오염시키지 않도록 유의한다.,CON:biologia/contaminacion-y-seres-vivos,extracción parcial: agregado por el validador (completitud),,
KR-BIO-kr_jinro_bio-p220-03,KR,kr_jinro_bio,220,세포와 물질대사 · 생물의 유전 (Biología de profundización),especializacion,"Planificar y ejecutar actividades de enseñanza-aprendizaje centradas en la indagación y experimentación, utilizando laboratorios de ciencias inteligentes basados en tecnología avanzada.",지능형 과학실을 활용한 탐구 실험실습 중심의 교수·학습 활동 계획을 수립하여 실행한다.,,"extracción parcial: agregado por el validador (completitud) | etiqueta de confianza baja: Es una directriz metodológica sobre planificación de indagaciones con tecnología, sin contenido biológico.",,
KR-BIO-kr_jinro_bio-p220-04,KR,kr_jinro_bio,220,세포와 물질대사 · 생물의 유전 (Biología de profundización),especializacion,"Realizar actividades seguras de indagación al aire libre y aprendizaje en campo, investigando previamente el sitio o los materiales relacionados.",야외 탐구 활동 및 현장 학습 시에는 사전 답사를 하거나 관련 자료를 조사하여 안전한 활동을 실행한다.,,"extracción parcial: agregado por el validador (completitud) | etiqueta de confianza baja: Es una directriz metodológica sobre trabajo de campo seguro, sin contenido biológico específico.",,
KR-BIO-kr_jinro_bio-p220-05,KR,kr_jinro_bio,220,세포와 물질대사 · 생물의 유전 (Biología de profundización),especializacion,"Comprender la provisionalidad del conocimiento científico, la diversidad de métodos, la ética, la relación ciencia-tecnología-sociedad y las características de los modelos científicos.","과학 지식의 잠정성, 과학적 방법의 다양성, 과학 윤리, 과학⋅기술⋅사회의 상호 관련성",,"etiqueta de confianza baja: Es un enunciado sobre la naturaleza de la ciencia, no sobre un contenido biológico.",,
KR-BIO-kr_jinro_bio-p220-06,KR,kr_jinro_bio,220,세포와 물질대사 · 생물의 유전 (Biología de profundización),especializacion,Demostrar una actitud de respeto y cuidado por la vida al manipular seres vivos durante las actividades prácticas y experimentales.,생물을 다룰 때는 생명을 아끼고 존중하는 태도를 가질 수 있도록 지도한다.,,etiqueta de confianza baja: Se enfoca exclusivamente en la ética del trabajo experimental con seres vivos.,,
KR-BIO-kr_jinro_bio-p220-07,KR,kr_jinro_bio,220,세포와 물질대사 · 생물의 유전 (Biología de profundización),especializacion,Reconocer el valor y el potencial de la ciencia y tecnología avanzadas en la vida moderna mediante el análisis de materiales relacionados con el contenido.,현대 생활에서 첨단 과학이 갖는 가치와 잠재력을 인식하도록 지도한다.,,"etiqueta de confianza baja: Enunciado muy general sobre el valor de la ciencia, sin contenido biológico específico.",,
KR-BIO-kr_jinro_bio-p225-01,KR,kr_jinro_bio,225,세포와 물질대사 · 생물의 유전 (Biología de profundización),especializacion,"Comprender la interrelación entre ciencia, tecnología y sociedad, y utilizarla para participar y actuar como ciudadano democrático en la resolución de problemas personales y sociales.",(4) 과학⋅기술⋅사회의 상호 관계를 이해하고 이를 바탕으로 개인과 사회의 문제해결에 민주,,"etiqueta de confianza baja: Enunciado general sobre ciencia, tecnología y sociedad, sin contenido biológico concreto.",,
KR-BIO-kr_jinro_bio-p225-02,KR,kr_jinro_bio,225,세포와 물질대사 · 생물의 유전 (Biología de profundización),especializacion,Comprender los conceptos clave de la genética de los organismos mediante la indagación científica de los fenómenos biológicos.,(3) 생명 현상을 과학적으로 탐구하여 생물의 유전의 핵심개념을 이해한다.,,etiqueta de confianza baja: Enunciado muy amplio que abarca toda el área de la genética sin especificar conceptos.,,
KR-BIO-kr_jinro_bio-p225-03,KR,kr_jinro_bio,225,세포와 물질대사 · 생물의 유전 (Biología de profundización),especializacion,Desarrollar la capacidad de explorar soluciones a problemas relacionados con la genética de los organismos y realizar indagaciones científicas utilizando métodos de investigación científica.,(2) 과학의 탐구 방법을 활용하여 생물의 유전 관련 문제의 해결 방안을 탐색하고 과학적으로,,etiqueta de confianza baja: Enunciado general sobre habilidades de indagación en el campo de la genética.,,
KR-BIO-kr_jinro_bio-p225-04,KR,kr_jinro_bio,225,세포와 물질대사 · 생물의 유전 (Biología de profundización),especializacion,"Reconocer problemas cotidianos relacionados con las ciencias biológicas y desarrollar una actitud para resolverlos científicamente, basándose en el interés y la curiosidad por la genética.",(1) 생물의 유전에 대한 과학적 흥미와 호기심을 바탕으로 생명과학 관련 일상생활 문제를 인식,,etiqueta de confianza baja: Enunciado actitudinal sobre la curiosidad por la genética y la resolución de problemas.,,
KR-BIO-kr_jinro_bio-p226-01,KR,kr_jinro_bio,226,세포와 물질대사 · 생물의 유전 (Biología de profundización),especializacion,Comunicarse de manera colaborativa haciendo uso de diversos medios y recursos.,다양한 매체를 활용하여 협력적 소통하기,,"etiqueta de confianza baja: Enunciado puramente procedimental sobre comunicación, sin contenido biológico.",,
KR-BIO-kr_jinro_bio-p226-02,KR,kr_jinro_bio,226,세포와 물질대사 · 생물의 유전 (Biología de profundización),especializacion,Crear y utilizar modelos para explicar diversos fenómenos biológicos.,모형 생성하여 생명 현상 설명하기,,"etiqueta de confianza baja: Enunciado puramente procedimental sobre el uso de modelos, sin contenido biológico.",,
KR-BIO-kr_jinro_bio-p226-03,KR,kr_jinro_bio,226,세포와 물질대사 · 생물의 유전 (Biología de profundización),especializacion,"Diseñar, ejecutar e investigar estudios de indagación en el ámbito de las ciencias biológicas.","생명과학 탐구 설계, 수행 및 조사하기",,"etiqueta de confianza baja: Enunciado puramente procedimental sobre planificación de investigaciones, sin contenido biológico.",,
KR-BIO-kr_jinro_bio-p226-04,KR,kr_jinro_bio,226,세포와 물질대사 · 생물의 유전 (Biología de profundización),especializacion,Identificar problemas y formular hipótesis en el contexto de los fenómenos biológicos.,생명 현상에서 문제 발견 및 가설 설정하기,,"etiqueta de confianza baja: Enunciado puramente procedimental sobre formular preguntas e hipótesis, sin contenido biológico.",,
KR-BIO-kr_jinro_bio-p226-06,KR,kr_jinro_bio,226,세포와 물질대사 · 생물의 유전 (Biología de profundización),especializacion,Interpretar y analizar datos para sacar conclusiones fundamentadas en evidencia científica biológica.,"생명과학적 근거를 기반으로 자료 해석, 분석 및 결론 도출하기",,"etiqueta de confianza baja: Enunciado puramente procedimental sobre análisis de datos y conclusiones, sin contenido biológico.",,
KR-BIO-kr_jinro_bio-p229-03,KR,kr_jinro_bio,229,세포와 물질대사 · 생물의 유전 (Biología de profundización),especializacion,"Investigar casos de uso de anticuerpos monoclonales, células madre y edición genética en enfermedades incurables, y comunicar las perspectivas de estos tratamientos.","단일클론항체, 줄기세포, 유전자 편집 기술이 난치병 치료에 활용된 사례를 조사하고",CON:biologia/ingenieria-genetica CON:biologia/diferenciacion-y-especializacion-celular CON:biologia/inmunidad-adaptativa,"etiqueta de confianza baja: Mezcla temas avanzados como edición genética, células madre y anticuerpos, pidiendo investigar y comunicar.",,
KR-BIO-kr_jung-p057-06,KR,kr_jung,57,"중학교 과학 1~3학년군 (Ciencias, secundaria baja)",nucleo,Comprender el proceso de almacenamiento y uso de los productos de la fotosíntesis como fuente de energía y explicarlo mediante modelos.,"광합성 산물의 저장과 이용 과정을 이해하고, 모형으로 설명할",CON:biologia/fotosintesis CON:biologia/biomoleculas CON:biologia/respiracion-celular,"extracción parcial: Agrega ""como fuente de energía"", información que proviene de la sección de ""해설"".",,
KR-BIO-kr_jung-p058-01,KR,kr_jung,58,"중학교 과학 1~3학년군 (Ciencias, secundaria baja)",nucleo,"Abordar los sistemas de órganos enfocándose en su relación integrada para obtener energía, más que en detalles estructurales.",[9과13-05] 각 기관계의 구조와 기능에 대한 자세한 언급보다는 에너지를 얻기 위한 통합적 관계,CON:biologia/respiracion-celular CON:biologia/sistema-circulatorio CON:biologia/sistema-digestivo CON:biologia/sistema-respiratorio,"etiqueta de confianza baja: Es una directriz pedagógica, no un objetivo de aprendizaje claro. Se enfoca en la integración.",,
KR-BIO-kr_jung-p058-02,KR,kr_jung,58,"중학교 과학 1~3학년군 (Ciencias, secundaria baja)",nucleo,"Mencionar el proceso de digestión centrándose brevemente en enzimas digestivas representativas como amilasa, pepsina, tripsina y lipasa.","[9과13-01] 소화 기관에서 일어나는 소화 과정은 아밀레이스, 펩신, 트립신, 라이페이스 등",CON:biologia/digestion-y-absorcion-de-nutrientes CON:biologia/enzimas,"etiqueta de confianza baja: Es una directriz sobre la profundidad del tema, no un objetivo de aprendizaje completo.",,
KR-BIO-kr_jung-p064-03,KR,kr_jung,64,"중학교 과학 1~3학년군 (Ciencias, secundaria baja)",nucleo,"Limitar las hormonas a la del crecimiento, insulina, glucagón y tiroxina, enfatizando el mantenimiento del estado óptimo del cuerpo.","호르몬의 종류는 성장호르몬, 인슐린, 글루카곤, 티록신 정도만 언급하고",CON:biologia/homeostasis CON:biologia/sistema-endocrino-y-hormonas,"etiqueta de confianza baja: Es una directriz de contenido sobre hormonas y homeostasis, no un objetivo de aprendizaje.",,
KR-BIO-kr_jung-p064-05,KR,kr_jung,64,"중학교 과학 1~3학년군 (Ciencias, secundaria baja)",nucleo,Mencionar brevemente la estructura de los órganos sensoriales y centrarse en explicar el proceso de transmisión de estímulos al cerebro.,"감각 기관의 구조는 간단히 언급하고, 자극이 감각 기관에서 뇌로 전달되는 과정을 중점적으로 설명한다.",CON:biologia/sistema-nervioso CON:biologia/impulso-nervioso-y-sinapsis CON:biologia/organos-de-los-sentidos,etiqueta de confianza baja: Es una directriz pedagógica que prioriza la transmisión de estímulos sobre la estructura de órganos.,,
KR-BIO-kr_jung-p065-03,KR,kr_jung,65,"중학교 과학 1~3학년군 (Ciencias, secundaria baja)",nucleo,Comprender los principios de los experimentos de Mendel e investigar colaborativamente los fenómenos genéticos donde se aplican.,"멘델 유전 실험의 의의와 원리를 이해하고, 멘델 유전 원리가 적용되는 유전 현상을 조사하여",CON:biologia/herencia-mendeliana CON:biologia/genes-y-alelos CON:biologia/genotipo-y-fenotipo,"extracción parcial: Omite la ""significancia"" de los experimentos y simplifica ""investigar y comunicar cooperativamente"".",,
KR-BIO-kr_jung-p065-12,KR,kr_jung,65,"중학교 과학 1~3학년군 (Ciencias, secundaria baja)",nucleo,Utilizar materiales inmersivos como realidad aumentada y virtual para mejorar la comprensión del proceso de división celular.,"체세포분열과 생식 세포 형성 과정 학습에서 증강 현실, 가상 현실 등 실감형 자료를 활용하여",CON:biologia/mitosis-y-ciclo-celular CON:biologia/meiosis,extracción parcial: agregado por el validador (completitud),,
KR-BIO-kr_saengmyeong-p138-01,KR,kr_saengmyeong,138,생명과학 (Ciencias de la Vida),especializacion,"Comprender la relación entre ciencia, tecnología y sociedad para participar como ciudadano en la resolución de problemas personales y sociales.",과학과 기술 및 사회의 상호 관계를 이해하고 이를 바탕으로 개인과 사회의 문제해결에,,etiqueta de confianza baja: Es una meta general sobre la relación ciencia-tecnología-sociedad y la ciudadanía informada.,,
KR-BIO-kr_saengmyeong-p138-02,KR,kr_saengmyeong,138,생명과학 (Ciencias de la Vida),especializacion,Comprender los conceptos centrales de las ciencias de la vida a través de la indagación científica de los fenómenos biológicos.,생명 현상을 과학적으로 탐구하여 생명과학의 핵심 개념을 이해한다.,,"etiqueta de confianza baja: Es una declaración de principios pedagógicos, no especifica ningún concepto o práctica concreta.",,
KR-BIO-kr_saengmyeong-p138-03,KR,kr_saengmyeong,138,생명과학 (Ciencias de la Vida),especializacion,"Reconocer problemas cotidianos relacionados con las ciencias de la vida y cultivar una actitud para resolverlos científicamente, basándose en el interés y la curiosidad.",생명과학 관련 일상생활 문제를 인식하고 이를 과학적으로 해결하려는 태도를 기른다.,,"etiqueta de confianza baja: Se enfoca en cultivar una actitud científica hacia problemas cotidianos, siendo muy general.",,
KR-BIO-kr_saengmyeong-p138-04,KR,kr_saengmyeong,138,생명과학 (Ciencias de la Vida),especializacion,Utilizar métodos de indagación científica para explorar soluciones a problemas de ciencias de la vida y desarrollar la capacidad de investigar científicamente.,과학의 탐구 방법을 활용하여 생명과학 관련 문제의 해결 방안을 탐색하고,,etiqueta de confianza baja: Es una meta general sobre el desarrollo de la capacidad de indagación científica.,,
KR-BIO-kr_saengmyeong-p139-01,KR,kr_saengmyeong,139,생명과학 (Ciencias de la Vida),especializacion,Comunicarse de manera colaborativa utilizando diversos medios.,다양한 매체를 활용하여 협력적 소통하기,,"etiqueta de confianza baja: Enunciado genérico sobre la práctica de comunicación, sin contenido científico específico.",,
KR-BIO-kr_saengmyeong-p139-02,KR,kr_saengmyeong,139,생명과학 (Ciencias de la Vida),especializacion,Descubrir problemas y formular hipótesis en los fenómenos vitales.,생명 현상에서 문제 발견 및 가설 설정하기,,"etiqueta de confianza baja: Enunciado genérico sobre prácticas científicas, sin contenido biológico específico.",,
KR-BIO-kr_saengmyeong-p139-03,KR,kr_saengmyeong,139,생명과학 (Ciencias de la Vida),especializacion,"Diseñar, llevar a cabo e investigar indagaciones en ciencias de la vida.","생명과학 탐구 설계, 수행 및 조사하기",,"etiqueta de confianza baja: Enunciado genérico sobre la práctica de investigación, sin contenido biológico específico.",,
KR-BIO-kr_saengmyeong-p139-04,KR,kr_saengmyeong,139,생명과학 (Ciencias de la Vida),especializacion,Explicar los fenómenos vitales mediante la creación de modelos.,모형 생성하여 생명 현상 설명하기,,"etiqueta de confianza baja: Enunciado genérico sobre la práctica de modelización, sin contenido científico específico.",,
KR-BIO-kr_saengmyeong-p139-05,KR,kr_saengmyeong,139,생명과학 (Ciencias de la Vida),especializacion,Inferir la relación entre las características biológicas y las actividades vitales.,생물 특징과 생명 활동 관계 추론하기,,"etiqueta de confianza baja: Enunciado muy general sobre el principio de estructura-función, sin contexto específico.",,
KR-BIO-kr_saengmyeong-p139-06,KR,kr_saengmyeong,139,생명과학 (Ciencias de la Vida),especializacion,"Interpretar y analizar datos, y sacar conclusiones basándose en evidencias de las ciencias de la vida.","생명과학적 근거를 기반으로 자료 해석, 분석 및 결론 도출하기",,"etiqueta de confianza baja: Enunciado genérico sobre análisis de datos y evidencia, sin contenido específico.",,
KR-BIO-kr_saengmyeong-p140-02,KR,kr_saengmyeong,140,생명과학 (Ciencias de la Vida),especializacion,"Comparar seres vivos e inertes, comprender las características de las ciencias de la vida y comunicar colaborativamente sus logros interdisciplinarios.",[12생과01-01] 생물 및 생명과학의 특성을 이해하고 생명과학의 성과를 협력적으로 소통할 수 있다.,CON:biologia/seres-vivos-y-no-vivos CON:biologia/la-celula-unidad-de-la-vida,"extracción parcial: Agrega 'comparar seres vivos e inertes', un detalle del comentario, no del objetivo.",,
KR-BIO-kr_saengmyeong-p140-03,KR,kr_saengmyeong,140,생명과학 (Ciencias de la Vida),especializacion,"Comprender la estructura del ecosistema como un organismo vivo, inferir el ciclo de la materia y el flujo de energía, y explicar la importancia de sus componentes.",[12생과01-06] 생태계의 구조를 이해하고 물질의 순환과 에너지의 흐름을 추론하여 생태계 구성 요소들의 중요성을 설명할 수 있다.,CON:biologia/flujo-de-energia-y-piramides CON:biologia/ciclo-del-carbono-y-oxigeno CON:biologia/niveles-de-organizacion-ecologica CON:biologia/productores-consumidores-descomponedores,"extracción parcial: Agrega 'como un organismo vivo', un detalle que pertenece al comentario, no al objetivo.",,
KR-BIO-kr_saengmyeong-p140-07,KR,kr_saengmyeong,140,생명과학 (Ciencias de la Vida),especializacion,"Inferir el uso de energía en diversas actividades vitales basándose en la conversión de energía en el metabolismo, donde se almacena y utiliza como ATP.",[12생과01-03] 물질대사 과정에서의 에너지 전환 과정을 바탕으로 다양한 생명 활동에서의 에너지 사용을 추론할 수 있다.,CON:biologia/atp-y-energia-celular CON:biologia/respiracion-celular,"extracción parcial: Agrega la mención de ATP, que proviene del comentario y no del objetivo.",,
KR-BIO-kr_saengmyeong-p141-06,KR,kr_saengmyeong,141,생명과학 (Ciencias de la Vida),especializacion,"Explicar la estructura y función del sistema nervioso humano, centrándose en el cerebro como núcleo del sistema nervioso central, y las características del sistema periférico.",사람 신경계의 구조와 기능을 이해하고 중추 신경계와 말초 신경계의 특징을 설명할 수 있다.,CON:biologia/sistema-nervioso,"extracción parcial: El objetivo agrega detalles de la sección de ""explicación"" que no están en el estándar original.",,
KR-BIO-kr_saengmyeong-p145-01,KR,kr_saengmyeong,145,생명과학 (Ciencias de la Vida),especializacion,"Utilizar sensores y herramientas digitales para medir datos en tiempo real, y recopilar y procesar información de instituciones públicas.",디지털 탐구 도구를 활용하여 실시간으로 자료를 측정하거나... 자료를 수집하고 처리하는,,etiqueta de confianza baja: Describe prácticas de recopilación y procesamiento de datos sin especificar ningún contenido biológico.,,
KR-BIO-kr_saengmyeong-p145-02,KR,kr_saengmyeong,145,생명과학 (Ciencias de la Vida),especializacion,"Planificar y ejecutar actividades de aprendizaje centradas en la indagación y experimentación, utilizando laboratorios de ciencias inteligentes basados en tecnologías avanzadas.",지능형 과학실을 활용한 탐구 실험·실습 중심의 교수·학습 활동 계획을 수립하여 실행한다.,,"extracción parcial: agregado por el validador (completitud) | etiqueta de confianza baja: Es una directriz pedagógica sobre la planificación de investigaciones, sin contenido biológico específico.",,
KR-BIO-kr_saengmyeong-p145-03,KR,kr_saengmyeong,145,생명과학 (Ciencias de la Vida),especializacion,Utilizar activamente herramientas de aprendizaje en línea para superar las limitaciones de las clases presenciales y realizar diversas actividades de enseñanza.,"온라인 학습 지원 도구를 적극적으로 활용하여 대면 수업의 한계를 극복하고, 다양한 교수·학습 활동이 온라인 학습 환경에서도",,"extracción parcial: agregado por el validador (completitud) | etiqueta de confianza baja: Es una recomendación sobre el uso de herramientas en línea, sin contenido científico concreto.",,
KR-BIO-kr_saengmyeong-p145-04,KR,kr_saengmyeong,145,생명과학 (Ciencias de la Vida),especializacion,"Utilizar adecuadamente modelos, materiales audiovisuales, realidad virtual/aumentada y software en experimentos para facilitar la comprensión y el interés del estudiante.","모형이나 시청각 자료, 가상 현실이나 증강 현실 자료, 소프트웨어... 등을 실험과 탐구에 적절히 활용한다.",,"extracción parcial: agregado por el validador (completitud) | etiqueta de confianza baja: Se enfoca en el uso de modelos y tecnología como herramientas pedagógicas, sin contenido.",,
KR-BIO-kr_saengmyeong-p145-06,KR,kr_saengmyeong,145,생명과학 (Ciencias de la Vida),especializacion,"Comunicarse basándose en evidencia científica, expresando opiniones claramente y respetando las de los demás durante el proceso de indagación.",과학적인 근거에 기초하여 의사소통하도록 지도한다.,,"etiqueta de confianza baja: Describe prácticas de comunicación y argumentación científica, sin contenido biológico específico.",,
KR-BIO-kr_saengmyeong-p145-07,KR,kr_saengmyeong,145,생명과학 (Ciencias de la Vida),especializacion,Desarrollar el pensamiento y la comunicación científica mediante la escritura y el debate sobre cuestiones sociocientíficas.,사회적 쟁점을 주제로 과학 글쓰기와 토론을 실시하여 과학적 사고력,,etiqueta de confianza baja: Se centra en el desarrollo de habilidades de comunicación y debate sobre temas sociocientíficos.,,
KR-BIO-kr_saengmyeong-p145-08,KR,kr_saengmyeong,145,생명과학 (Ciencias de la Vida),especializacion,"Diseñar actividades de indagación centradas en el estudiante, donde aprendan a reconocer la importancia de la cooperación al resolver tareas en equipo.","학생 중심의 탐구 활동을 설계하고, 동료들과의 협업을 통해 과제를 해결하는 과정에서 상호 협력이 중요함을 인식하도록 지도한다.",,extracción parcial: agregado por el validador (completitud) | etiqueta de confianza baja: Es una directriz pedagógica sobre el diseño de indagaciones y el trabajo en equipo.,,
KR-BIO-kr_saengmyeong-p146-01,KR,kr_saengmyeong,146,생명과학 (Ciencias de la Vida),especializacion,"Introducir historias de científicos, historia de la biociencia y contenidos de actualidad para estimular la curiosidad y el interés por la ciencia.","생명과학자 이야기, 생명과학사, 시사성 있는 최신 생명과학 내용 등을 도입하여 과학에 대한 호기심과 흥미를 유발한다.",,"extracción parcial: agregado por el validador (completitud) | etiqueta de confianza baja: Es una recomendación pedagógica sobre la historia de la ciencia, sin conceptos biológicos específicos.",,
KR-BIO-kr_saengmyeong-p146-02,KR,kr_saengmyeong,146,생명과학 (Ciencias de la Vida),especializacion,Motivar el aprendizaje y la orientación profesional presentando ocupaciones y diversos casos de aplicación relacionados con las ciencias de la vida.,‘생명과학' 관련 직업이나 다양한 활용 사례를 통해 학습과 진로에 대한 동기를 부여한다.,,"extracción parcial: agregado por el validador (completitud) | etiqueta de confianza baja: Recomendación pedagógica sobre orientación profesional, no enseña conceptos biológicos.",,
KR-BIO-kr_saengmyeong-p146-03,KR,kr_saengmyeong,146,생명과학 (Ciencias de la Vida),especializacion,"Utilizar activamente recursos educativos locales, como el entorno natural, museos y centros de ciencia, considerando las características regionales de la escuela.","지역의 자연 환경, 지역 명소, 박물관, 과학관 등 지역별 과학 교육 자원을 적극적으로 활용한다.",,"extracción parcial: agregado por el validador (completitud) | etiqueta de confianza baja: Sugerencia pedagógica sobre el uso de recursos locales, sin especificar contenido biológico.",,
KR-BIO-kr_saengmyeong-p146-05,KR,kr_saengmyeong,146,생명과학 (Ciencias de la Vida),especializacion,Reconocer el valor y el potencial que tiene la ciencia y tecnología de vanguardia en la vida moderna.,현대 생활에서 첨단 과학이 갖는 가치와 잠재력을 인식하도록 지도한다.,,"etiqueta de confianza baja: Declaración general sobre el valor de la ciencia, sin contenido biológico concreto.",,
KR-BIO-kr_saengmyeong-p146-06,KR,kr_saengmyeong,146,생명과학 (Ciencias de la Vida),especializacion,"Modificar contenidos y actividades de laboratorio o proporcionar alternativas, considerando las diferencias individuales de los estudiantes como su capacidad e interés.",학생의 능력과 흥미 등 개인차를 고려하여 학습 내용과 실험·실습 활동 등을 수정하거나 대체 활동을 마련하여 제공할,,"extracción parcial: agregado por el validador (completitud) | etiqueta de confianza baja: Instrucción pedagógica sobre adaptación curricular, no un objetivo de aprendizaje.",,
KR-BIO-kr_saengmyeong-p146-07,KR,kr_saengmyeong,146,생명과학 (Ciencias de la Vida),especializacion,"Para estudiantes con necesidades especiales, dar explicaciones más detalladas del contenido o actividades, o presentar alternativas adecuadas para aumentar su participación.",특수교육 대상 학생의 학습 참여도를 높이기 위해... 교과 내용이나 실험·실습 활동을 보다 자세히 안내하거나,,"extracción parcial: agregado por el validador (completitud) | etiqueta de confianza baja: Instrucción pedagógica sobre inclusión, no un objetivo de aprendizaje.",,
KR-BIO-kr_saengmyeong-p146-08,KR,kr_saengmyeong,146,생명과학 (Ciencias de la Vida),especializacion,"Instruir previamente sobre el uso de equipo de laboratorio, precauciones con químicos y normas de seguridad para prevenir accidentes.","실험 기구의 사용 방법, 화학 약품을 다룰 때 주의할 점과 안전 사항을 사전에 지도하여 사고가 발생하지",,extracción parcial: agregado por el validador (completitud),,
KR-BIO-kr_saengmyeong-p146-09,KR,kr_saengmyeong,146,생명과학 (Ciencias de la Vida),especializacion,Realizar visitas preliminares o investigar materiales para garantizar la seguridad durante las actividades de indagación al aire libre y las excursiones.,야외 탐구 활동 및 현장 학습 시에는 사전 답사를 하거나 관련 자료를 조사하여 안전한 활동을 실행한다.,,extracción parcial: agregado por el validador (completitud),,
KR-BIO-kr_tonghap-p085-01,KR,kr_tonghap,85,통합과학1·2 (Ciencia Integrada),nucleo,Construir un modelo de ADN e investigar sus características estructurales y su regularidad.,DNA 모형을 제작하고 DNA의 구조적 특징과 규칙성 탐구하기,CON:biologia/estructura-del-adn CON:biologia/adn-y-cromosomas,"extracción parcial: El texto es una actividad de indagación (<탐구 활동>), no un estándar de logro formal.",,
KR-BIO-kr_tonghap-p086-01,KR,kr_tonghap,86,통합과학1·2 (Ciencia Integrada),nucleo,"Aprender que los silicatos se basan en tetraedros Si-O y que proteínas y ácidos nucleicos tienen estructuras específicas, sin abordar fórmulas químicas o estructurales detalladas.",규산염 광물은 Si-O 사면체를 기본 골격으로... 구체적인 구조식이나 화학식은 다루지 않는다.,CON:biologia/estructura-del-adn CON:biologia/proteinas-estructura-y-funcion CON:biologia/biomoleculas,"extracción parcial: El texto es una explicación de un estándar de logro, no el estándar en sí.",,
KR-BIO-kr_tonghap-p089-02,KR,kr_tonghap,89,통합과학1·2 (Ciencia Integrada),nucleo,"Deducir la evolución y formación de la biodiversidad (genética, de especies y ecosistemas) por mutación y selección natural, explorando casos y medidas de conservación.","변이의 발생과 자연선택 과정을 통해 생물의 진화가 일어나고... 생물다양성을 유전적 다양성, 종 다양성, 생태계 다양성으로 설명",CON:biologia/biodiversidad CON:biologia/seleccion-natural CON:biologia/conservacion-de-la-biodiversidad CON:biologia/diversidad-genetica-de-poblaciones CON:biologia/mutaciones,"extracción parcial: Combina el objetivo con su explicación detallada, agregando los tipos de diversidad y conservación.",,
KR-BIO-kr_tonghap-p091-01,KR,kr_tonghap,91,통합과학1·2 (Ciencia Integrada),nucleo,"Comprender que los componentes del ecosistema se influyen mutuamente, enfocándose en la interacción entre los seres vivos y su entorno.",[10통과2-02-01] 생태계 구성요소들이 서로 영향을 주고받음을 생물과 환경 사이의 상호 관계를 중심으로 학습한다.,CON:biologia/factores-bioticos-y-abioticos CON:biologia/competencia-por-recursos CON:biologia/redes-troficas,etiqueta de confianza baja: Enunciado muy general y vago que define la ecología sin especificar conceptos concretos.,,
KR-BIO-kr_tonghap-p094-01,KR,kr_tonghap,94,통합과학1·2 (Ciencia Integrada),nucleo,Desarrollar el pensamiento y la comunicación científica mediante la escritura y el debate sobre temas y controversias sociocientíficas.,사회적 쟁점을 주제로 과학 글쓰기와 토론을 실시하여,,"etiqueta de confianza baja: Enunciado puramente procedimental, enfocado en prácticas de argumentación y comunicación sin contenido temático.",,
KR-FIS-kr_jinro_fis-p166-02,KR,kr_jinro_fis,166,역학과 에너지 · 전자기와 양자 (Física de profundización),especializacion,Comprender los conceptos clave de la mecánica y la energía mediante la indagación científica de los fenómenos naturales y la vida cotidiana.,자연 현상과 일상생활을 과학적으로 탐구하여 역학과 에너지의 핵심 개념을 이해한다.,,etiqueta de confianza baja: Enunciado muy general que abarca áreas enteras de la física sin especificar conceptos.,,
KR-FIS-kr_jinro_fis-p166-03,KR,kr_jinro_fis,166,역학과 에너지 · 전자기와 양자 (Física de profundización),especializacion,Comprender los métodos de indagación científica y desarrollar la capacidad de investigar de manera científica los problemas relacionados con la mecánica y la energía.,과학의 탐구 방법을 이해하고 역학과 에너지와 관련된 문제를 과학적으로 탐구하는 능력을 기른다.,,"etiqueta de confianza baja: Es un enunciado sobre el desarrollo de habilidades de indagación, no sobre contenidos conceptuales.",,
KR-FIS-kr_jinro_fis-p166-04,KR,kr_jinro_fis,166,역학과 에너지 · 전자기와 양자 (Física de profundización),especializacion,"Reconocer problemas personales y sociales relacionados con la mecánica y la energía, y cultivar una actitud para resolverlos científicamente basándose en la curiosidad.","역학과 에너지와 관련된 개인과 사회의 문제를 인식하고, 이를 과학적으로 해결하려는 태도를 기른다.",,"etiqueta de confianza baja: Enunciado actitudinal y sobre la aplicación de la ciencia, sin conceptos físicos concretos.",,
KR-FIS-kr_jinro_fis-p167-02,KR,kr_jinro_fis,167,역학과 에너지 · 전자기와 양자 (Física de profundización),especializacion,"Conocer los conceptos de composición de vectores, movimiento parabólico y circular, energía mecánica, gravedad y movimiento celeste, velocidad de escape y principio de equivalencia.",벡터의 합성 ⋅포물선 운동과 원운동 ⋅역학적 에너지 ⋅중력과 천체 운동 ⋅탈출 속도 ⋅등가 원리,CON:fisica/movimiento-circular-uniforme CON:fisica/movimiento-proyectiles CON:fisica/conservacion-energia-mecanica CON:fisica/gravitacion-universal CON:fisica/suma-vectores-componentes,"etiqueta de confianza baja: Es una lista extensa y heterogénea de conceptos de mecánica, desde vectores hasta relatividad.",,
KR-FIS-kr_jinro_fis-p168-02,KR,kr_jinro_fis,168,역학과 에너지 · 전자기와 양자 (Física de profundización),especializacion,Comprender el contexto histórico de la gravedad y analizar cuantitativamente el movimiento circular de satélites y planetas usando las leyes de Kepler.,"[12역학01-04] 케플러 법칙으로부터 중력의 존재가 밝혀지는 과학사적 배경을 이해하고, 중력을 이용하여 인공위성과 행성의 운동을 분석하고 설명할 수 있다.",CON:fisica/leyes-kepler CON:fisica/orbitas-satelites CON:fisica/gravitacion-universal,"extracción parcial: El texto dice analizar el movimiento usando la gravedad, no directamente las leyes de Kepler.",,
KR-FIS-kr_jinro_fis-p168-03,KR,kr_jinro_fis,168,역학과 에너지 · 전자기와 양자 (Física de profundización),especializacion,Comprender las diferencias en la velocidad de escape planetaria y explicar cualitativamente el lanzamiento de naves espaciales usando la conservación de energía y momento.,[12역학01-05] 역학적 에너지 보존을 이용하여 행성에 따라 탈출 속도가 다름을 이해하고... 궤도에 오르는 원리를 설명할 수 있다.,CON:fisica/conservacion-energia CON:fisica/conservacion-momento-lineal CON:fisica/energia-cinetica CON:fisica/energia-potencial-gravitatoria,"extracción parcial: La conservación de energía se usa para la velocidad de escape, no para el lanzamiento.",,
KR-FIS-kr_jinro_fis-p171-04,KR,kr_jinro_fis,171,역학과 에너지 · 전자기와 양자 (Física de profundización),especializacion,"Aprender que son posibles diversas aplicaciones de las ondas, como la amplificación.",증폭 등 다양한 활용이 가능함을 알게 한다.,CON:fisica/superposicion-interferencia,"extracción parcial: agregado por el validador (completitud) | etiqueta de confianza baja: Enunciado muy vago sobre aplicaciones de las ondas, mencionando solo la amplificación (interferencia).",,
KR-FIS-kr_jinro_fis-p172-01,KR,kr_jinro_fis,172,역학과 에너지 · 전자기와 양자 (Física de profundización),especializacion,Comprender que existen diferencias entre los modelos y los fenómenos naturales reales al utilizarlos.,모형을 사용할 때는 모형과 실제 자연 현상 사이에 차이가 있음을 이해할 수 있도록 한다.,,extracción parcial: agregado por el validador (completitud),,
KR-FIS-kr_jinro_fis-p173-01,KR,kr_jinro_fis,173,역학과 에너지 · 전자기와 양자 (Física de profundización),especializacion,Aplicar la computación física mediante microprocesadores educativos en experimentos para mejorar la participación y las habilidades de resolución de problemas interdisciplinarios.,피지컬 컴퓨팅을 탐구 실험⋅실습에 도입하여... 융복합적 문제해결 능력을 신장하는,,"etiqueta de confianza baja: Es una estrategia pedagógica que usa tecnología, no enseña un concepto físico específico.",,
KR-FIS-kr_jinro_fis-p173-02,KR,kr_jinro_fis,173,역학과 에너지 · 전자기와 양자 (Física de profundización),especializacion,"Comprender la naturaleza de la ciencia, incluyendo su provisionalidad, diversidad metodológica, ética, relación ciencia-tecnología-sociedad y las características de los modelos científicos.","과학 지식의 잠정성, 과학적 방법의 다양성, 과학 윤리, 과학⋅기술⋅사회의 상호 관련성... 지도한다.",,"etiqueta de confianza baja: Enunciado muy amplio sobre la naturaleza de la ciencia, sin contenido físico específico.",,
KR-FIS-kr_jinro_fis-p173-03,KR,kr_jinro_fis,173,역학과 에너지 · 전자기와 양자 (Física de profundización),especializacion,Reconocer el valor y el potencial de la ciencia y tecnología avanzadas en la vida moderna a partir de los contenidos de aprendizaje.,현대 생활에서 첨단 과학이 갖는 가치와 잠재력을 인식하도록 지도한다.,,"etiqueta de confianza baja: Es un objetivo actitudinal sobre el valor de la ciencia, no enseña conceptos.",,
KR-FIS-kr_jinro_fis-p173-04,KR,kr_jinro_fis,173,역학과 에너지 · 전자기와 양자 (Física de profundización),especializacion,Reconocer que la física es una disciplina fundamental que proporciona la base para otros campos científicos y permite comprender la naturaleza del mundo.,"물리학이 많은 과학 분야의 기초를 제공하며, 자연 세계를 본질적으로 이해하는 기본적 학문임을 인식시키고",,"etiqueta de confianza baja: Es una declaración sobre el rol de la física, no enseña un concepto.",,
KR-FIS-kr_jinro_fis-p173-06,KR,kr_jinro_fis,173,역학과 에너지 · 전자기와 양자 (Física de profundización),especializacion,"Despertar la curiosidad y el interés por la ciencia mediante la introducción de historias de científicos, historia de la ciencia y temas científicos de actualidad.","과학자 이야기, 과학사, 시사성 있는 과학 내용 등을 도입하여 과학에 대한 호기심과 흥미를 유발한다.",,"extracción parcial: agregado por el validador (completitud) | etiqueta de confianza baja: Es una estrategia pedagógica para motivar, no enseña conceptos físicos específicos.",,
KR-FIS-kr_jinro_fis-p173-07,KR,kr_jinro_fis,173,역학과 에너지 · 전자기와 양자 (Física de profundización),especializacion,"Utilizar activamente recursos educativos científicos locales como el entorno natural, museos y centros de ciencia, considerando las características de la región.","학교의 지역적 특성을 고려하여 지역의 자연 환경, 지역 명소, 박물관, 과학관 등 지역별 과학 교육 자원을 적극적으로 활용한다.",,"extracción parcial: agregado por el validador (completitud) | etiqueta de confianza baja: Es una recomendación pedagógica sobre el uso de recursos, sin contenido específico.",,
KR-FIS-kr_jinro_fis-p173-08,KR,kr_jinro_fis,173,역학과 에너지 · 전자기와 양자 (Física de profundización),especializacion,"Utilizar modelos, materiales audiovisuales, VR/AR, software y otros dispositivos TIC en experimentos e indagaciones para facilitar la comprensión y el interés.","모형이나 시청각 자료, 가상 현실이나 증강 현실 자료, 소프트웨어, 컴퓨터 및 스마트 기기, 인터넷 등의 최신 정보 통신 기술과 기기 등을 실험과 탐구에 적절히 활용한다.",,"extracción parcial: agregado por el validador (completitud) | etiqueta de confianza baja: Describe el uso de herramientas y modelos, pero es una estrategia pedagógica general.",,
KR-FIS-kr_jinro_fis-p174-01,KR,kr_jinro_fis,174,역학과 에너지 · 전자기와 양자 (Física de profundización),especializacion,"Realizar actividades seguras en indagaciones de campo y excursiones, investigando previamente el lugar o los materiales relacionados.",야외 탐구 활동 및 현장 학습 시에는 사전 답사를 하거나 관련 자료를 조사하여 안전한 활동을 실행한다.,,extracción parcial: agregado por el validador (completitud),,
KR-FIS-kr_jinro_fis-p174-02,KR,kr_jinro_fis,174,역학과 에너지 · 전자기와 양자 (Física de profundización),especializacion,"Seleccionar y aprender contenidos que se puedan vincular con el aprendizaje interdisciplinario, la educación para la transición ecológica y la alfabetización digital/IA.","범교과 학습, 생태전환교육, 디지털 인공지능 기초 소양 함양과 관련한 교육내용 중 해당 주제와 연계하여 지도할 수 있는 내용을 선정하여 함께 학습할 수 있도록 지도한다.",,"extracción parcial: agregado por el validador (completitud) | etiqueta de confianza baja: Es una directriz curricular general sobre la selección de contenidos, sin especificar ninguno.",,
KR-FIS-kr_jinro_fis-p178-02,KR,kr_jinro_fis,178,역학과 에너지 · 전자기와 양자 (Física de profundización),especializacion,Comprender los conceptos clave del electromagnetismo y la cuántica mediante la indagación científica de los fenómenos naturales y la vida cotidiana.,자연 현상과 일상생활을 과학적으로 탐구하여 전자기와 양자의 핵심 개념을 이해한다.,,etiqueta de confianza baja: Es un objetivo de aprendizaje de muy alto nivel que abarca campos enteros.,,
KR-FIS-kr_jinro_fis-p178-03,KR,kr_jinro_fis,178,역학과 에너지 · 전자기와 양자 (Física de profundización),especializacion,Comprender los métodos de indagación científica y desarrollar la capacidad de investigar científicamente problemas de electromagnetismo y cuántica.,과학의 탐구 방법을 이해하고 전자기 및 양자와 관련된 문제를 과학적으로 탐구하는 능력을 기른다.,,"etiqueta de confianza baja: Se centra en el desarrollo de competencias de indagación, no en conceptos específicos.",,
KR-FIS-kr_jinro_fis-p182-01,KR,kr_jinro_fis,182,역학과 에너지 · 전자기와 양자 (Física de profundización),especializacion,"Comprender el cambio de estado probabilístico por superposición y medición, y reconocer el impacto social de tecnologías cuánticas como computadoras y criptografía cuántica.","[12전자03-02] 중첩과 측정을 통한 확률적 상태 변화를 이해하고, 이를 이용한 양자컴퓨터...",,etiqueta de confianza baja: Introduce conceptos cuánticos avanzados y tecnologías no presentes en el catálogo.,,
KR-FIS-kr_jinro_fis-p183-01,KR,kr_jinro_fis,183,역학과 에너지 · 전자기와 양자 (Física de profundización),especializacion,"Resolver problemas en contextos prácticos y reales, usando materiales cotidianos y experimentos para lograr un aprendizaje profundo.",다양한 일상생활 소재나 실험·실습의 기회를 학생들에게 제공하여 실제적인 맥락에서 문제를 해결하는 경험을 할 수 있도록 한다,,"extracción parcial: agregado por el validador (completitud) | etiqueta de confianza baja: Enunciado puramente pedagógico, sin contenido de física específico que se pueda etiquetar.",,
KR-FIS-kr_jinro_fis-p184-01,KR,kr_jinro_fis,184,역학과 에너지 · 전자기와 양자 (Física de profundización),especializacion,"Diseñar actividades de indagación centradas en el estudiante, colaborando con compañeros para resolver tareas y reconociendo la importancia de la cooperación.","학생 중심의 탐구 활동을 설계하고, 동료들과의 협업을 통해 과제를 해결하는 과정에서 상호 협력이 중요함을 인식하도록",,"extracción parcial: agregado por el validador (completitud) | etiqueta de confianza baja: Enunciado metodológico sobre indagación y colaboración, sin conceptos de física específicos.",,
KR-FIS-kr_jinro_fis-p184-02,KR,kr_jinro_fis,184,역학과 에너지 · 전자기와 양자 (Física de profundización),especializacion,"Utilizar tecnologías como modelos, simulaciones, realidad virtual/aumentada y software para investigar y comprender conceptos de física.","모형이나 시청각 자료, 가상 현실이나 증강 현실 자료, 소프트웨어... 등을 실험과 탐구에 적절히 활용한다",,"extracción parcial: agregado por el validador (completitud) | etiqueta de confianza baja: Describe el uso de herramientas tecnológicas para la enseñanza, sin especificar qué conceptos.",,
KR-FIS-kr_jinro_fis-p184-04,KR,kr_jinro_fis,184,역학과 에너지 · 전자기와 양자 (Física de profundización),especializacion,"Comunicar ideas basándose en evidencias científicas, expresando opiniones con claridad y respetando las de los demás durante la indagación.",과학적인 근거에 기초하여 의사소통하도록 지도한다.,,"etiqueta de confianza baja: Describe la práctica de la comunicación y argumentación científica, sin contenido físico específico.",,
KR-FIS-kr_jinro_fis-p184-05,KR,kr_jinro_fis,184,역학과 에너지 · 전자기와 양자 (Física de profundización),especializacion,Participar en debates y redacción científica sobre temas sociales relacionados con la ciencia para fomentar el pensamiento y la comunicación científica.,사회적 쟁점을 주제로 과학 글쓰기와 토론을 실시하여,,etiqueta de confianza baja: Se enfoca en prácticas de debate y comunicación sobre temas sociocientíficos.,,
KR-FIS-kr_jinro_fis-p184-06,KR,kr_jinro_fis,184,역학과 에너지 · 전자기와 양자 (Física de profundización),especializacion,"Utilizar sensores y herramientas digitales para medir, recopilar y procesar datos en tiempo real en actividades de indagación sobre electromagnetismo y cuántica.",디지털 탐구 도구를 활용하여 실시간으로 자료를 측정하거나,,etiqueta de confianza baja: Describe el uso de tecnología para la recolección de datos en áreas muy amplias.,,
KR-FIS-kr_jung-p046-01,KR,kr_jung,46,"중학교 과학 1~3학년군 (Ciencias, secundaria baja)",nucleo,Comprender el impacto del desarrollo científico e investigar y presentar los cambios sociales futuros derivados de tecnologías avanzadas como la inteligencia artificial.,"[9과01-02] 과학의 발전이 인류 문명에 미친 영향을 이해하고, 인공지능 등 첨단 과학기술이 가져올 미래 사회의 변화를 조사하여 발표할 수 있다.",,"etiqueta de confianza baja: Enunciado muy general sobre ciencia y sociedad, sin conceptos físicos específicos del catálogo.",,
KR-FIS-kr_jung-p046-02,KR,kr_jung,46,"중학교 과학 1~3학년군 (Ciencias, secundaria baja)",nucleo,Comprender los métodos de indagación científica y proponer soluciones científicas a problemas de la vida cotidiana.,"[9과01-01] 과학적 탐구 방법을 이해하고, 일상생활의 문제에 대한 과학적 해결 방안을 제안할 수 있다.",,"etiqueta de confianza baja: Enunciado metodológico general, sin conceptos físicos específicos. Se enfoca en la práctica científica.",,
KR-FIS-kr_jung-p055-01,KR,kr_jung,55,"중학교 과학 1~3학년군 (Ciencias, secundaria baja)",nucleo,"Comprender la generación y transmisión de ondas y expresar las características del sonido (amplitud, frecuencia, longitud de onda) sin distinguir ondas longitudinales y transversales.","[9과10-04] 파동의 발생과 전달 과정을 이해하고, 소리의 특성을 진폭, 진동수, 파형 등의 과학적 용어로 표현할",CON:fisica/magnitudes-ondas CON:fisica/tono-volumen-sonido CON:fisica/sonido-como-onda CON:fisica/sonido-vibraciones,extracción parcial: La paráfrasis reemplaza 'forma de onda' (파형) con 'longitud de onda' (파장).,,
KR-FIS-kr_jung-p058-09,KR,kr_jung,58,"중학교 과학 1~3학년군 (Ciencias, secundaria baja)",nucleo,No abordar el cálculo cuantitativo de la resistencia equivalente por conexión de resistencias ni las conexiones mixtas.,저항의 연결에 따른 합성 저항의 정량적인 계산과 혼합 연결은 다루지 않는다.,CON:fisica/resistencia-equivalente,extracción parcial: agregado por el validador (completitud),,
KR-FIS-kr_jung-p059-02,KR,kr_jung,59,"중학교 과학 1~3학년군 (Ciencias, secundaria baja)",nucleo,Investigar y redactar un informe sobre las diversas formas de energía y el consumo de potencia resultantes de la conversión de energía eléctrica en el hogar.,가정에서 전기 에너지가 전환되어 나타나는 다양한 형태의 에너지와 소비 전력에 대해 조사하여 보고서를 작성하게 하고,CON:fisica/potencia-electrica-joule CON:fisica/transformaciones-energia CON:fisica/energia-usos-vida-diaria CON:fisica/formas-energia,extracción parcial: agregado por el validador (completitud),,
KR-FIS-kr_jung-p063-03,KR,kr_jung,63,"중학교 과학 1~3학년군 (Ciencias, secundaria baja)",nucleo,Definir el trabajo y expresar el trabajo realizado por la gravedad en un objeto en caída libre en términos de energía potencial y cinética.,"[9과19-03] 일의 정의를 알고, 자유 낙하하는 물체의 운동에서 중력이 한 일을",CON:fisica/trabajo-mecanico CON:fisica/caida-libre CON:fisica/energia-cinetica CON:fisica/energia-potencial-gravitatoria,extracción parcial: Omite la aclaración de que el trabajo por gravedad se convierte en energía cinética.,,
KR-FIS-kr_jung-p064-02,KR,kr_jung,64,"중학교 과학 1~3학년군 (Ciencias, secundaria baja)",nucleo,Utilizar herramientas digitales como cámaras o sensores de movimiento para interpretar y analizar datos y registros de movimiento.,운동에 대한 기록과 자료의 해석⋅분석에 사진기나 운동 센서 등 다양한 디지털 탐구 도구를 활용할,,"etiqueta de confianza baja: Describe únicamente prácticas de investigación (uso de tecnología, análisis de datos) sin contenido físico.",,
KR-FIS-kr_jung-p066-01,KR,kr_jung,66,"중학교 과학 1~3학년군 (Ciencias, secundaria baja)",nucleo,Debatir sobre el papel de la ciencia y las nuevas profesiones científicas que surgirán en la sociedad futura.,미래 사회에서 과학의 역할과 새로운 과학 직업 토의하기,,"etiqueta de confianza baja: Se enfoca en la naturaleza de la ciencia y su rol social, no en conceptos físicos.",,
KR-FIS-kr_jung-p066-02,KR,kr_jung,66,"중학교 과학 1~3학년군 (Ciencias, secundaria baja)",nucleo,Explorar la aplicación y el papel de la ciencia en diversas profesiones.,다양한 직업 속 과학 탐색하기,,"etiqueta de confianza baja: Explora la aplicación de la ciencia en general, sin especificar conceptos físicos.",,
KR-FIS-kr_jung-p066-03,KR,kr_jung,66,"중학교 과학 1~3학년군 (Ciencias, secundaria baja)",nucleo,"Investigar campos científicos afines a la propia vocación (incluyendo tecnología, artes, etc.) y planificar el aprendizaje de ciencias necesario para la elección de carrera.","자신의 진로와 관련 있는 과학 분야를 조사하고, 진로 선택을 위하여",,"etiqueta de confianza baja: Se centra en la orientación vocacional y la planificación del aprendizaje, no en física.",,
KR-FIS-kr_mulli-p114-01,KR,kr_mulli,114,물리학 (Física),especializacion,"Comprender la interrelación entre ciencia, tecnología y sociedad, y participar como ciudadano democrático en la resolución de problemas personales y sociales.",과학과 기술 및 사회의 상호 관계를 이해하고 이를 바탕으로 개인과 사회의 문제해결에,,"etiqueta de confianza baja: Objetivo general sobre alfabetización científica y participación ciudadana, sin contenido físico concreto.",,
KR-FIS-kr_mulli-p114-02,KR,kr_mulli,114,물리학 (Física),especializacion,Comprender los conceptos centrales de la física mediante la indagación científica de los fenómenos naturales y la vida cotidiana.,자연 현상과 일상생활을 과학적으로 탐구하여 물리학의 핵심 개념을 이해한다.,,"etiqueta de confianza baja: Declaración de intenciones para todo el curso, demasiado general para ser etiquetada.",,
KR-FIS-kr_mulli-p114-03,KR,kr_mulli,114,물리학 (Física),especializacion,Comprender los métodos de indagación científica y desarrollar la capacidad de investigar científicamente problemas de la vida cotidiana relacionados con la física.,과학의 탐구 방법을 이해하고 물리학과 관련된 일상생활의 문제를 과학적으로 탐구하는 능력을 기른다.,,"etiqueta de confianza baja: Enunciado metodológico sobre la práctica de la indagación, sin conceptos de física concretos.",,
KR-FIS-kr_mulli-p114-04,KR,kr_mulli,114,물리학 (Física),especializacion,"Reconocer problemas personales y sociales relacionados con la física a partir del interés por los fenómenos naturales, desarrollando una actitud para resolverlos científicamente.","물리학과 관련된 개인과 사회의 문제를 인식하고, 이를 과학적으로 해결하려는 태도를 기른다.",,"etiqueta de confianza baja: Enunciado actitudinal sobre la identificación y resolución de problemas, sin contenido físico.",,
KR-FIS-kr_mulli-p115-07,KR,kr_mulli,115,물리학 (Física),especializacion,"Analizar, evaluar e inferir datos basándose en evidencia y pensamiento científico.",증거와 과학적 사고에 근거하여 자료를 분석⋅평가⋅추론하기,,"etiqueta de confianza baja: Describe prácticas científicas generales de análisis de datos y argumentación, sin contenido físico.",,
KR-FIS-kr_mulli-p115-08,KR,kr_mulli,115,물리학 (Física),especializacion,Definir variables de forma operacional y diseñar investigaciones.,변인을 조작적으로 정의하여 탐구 설계하기,,"etiqueta de confianza baja: Describe prácticas de planificación de investigaciones y control de variables, sin contenido específico.",,
KR-FIS-kr_mulli-p115-09,KR,kr_mulli,115,물리학 (Física),especializacion,Expresar y comunicarse utilizando diversos medios.,다양한 매체를 활용하여 표현하고 의사소통하기,,"etiqueta de confianza baja: Es una habilidad de comunicación científica general, sin contenido físico.",,
KR-FIS-kr_mulli-p115-10,KR,kr_mulli,115,물리학 (Física),especializacion,Extraer conclusiones y explicarlas aplicándolas a fenómenos naturales y situaciones tecnológicas.,결론을 도출하고 자연 현상 및 기술 상황에 적용하여 설명하기,,"etiqueta de confianza baja: Describe la práctica de sacar conclusiones y construir explicaciones, sin contenido específico.",,
KR-FIS-kr_mulli-p115-11,KR,kr_mulli,115,물리학 (Física),especializacion,Generar y utilizar modelos científicos.,모형을 생성하고 활용하기,,etiqueta de confianza baja: Es la práctica científica general de usar y desarrollar modelos.,,
KR-FIS-kr_mulli-p115-12,KR,kr_mulli,115,물리학 (Física),especializacion,Reconocer problemas en fenómenos físicos y establecer hipótesis.,물리 현상에서 문제를 인식하고 가설을 설정하기,,"etiqueta de confianza baja: Describe las prácticas de formular preguntas e hipótesis, sin contenido físico concreto.",,
KR-FIS-kr_mulli-p115-13,KR,kr_mulli,115,물리학 (Física),especializacion,Recopilar y describir información utilizando diversas herramientas y pensamiento matemático.,다양한 도구와 수학적 사고를 활용하여 정보를 수집⋅기술하기,,etiqueta de confianza baja: Describe prácticas generales de recopilación de datos y uso de matemáticas.,,
KR-FIS-kr_mulli-p118-02,KR,kr_mulli,118,물리학 (Física),especializacion,Conocer la diferencia entre conductores y aislantes a partir de la estructura de bandas de energía y explicar el principio de los semiconductores.,"고체의 에너지띠 구조로부터 도체와 부도체의 차이를 알고, 반도체 소자의 원리를 설명할 수 있다.",CON:fisica/semiconductores-dispositivos CON:fisica/conductores-aislantes-electricos,"extracción parcial: Omite que se debe explicar el principio de los *dispositivos* semiconductores, no solo de los semiconductores.",,
KR-FIS-kr_mulli-p119-01,KR,kr_mulli,119,물리학 (Física),especializacion,"Identificar fenómenos de reflexión, refracción, interferencia y superposición de la luz en la vida cotidiana y experimentarlos directamente mediante actividades de indagación.","빛의 반사, 굴절, 간섭, 중첩과 관련된 현상들을 생활 속에서 찾고 탐구 활동을 통해 직접 경험하도록",CON:fisica/reflexion-luz CON:fisica/refraccion-luz CON:fisica/interferencia-luz CON:fisica/superposicion-interferencia,"etiqueta de confianza baja: Agrupa varios fenómenos ópticos (reflexión, refracción, interferencia) para su identificación y experimentación.",,
KR-FIS-kr_mulli-p119-06,KR,kr_mulli,119,물리학 (Física),especializacion,"Resolver problemas en contextos prácticos y reales, utilizando diversos materiales de la vida cotidiana, experimentos y prácticas.",다양한 일상생활 소재나 실험·실습의 기회를 학생들에게 제공하여 실제적인 맥락에서 문제를 해결하는 경험을 할 수 있도록 한다.,,"extracción parcial: agregado por el validador (completitud) | etiqueta de confianza baja: Enunciado muy general sobre la resolución de problemas prácticos mediante experimentación, sin especificar conceptos.",,
KR-FIS-kr_mulli-p120-03,KR,kr_mulli,120,물리학 (Física),especializacion,"Expresar claramente las propias opiniones durante las indagaciones y comunicarse basándose en evidencia científica, respetando las opiniones de los demás.","자신의 의견을 명확히 표현하고 다른 사람의 의견을 존중하는 태도를 가지며, 과학적인 근거에 기초하여 의사소통하도록 지도한다.",,extracción parcial: agregado por el validador (completitud),,
KR-FIS-kr_mulli-p120-04,KR,kr_mulli,120,물리학 (Física),especializacion,"Participar en diversas actividades científicas, como la investigación de proyectos y las visitas a museos de ciencia, según lo planificado.","학생이 과제 연구, 과학관 견학과 같은 여러 가지 과학 활동에 참여할 수 있도록 계획한다.",,"extracción parcial: agregado por el validador (completitud) | etiqueta de confianza baja: Enunciado muy general sobre participar en actividades científicas, sin especificar habilidades o conceptos.",,
KR-FIS-kr_tamgu-p099-01,KR,kr_tamgu,99,과학탐구실험1·2 (Experimentos de indagación),nucleo,Comprender la naturaleza de la ciencia.,과학의 본성,,"etiqueta de confianza baja: Enunciado extremadamente vago y general sobre la epistemología de la ciencia, sin concreción.",,
KR-FIS-kr_tamgu-p099-05,KR,kr_tamgu,99,과학탐구실험1·2 (Experimentos de indagación),nucleo,Comprender los conceptos centrales de la ciencia mediante la indagación científica de los fenómenos naturales y la vida cotidiana.,자연 현상과 일상생활을 과학적으로 탐구하여 과학의 핵심 개념을 이해한다.,,"etiqueta de confianza baja: Enunciado metodológico general sobre aprender ciencia mediante la indagación, sin especificar conceptos.",,
KR-FIS-kr_tamgu-p099-10,KR,kr_tamgu,99,과학탐구실험1·2 (Experimentos de indagación),nucleo,Conocer los procesos y procedimientos generales de la indagación científica.,탐구 과정과 절차,,"etiqueta de confianza baja: Enunciado muy general sobre los pasos de la investigación científica, sin detalles específicos.",,
KR-FIS-kr_tamgu-p100-04,KR,kr_tamgu,100,과학탐구실험1·2 (Experimentos de indagación),nucleo,Replicar experimentos decisivos que provocaron cambios de paradigma en la historia de la ciencia y explicar el proceso de desarrollo científico.,[10과탐1-01-01] 과학사에서 패러다임의 전환을 가져온 결정적 실험을 따라 해보고,,etiqueta de confianza baja: Es muy vago; no especifica qué experimentos o conceptos se enseñan.,,
KR-FIS-kr_tamgu-p101-03,KR,kr_tamgu,101,과학탐구실험1·2 (Experimentos de indagación),nucleo,"Participar en indagaciones científicas, realizar investigaciones colaborativas interdisciplinarias, e interpretar y evaluar los resultados obtenidos basándose en evidencias.","[10과탐1-02-04] 흥미와 호기심을 갖고 과학 탐구에 참여하고, 분야 간 협동 연구",,"extracción parcial: Omite la parte sobre participar con interés y curiosidad, simplificando el texto original.",,
KR-FIS-kr_tamgu-p101-04,KR,kr_tamgu,101,과학탐구실험1·2 (Experimentos de indagación),nucleo,Realizar experimentos representativos de la historia de la ciencia que incluyan la formulación de hipótesis e ilustrar las características del método deductivo.,[10과탐1-02-02] 가설 설정을 포함한 과학사의 대표적인 탐구실험을 수행하고,,"etiqueta de confianza baja: Es vago sobre los experimentos y conceptos, enfocándose en el método deductivo.",,
KR-FIS-kr_tamgu-p103-01,KR,kr_tamgu,103,과학탐구실험1·2 (Experimentos de indagación),nucleo,Aplicar conceptos científicos para idear creativamente soluciones a problemas de la vida real y diseñar y fabricar herramientas necesarias.,"과학 개념을 적용하여 실생활 문제의 해결방안을 창의적으로 고안하고, 필요한 도구를 설계⋅제작할 수 있다.",,"etiqueta de confianza baja: Se enfoca en prácticas de diseño de ingeniería, pero es vago sobre los conceptos.",,
KR-FIS-kr_tamgu-p103-02,KR,kr_tamgu,103,과학탐구실험1·2 (Experimentos de indagación),nucleo,"Explorar principios científicos en la vida diaria (cine, arquitectura, deportes) mediante experimentos y experimentar la utilidad de la ciencia.","영화, 건축, 요리, 스포츠, 미디어 등 생활 속의 과학 원리를 실험 등을 통해 탐구하고",,"extracción parcial: Omite la parte sobre sentir la alegría de la ciencia a través de experiencias lúdicas. | etiqueta de confianza baja: Es extremadamente vago, mencionando contextos amplios sin especificar principios científicos.",,
KR-FIS-kr_tamgu-p104-01,KR,kr_tamgu,104,과학탐구실험1·2 (Experimentos de indagación),nucleo,Inferir ejemplos de aplicación del conocimiento científico mediante actividades de indagación que identifiquen los principios científicos en la ciencia y tecnología avanzadas.,첨단 과학기술 속의 과학 원리를 찾아내는 탐구 활동을 통해 과학 지식이 활용된 사례를 추론할 수 있다.,,"etiqueta de confianza baja: Enunciado muy general sobre la aplicación del conocimiento científico, sin especificar conceptos concretos.",,
KR-FIS-kr_tamgu-p106-01,KR,kr_tamgu,106,과학탐구실험1·2 (Experimentos de indagación),nucleo,Reconocer la importancia de la cooperación mutua al resolver tareas mediante la colaboración con compañeros en actividades de indagación.,동료들과의 협업을 통해 과제를 해결하는 과정에서 상호 협력이 중요함을 인식하도록 지도한다,,extracción parcial: agregado por el validador (completitud),,
KR-FIS-kr_tamgu-p107-01,KR,kr_tamgu,107,과학탐구실험1·2 (Experimentos de indagación),nucleo,Explorar trayectorias profesionales relacionadas con los cursos «Experimentos de indagación científica 1 y 2» para aumentar el interés y la confianza.,'과학탐구실험1'과 '과학탐구실험2' 관련 진로를 탐색할 수 있는 교수·학습 방안을 강구한다,,extracción parcial: agregado por el validador (completitud),,
KR-FIS-kr_tamgu-p107-02,KR,kr_tamgu,107,과학탐구실험1·2 (Experimentos de indagación),nucleo,"Comprender la naturaleza de la ciencia: provisionalidad del conocimiento, diversidad de métodos, ética, relaciones ciencia-tecnología-sociedad y características de los modelos.","과학 지식의 잠정성, 과학적 방법의 다양성, 과학 윤리",,etiqueta de confianza baja: Agrupa múltiples aspectos complejos de la naturaleza de la ciencia en un solo enunciado.,,
KR-FIS-kr_tamgu-p109-01,KR,kr_tamgu,109,과학탐구실험1·2 (Experimentos de indagación),nucleo,"Aplicar procesos de indagación científica: reconocer problemas, formular hipótesis, diseñar y ejecutar experimentos, recopilar, analizar e interpretar datos, extraer conclusiones, generalizar y colaborar.","문제 인식 및 가설 설정, 탐구 설계 및 수행, 자료 수집⋅분석",,"etiqueta de confianza baja: Enumera casi todo el ciclo de indagación, haciéndolo demasiado amplio y poco específico.",,
KR-FIS-kr_tamgu-p109-02,KR,kr_tamgu,109,과학탐구실험1·2 (Experimentos de indagación),nucleo,Evaluar la capacidad de comprender y aplicar los conceptos clave de 'Experimentos de Indagación Científica 1 y 2'.,'과학탐구실험1'과 '과학탐구실험2'의 핵심 개념을 이해하고 적용하는 능력을 평가한다.,,"extracción parcial: agregado por el validador (completitud) | etiqueta de confianza baja: Es un enunciado sobre evaluación, no sobre la enseñanza de un concepto o práctica.",,
KR-FIS-kr_tonghap-p082-01,KR,kr_tonghap,82,통합과학1·2 (Ciencia Integrada),nucleo,"Conocer los conceptos de cantidades básicas y unidades, medición y estimación, así como información y señales.",기본량과 단위 ·측정과 어림 ·정보와 신호,CON:fisica/medicion-magnitudes-instrumentos CON:fisica/sistema-internacional-unidades,"extracción parcial: El objetivo añade un verbo, convirtiendo una lista de temas en una acción de aprendizaje.",,
KR-FIS-kr_tonghap-p082-05,KR,kr_tonghap,82,통합과학1·2 (Ciencia Integrada),nucleo,Comprender los conceptos centrales de la ciencia mediante la indagación científica de los fenómenos naturales y la vida cotidiana.,자연 현상과 일상생활을 과학적으로 탐구하여 과학의 핵심 개념을 이해한다.,,"etiqueta de confianza baja: Enunciado pedagógico muy general sobre aprender ciencia a través de la indagación, sin especificar conceptos.",,
KR-FIS-kr_tonghap-p083-03,KR,kr_tonghap,83,통합과학1·2 (Ciencia Integrada),nucleo,"Explicar el significado de las magnitudes fundamentales (tiempo, longitud, masa, etc.) y la aplicación de unidades derivadas al describir fenómenos naturales.","과학 탐구에서 중요한 기본량의 의미를 알고, 자연 현상을 기술하는 데 단위가 가지는",CON:fisica/sistema-internacional-unidades,"extracción parcial: El texto omite los ""ejemplos de aplicación"" y especifica ""unidades derivadas"", no solo ""unidades"".",,
KR-FIS-kr_tonghap-p083-06,KR,kr_tonghap,83,통합과학1·2 (Ciencia Integrada),nucleo,"Reconocer cómo la conversión de señales analógicas a digitales mediante sensores impacta la civilización moderna, al medir y analizar cambios naturales para producir información.","자연에서 일어나는 다양한 변화를 측정⋅분석하여 정보를 산출함을 알고, 이러한 정보를 디지털로",CON:fisica/medicion-magnitudes-instrumentos,"extracción parcial: Añade ""sensores"" y ""señales analógicas"", detalles de la sección de explicación, no del objetivo.",,
KR-FIS-kr_tonghap-p085-02,KR,kr_tonghap,85,통합과학1·2 (Ciencia Integrada),nucleo,Observar y comparar los espectros emitidos por diversos materiales utilizando un espectroscopio.,분광기를 활용하여 다양한 물질이 방출하는 스펙트럼을 관찰⋅비교하기,CON:fisica/niveles-energia-espectros,"extracción parcial: El texto es una actividad de indagación (<탐구 활동>), no un estándar de logro formal.",,
KR-FIS-kr_tonghap-p086-01,KR,kr_tonghap,86,통합과학1·2 (Ciencia Integrada),nucleo,"Clasificar materiales en conductores, aislantes y semiconductores según el movimiento de electrones libres, introduciendo el control de propiedades eléctricas por impurezas sin tratar principios de unión.","원자 내 자유전자의 이동에 따라 도체, 부도체, 반도체로 구분할 수 있고... 접합 원리는 다루지 않는다.",CON:fisica/conductores-aislantes-electricos CON:fisica/semiconductores-dispositivos,"extracción parcial: El texto es una explicación de un estándar de logro, no el estándar en sí.",,
KR-FIS-kr_tonghap-p088-02,KR,kr_tonghap,88,통합과학1·2 (Ciencia Integrada),nucleo,"Reconocer el impacto de la IA y los robots, la dualidad tecnológica, y aplicar la ciencia y tecnología éticamente en la sociedad.",인공지능과 로봇이 미래 사회에서 인간의 삶과 문명에 막대한 영향을 준다는 것과 과학기술 발전의 양면성을 인식하고,,"etiqueta de confianza baja: El enunciado trata sobre ética e impacto social de la tecnología, no sobre conceptos físicos.",,
KR-FIS-kr_tonghap-p090-02,KR,kr_tonghap,90,통합과학1·2 (Ciencia Integrada),nucleo,Comprender la conversión de energía cinética a eléctrica en generadores e investigar y presentar el impacto de las centrales eléctricas en la vida humana.,"발전기에서 운동 에너지가 전기 에너지로 전환되는 과정을 이해하고, 열원으로서 화석 연료, 핵에너지를 이용하는 발전소가 인간 생활에 미치는 영향",CON:fisica/induccion-electromagnetica CON:fisica/energia-cinetica CON:fisica/transformaciones-energia,"extracción parcial: Omite los tipos de centrales eléctricas mencionados (combustibles fósiles, energía nuclear).",,
KR-FIS-kr_tonghap-p092-03,KR,kr_tonghap,92,통합과학1·2 (Ciencia Integrada),nucleo,"Investigar casos de uso de big data en la sociedad (meteorología, genómica, etc.) e inferir las ventajas y problemas de su utilización.","[10통과2-03-02] 빅데이터를 과학기술사회에서 사용하고 있는 사례를 조사하고, 빅데이터 활용의 장점과 문제점을 추론할 수 있다.",,"extracción parcial: Agrega ejemplos (meteorología, genómica) que no están en el objetivo, sino en su explicación.",,
KR-FIS-kr_tonghap-p094-04,KR,kr_tonghap,94,통합과학1·2 (Ciencia Integrada),nucleo,"Diseñar su propia trayectoria de cursos de ciencias considerando su carrera, con orientación sobre la conexión entre asignaturas y la educación vocacional.","학생이 스스로 진로를 고려하여 과학 과목 이수 경로를 설계할 수 있도록 하고, 선택과목 간 교육내용 연계 및 진로연계교육을",,"extracción parcial: agregado por el validador (completitud) | etiqueta de confianza baja: Es un objetivo de orientación académica, no enseña conceptos ni prácticas científicas.",,
KR-FIS-kr_tonghap-p094-05,KR,kr_tonghap,94,통합과학1·2 (Ciencia Integrada),nucleo,"Participar activamente en clase a través de diversos métodos de aprendizaje como conferencias, experimentos, debates, proyectos y visitas a museos de ciencia.","다양한 교수·학습 방법을 적절히 활용하고, 학생이 능동적으로 수업에 참여할 수 있도록 한다",,"extracción parcial: agregado por el validador (completitud) | etiqueta de confianza baja: Es una directriz pedagógica general sobre participación, no especifica contenidos ni competencias.",,
KR-QUI-kr_hwahak-p128-03,KR,kr_hwahak,128,화학 (Química),especializacion,"Investigar y presentar ejemplos de la contribución de la química al desarrollo de la ciencia, tecnología y sociedad modernas.",화학이 현대 과학⋅기술⋅사회의 발전에 기여한 사례를 조사⋅발표하며,,"extracción parcial: Omite el resultado esperado del objetivo: desarrollar interés y curiosidad por la química. | etiqueta de confianza baja: Enunciado sobre la relevancia social de la química, no sobre un concepto químico concreto.",,
KR-QUI-kr_hwahak-p128-05,KR,kr_hwahak,128,화학 (Química),especializacion,"Representar reacciones con ecuaciones químicas y explicar sus relaciones cuantitativas, utilizando la masa molar para expresar las cantidades en moles.","여러 가지 반응을 화학 반응식으로 나타내고, 화학 반응에서 물질의 양적 관계를 설명할 수 있다.",CON:quimica/ecuacion-quimica-y-balanceo CON:quimica/estequiometria CON:quimica/masa-molar CON:quimica/mol-y-numero-de-avogadro,"extracción parcial: Agrega un detalle (""usar masa molar"") que proviene de la explicación, no del objetivo.",,
KR-QUI-kr_hwahak-p129-03,KR,kr_hwahak,129,화학 (Química),especializacion,"Limitar el átomo central a elementos representativos de los períodos 2 y 3 (Be, B) y a los que cumplen la regla del octeto.","[12화학02-03] 중심 원자는 2, 3주기 전형 원소 중 Be, B와 옥텟 규칙을 따르는 경우로",CON:quimica/electrones-de-valencia-y-regla-del-octeto CON:quimica/tabla-periodica,"etiqueta de confianza baja: Es una acotación curricular sobre la regla del octeto, no un objetivo de aprendizaje.",,
KR-QUI-kr_hwahak-p130-01,KR,kr_hwahak,130,화학 (Química),especializacion,"Comprender el desplazamiento del equilibrio químico por cambios de concentración, presión y temperatura, y aplicarlo para explicar fenómenos cotidianos.","[12화학03-04] 농도, 압력, 온도 변화에 따른 화학 평형의 이동을 이해하고, 이를 일상생활 속 현상을",CON:quimica/principio-de-le-chatelier CON:quimica/equilibrio-dinamico,extracción parcial: Omite la parte final del objetivo sobre «sentir la utilidad de la química».,,
KR-QUI-kr_hwahak-p130-09,KR,kr_hwahak,130,화학 (Química),especializacion,Investigar casos de equilibrio químico en fenómenos biológicos e industriales para explorar trayectorias profesionales.,"생명 현상에서 일어나는 화학 평형, 산업 현장에서 수득률을 높이기 위해 화학 평형을 이용한 사례를 조사하여 진로 탐색에 도움을 준다.",CON:quimica/equilibrio-en-procesos-industriales CON:quimica/equilibrio-dinamico,extracción parcial: agregado por el validador (completitud),,
KR-QUI-kr_hwahak-p133-01,KR,kr_hwahak,133,화학 (Química),especializacion,"Despertar la curiosidad y el interés por la ciencia mediante historias de científicos, historia de la ciencia y temas científicos de actualidad.","과학자 이야기, 과학사, 시사성 있는 과학 내용 등을 도입하여 과학에 대한 호기심과 흥미를 유발한다.",,"extracción parcial: agregado por el validador (completitud) | etiqueta de confianza baja: Enunciado pedagógico general sobre motivación, no enseña conceptos específicos de química.",,
KR-QUI-kr_hwahak-p133-02,KR,kr_hwahak,133,화학 (Química),especializacion,Motivar el aprendizaje y la orientación vocacional presentando profesiones y diversos ejemplos de aplicación relacionados con la química.,'화학' 관련 직업이나 다양한 활용 사례를 통해 학습과 진로에 대한 동기를 부여한다.,,"extracción parcial: agregado por el validador (completitud) | etiqueta de confianza baja: Enunciado sobre orientación vocacional y aplicaciones, no enseña conceptos químicos específicos.",,
KR-QUI-kr_hwahak-p133-03,KR,kr_hwahak,133,화학 (Química),especializacion,"Utilizar activamente recursos educativos locales como el entorno natural, lugares de interés, museos y centros de ciencia, considerando las características regionales.","학교의 지역적 특성을 고려하여 지역의 자연 환경, 지역 명소, 박물관, 과학관 등 지역별 과학 교육 자원을 적극적으로 활용한다.",,"extracción parcial: agregado por el validador (completitud) | etiqueta de confianza baja: Recomendación metodológica sobre el uso de recursos locales, sin contenido químico específico.",,
KR-QUI-kr_hwahak-p133-04,KR,kr_hwahak,133,화학 (Química),especializacion,"Utilizar diversas tecnologías (modelos, VR/AR, software, dispositivos) para facilitar la comprensión, despertar el interés y ofrecer experiencias concretas en el aprendizaje de la química.",'화학' 학습에 대한 학생의 이해를 돕고 흥미를 유발하며 구체적 조작 경험과 활동을 제공하기 위해 모형이나 시청각 자료,,"extracción parcial: agregado por el validador (completitud) | etiqueta de confianza baja: Recomendación metodológica sobre el uso de tecnología y modelos, sin contenido específico.",,
KR-QUI-kr_hwahak-p133-10,KR,kr_hwahak,133,화학 (Química),especializacion,Reconocer el valor y el potencial que tiene la ciencia y la tecnología avanzada en la vida moderna.,현대 생활에서 첨단 과학이 갖는 가치와 잠재력을 인식하도록 지도한다.,,"etiqueta de confianza baja: Enunciado actitudinal sobre el valor de la ciencia, sin contenido o práctica específica.",,
KR-QUI-kr_hwahak-p134-01,KR,kr_hwahak,134,화학 (Química),especializacion,"Aprender contenidos que conecten la química con temas interdisciplinarios como el aprendizaje transversal, la transición ecológica y la alfabetización digital/IA.","범교과 학습, 생태전환교육, 디지털·인공지능 기초 소양 함양과 관련한 교육내용 중 해당 주제와 연계하여 지도할 수 있는 내용을",,"extracción parcial: agregado por el validador (completitud) | etiqueta de confianza baja: Directriz pedagógica general sobre conexiones interdisciplinarias, sin contenido químico específico.",,
KR-QUI-kr_hwahak-p134-03,KR,kr_hwahak,134,화학 (Química),especializacion,"Realizar actividades seguras de indagación al aire libre y aprendizaje en el campo, investigando previamente el lugar o los materiales relacionados.",야외 탐구 활동 및 현장 학습 시에는 사전 답사를 하거나 관련 자료를 조사하여 안전한 활동을 실행한다.,,extracción parcial: agregado por el validador (completitud),,
KR-QUI-kr_jinro_qui-p190-02,KR,kr_jinro_qui,190,물질과 에너지 · 화학 반응의 세계 (Química de profundización),especializacion,Comprender los conceptos fundamentales de la materia y la energía mediante la indagación científica de los fenómenos naturales y la vida diaria.,자연 현상과 일상생활을 과학적으로 탐구하여 물질과 에너지의 핵심 개념을 이해한다.,CON:quimica/materia-y-materiales,"etiqueta de confianza baja: Enunciado muy general y vago sobre materia y energía, difícil de concretar.",,
KR-QUI-kr_jinro_qui-p190-04,KR,kr_jinro_qui,190,물질과 에너지 · 화학 반응의 세계 (Química de profundización),especializacion,"Reconocer problemas cotidianos sobre materia y energía, y desarrollar una actitud para resolverlos científicamente a partir del interés por los fenómenos naturales.","물질 및 에너지와 관련된 일상생활 문제를 인식하고, 이를 과학적으로 해결하려는 태도를 기른다.",CON:quimica/materia-y-materiales,etiqueta de confianza baja: Objetivo actitudinal y general sobre la identificación de problemas cotidianos relacionados con la química.,,
KR-QUI-kr_jinro_qui-p191-20,KR,kr_jinro_qui,191,물질과 에너지 · 화학 반응의 세계 (Química de profundización),especializacion,Clasificar los sólidos según la disposición de sus partículas.,입자 배열에 따른 고체의 분류,CON:quimica/solidos-cristalinos-y-amorfos CON:quimica/estados-de-la-materia CON:quimica/modelo-de-particulas,extracción parcial: agregado por el validador (completitud),,
KR-QUI-kr_jinro_qui-p191-21,KR,kr_jinro_qui,191,물질과 에너지 · 화학 반응의 세계 (Química de profundización),especializacion,Comprender la ecuación del gas ideal.,이상 기체 방정식,CON:quimica/ecuacion-de-gases-ideales-y-volumen-molar CON:quimica/leyes-de-los-gases,extracción parcial: agregado por el validador (completitud),,
KR-QUI-kr_jinro_qui-p191-22,KR,kr_jinro_qui,191,물질과 에너지 · 화학 반응의 세계 (Química de profundización),especializacion,Comprender la presión parcial y la fracción molar de los gases en una mezcla.,혼합 기체의 분압과 몰 분율,CON:quimica/difusion-efusion-y-gases-reales CON:quimica/molaridad-y-unidades-quimicas-de-concentracion,extracción parcial: agregado por el validador (completitud),,
KR-QUI-kr_jinro_qui-p191-23,KR,kr_jinro_qui,191,물질과 에너지 · 화학 반응의 세계 (Química de profundización),especializacion,Comprender las interacciones intermoleculares y las propiedades de los líquidos.,액체의 분자 간 상호작용과 성질,CON:quimica/fuerzas-intermoleculares-y-propiedades-fisicas CON:quimica/estados-de-la-materia CON:quimica/fuerzas-intermoleculares,extracción parcial: agregado por el validador (completitud),,
KR-QUI-kr_jinro_qui-p193-07,KR,kr_jinro_qui,193,물질과 에너지 · 화학 반응의 세계 (Química de profundización),especializacion,"Realizar actividades de indagación basadas en datos mediante la recopilación, almacenamiento y procesamiento de datos de temperatura con sensores digitales.","디지털 센서를 이용한 온도 데이터의 수집과 저장, 처리를 통해 데이터 기반 탐구 활동을",,etiqueta de confianza baja: El enunciado es muy general y se centra en prácticas de indagación con datos.,,
KR-QUI-kr_jinro_qui-p195-01,KR,kr_jinro_qui,195,물질과 에너지 · 화학 반응의 세계 (Química de profundización),especializacion,"Comprender cómo la concentración, temperatura y catalizadores afectan la velocidad de reacción, e identificar ejemplos en la vida cotidiana.","농도, 온도, 촉매에 따라 반응 속도가 달라짐을 이해하고, 일상생활에서 각각의 예를 찾아 화학의 유용성을 인식할 수 있다.",CON:quimica/rapidez-de-reaccion-factores CON:quimica/catalizadores,extracción parcial: Omite la parte final del objetivo sobre reconocer la utilidad de la química.,,
KR-QUI-kr_jinro_qui-p195-02,KR,kr_jinro_qui,195,물질과 에너지 · 화학 반응의 세계 (Química de profundización),especializacion,"Comprender que la vida media de reacciones de primer orden es independiente de la concentración, hallándola mediante datos sin derivar la ecuación integrada, e investigar sus aplicaciones.","1차 반응의 반감기가 반응물의 농도에 의존하지 않음을 이해하고, 1차 반응의 반감기가 활용되는 사례를 조사",CON:quimica/ley-de-velocidad-y-orden-de-reaccion,"extracción parcial: Agrega la aclaración de no derivar la ecuación, que está en otra sección.",,
KR-QUI-kr_jinro_qui-p198-02,KR,kr_jinro_qui,198,물질과 에너지 · 화학 반응의 세계 (Química de profundización),especializacion,"Realizar actividades de indagación y de campo de forma segura, tras investigar o realizar un reconocimiento previo del lugar.",야외 탐구 활동 및 현장 학습 시에는... 안전한 활동을 실행한다.,,extracción parcial: agregado por el validador (completitud),,
KR-QUI-kr_jinro_qui-p198-03,KR,kr_jinro_qui,198,물질과 에너지 · 화학 반응의 세계 (Química de profundización),especializacion,Relacionar el aprendizaje sobre 'Materia y Energía' con profesiones y diversas aplicaciones para motivar la elección de una carrera.,‘물질과 에너지’ 관련 직업이나 다양한 활용 사례를 통해 학습과 진로에 대한 동기를 부여한다.,,"extracción parcial: agregado por el validador (completitud) | etiqueta de confianza baja: Enunciado muy general y de carácter vocacional, no enseña un concepto químico específico.",,
KR-QUI-kr_jinro_qui-p198-04,KR,kr_jinro_qui,198,물질과 에너지 · 화학 반응의 세계 (Química de profundización),especializacion,Reconocer el valor y el potencial que tiene la ciencia y la tecnología avanzada en la vida moderna.,현대 생활에서 첨단 과학이 갖는 가치와 잠재력을 인식하도록,,"etiqueta de confianza baja: Enunciado actitudinal muy amplio sobre el valor de la ciencia, sin contenido específico.",,
KR-QUI-kr_jinro_qui-p202-02,KR,kr_jinro_qui,202,물질과 에너지 · 화학 반응의 세계 (Química de profundización),especializacion,Comprender los conceptos centrales del mundo de las reacciones químicas mediante la indagación científica de los fenómenos naturales y la vida cotidiana.,자연 현상과 일상생활을 과학적으로 탐구하여 화학 반응의 세계의 핵심 개념을 이해한다.,CON:quimica/reaccion-quimica-y-evidencias CON:quimica/tipos-de-reacciones-quimicas,"etiqueta de confianza baja: Enunciado muy vago y general, se refiere a 'conceptos centrales' sin especificarlos.",,
KR-QUI-kr_jinro_qui-p202-03,KR,kr_jinro_qui,202,물질과 에너지 · 화학 반응의 세계 (Química de profundización),especializacion,"Reconocer problemas cotidianos relacionados con diversas reacciones químicas y cultivar una actitud para resolverlos científicamente, basándose en el interés por los fenómenos naturales.","다양한 화학 반응이 관련된 일상생활 문제를 인식하고, 이를 과학적으로 해결하려는 태도를 기른다.",CON:quimica/reaccion-quimica-y-evidencias,"etiqueta de confianza baja: Enunciado actitudinal y vago, enfocado en la aplicación general de la química a problemas.",,
KR-QUI-kr_jinro_qui-p202-04,KR,kr_jinro_qui,202,물질과 에너지 · 화학 반응의 세계 (Química de profundización),especializacion,Utilizar métodos de indagación científica para explorar soluciones a problemas relacionados con la química y desarrollar la capacidad de investigarlos científicamente.,과학의 탐구 방법을 활용하여 화학 관련 문제의 해결 방안을 탐색하고 과학적으로 탐구하는 능력을 기른다.,,"etiqueta de confianza baja: Enunciado muy general sobre la indagación científica, sin especificar conceptos químicos concretos.",,
KR-QUI-kr_jinro_qui-p203-01,KR,kr_jinro_qui,203,물질과 에너지 · 화학 반응의 세계 (Química de profundización),especializacion,"Analizar, evaluar e inferir a partir de datos basándose en evidencias y en el pensamiento científico.",증거와 과학적 사고에 근거하여 자료를 분석⋅평가⋅추론하기,,"etiqueta de confianza baja: Enunciado centrado exclusivamente en prácticas de análisis de datos y evidencia, sin contenido químico.",,
KR-QUI-kr_jinro_qui-p203-02,KR,kr_jinro_qui,203,물질과 에너지 · 화학 반응의 세계 (Química de profundización),especializacion,Comunicarse y colaborar eficazmente utilizando diversos medios.,매체를 활용하여 의사소통⋅협업하기,,"etiqueta de confianza baja: Enunciado sobre la habilidad de comunicación, sin contenido científico específico.",,
KR-QUI-kr_jinro_qui-p203-03,KR,kr_jinro_qui,203,물질과 에너지 · 화학 반응의 세계 (Química de profundización),especializacion,Crear modelos para interpretar los fenómenos de la materia.,모형을 만들어 물질 현상을 해석하기,CON:quimica/materia-y-materiales,etiqueta de confianza baja: Enunciado general sobre la práctica de modelización para explicar fenómenos de la materia.,,
KR-QUI-kr_jinro_qui-p203-04,KR,kr_jinro_qui,203,물질과 에너지 · 화학 반응의 세계 (Química de profundización),especializacion,Definir variables de forma operativa y diseñar investigaciones científicas.,"변인을 조작적으로 정의하고, 탐구 설계하기",,"etiqueta de confianza baja: Enunciado centrado en las prácticas de diseño experimental, sin contenido químico específico.",,
KR-QUI-kr_jinro_qui-p203-05,KR,kr_jinro_qui,203,물질과 에너지 · 화학 반응의 세계 (Química de profundización),especializacion,Descubrir problemas y formular hipótesis relacionadas con los fenómenos de la materia.,물질 현상에서 문제 발견 및 가설 설정하기,CON:quimica/materia-y-materiales,"etiqueta de confianza baja: Enunciado general sobre la formulación de preguntas e hipótesis, sin contenido químico específico.",,
KR-QUI-kr_jinro_qui-p203-06,KR,kr_jinro_qui,203,물질과 에너지 · 화학 반응의 세계 (Química de profundización),especializacion,"Recopilar, transformar e interpretar información utilizando herramientas de indagación digital y pensamiento matemático.",디지털 탐구 도구와 수학적 사고를 활용하여 정보를 수집⋅변환⋅해석하기,,"etiqueta de confianza baja: Enunciado sobre habilidades de recopilación y tratamiento de información, sin contenido químico.",,
KR-QUI-kr_jinro_qui-p203-07,KR,kr_jinro_qui,203,물질과 에너지 · 화학 반응의 세계 (Química de profundización),especializacion,Sacar conclusiones y explicar o predecir los fenómenos de la materia.,결론을 도출하고 물질 현상을 설명⋅예측하기,CON:quimica/materia-y-materiales,etiqueta de confianza baja: Enunciado general sobre la práctica de sacar conclusiones y construir explicaciones científicas.,,
KR-QUI-kr_jinro_qui-p203-08,KR,kr_jinro_qui,203,물질과 에너지 · 화학 반응의 세계 (Química de profundización),especializacion,Tomar decisiones racionales sobre posibles soluciones basándose en las conclusiones obtenidas.,도출된 결론을 바탕으로 해결 방안에 대한 합리적 의사 결정하기,,"etiqueta de confianza baja: Enunciado sobre la toma de decisiones informadas, sin contenido científico específico.",,
KR-QUI-kr_jinro_qui-p204-04,KR,kr_jinro_qui,204,물질과 에너지 · 화학 반응의 세계 (Química de profundización),especializacion,"Explicar la acción amortiguadora in vivo mediante el equilibrio químico, centrándose en su importancia biológica y evitando cálculos complejos.","화학 평형으로 생체 내 완충 작용을 설명하고, 화학 원리의 신비로움을 느낄 수 있다.",CON:quimica/disoluciones-amortiguadoras CON:quimica/equilibrio-dinamico,"extracción parcial: El objetivo mezcla el estándar de logro con su comentario, añadiendo detalles no explícitos.",,
KR-QUI-kr_jinro_qui-p206-06,KR,kr_jinro_qui,206,물질과 에너지 · 화학 반응의 세계 (Química de profundización),especializacion,"Investigar el impacto que los nuevos materiales sintetizados mediante reacciones de compuestos de carbono han tenido en el desarrollo de la ciencia, la tecnología y la sociedad.",탄소 화합물의 반응을 통해 합성된 새로운 물질이 과학⋅기술⋅사회 발전에 끼친 영향을,CON:quimica/sintesis-quimica-y-rutas-de-reaccion CON:quimica/el-carbono-y-las-moleculas-organicas,extracción parcial: Omite la parte final del objetivo: «y darse cuenta de la utilidad de la química».,,
KR-QUI-kr_jinro_qui-p208-06,KR,kr_jinro_qui,208,물질과 에너지 · 화학 반응의 세계 (Química de profundización),especializacion,"Diseñar actividades de indagación centradas en el estudiante, en lugar de experimentos dirigidos por el profesor.","교사 중심의 실험보다 학생 중심의 탐구 활동을 설계하고, 동료들과의 협업을 통해 과제를",,extracción parcial: agregado por el validador (completitud),,
KR-QUI-kr_jinro_qui-p208-07,KR,kr_jinro_qui,208,물질과 에너지 · 화학 반응의 세계 (Química de profundización),especializacion,"Utilizar tecnologías modernas (realidad virtual/aumentada, software) en experimentos e indagaciones para mejorar la comprensión y el interés.","가상 현실이나 증강 현실 자료, 소프트웨어, 컴퓨터 및 스마트 기기... 등을 실험과 탐구에 적절히 활용한다.",,extracción parcial: agregado por el validador (completitud),,
KR-QUI-kr_jung-p049-01,KR,kr_jung,49,"중학교 과학 1~3학년군 (Ciencias, secundaria baja)",nucleo,"Centrarse en que el punto de fusión, ebullición y congelación son las temperaturas a las que ocurren los cambios de estado.",각 상태 변화가 일어나는 온도라는 측면에 주안점을 둔다.,CON:quimica/cambios-de-estado CON:quimica/estados-de-la-materia CON:quimica/propiedades-fisicas-y-quimicas,"extracción parcial: Es una nota pedagógica para el profesor, no un objetivo de aprendizaje directo del alumno.",,
KR-QUI-kr_jung-p056-02,KR,kr_jung,56,"중학교 과학 1~3학년군 (Ciencias, secundaria baja)",nucleo,"Explicar con modelos que los átomos tienen protones, neutrones y electrones, y que el tipo de elemento depende del número de protones (excluyendo isótopos).","원자는 양성자, 중성자, 전자로 구성되며, 양성자의 수에 따라",CON:quimica/atomo-y-particulas-subatomicas CON:quimica/sustancias-puras-elementos-y-compuestos,"extracción parcial: Agrega la exclusión de los isótopos, que está en la sección de ""해설"".",,
KR-QUI-kr_jung-p056-03,KR,kr_jung,56,"중학교 과학 1~3학년군 (Ciencias, secundaria baja)",nucleo,"Saber que la materia existe como átomos, moléculas o iones, y explicar que los iones tienen carga por pérdida o ganancia de electrones.","입자는 원자, 분자, 이온 등으로 존재할 수 있음을 알고",CON:quimica/iones CON:quimica/atomo-y-particulas-subatomicas CON:quimica/moleculas-y-formulas-quimicas,"extracción parcial: Agrega la explicación sobre pérdida/ganancia de electrones, que está en la sección ""해설"".",,
KR-QUI-kr_tamgu-p107-01,KR,kr_tamgu,107,과학탐구실험1·2 (Experimentos de indagación),nucleo,Desechar los residuos generados después de los experimentos siguiendo los procedimientos adecuados para no contaminar el medio ambiente.,실험 후 발생하는 폐기물은 적법한 절차에 따라 처리하여 환경을 오염시키지 않도록 유의한다,CON:quimica/materiales-y-ambiente,extracción parcial: agregado por el validador (completitud),,
KR-QUI-kr_tonghap-p082-01,KR,kr_tonghap,82,통합과학1·2 (Ciencia Integrada),nucleo,"Comprender la formación de elementos, la evolución estelar y la periodicidad de los elementos químicos.",원소 형성 ·별의 진화 ·원소의 주기성,CON:quimica/tabla-periodica CON:quimica/propiedades-periodicas,"extracción parcial: El objetivo añade un verbo, convirtiendo una lista de temas en una acción de aprendizaje. | etiqueta de confianza baja: Mezcla la periodicidad química con conceptos de astrofísica, haciéndolo muy amplio y vago.",,
KR-QUI-kr_tonghap-p082-02,KR,kr_tonghap,82,통합과학1·2 (Ciencia Integrada),nucleo,"Describir los enlaces iónicos y covalentes, y las propiedades eléctricas de la materia.",이온 결합 ·공유 결합 ... 물질의 전기적 성질,CON:quimica/enlace-covalente CON:quimica/enlace-ionico CON:quimica/enlace-quimico CON:quimica/tipo-de-enlace-y-propiedades,"extracción parcial: El objetivo añade un verbo, convirtiendo una lista de temas en una acción de aprendizaje.",,
KR-QUI-kr_tonghap-p085-03,KR,kr_tonghap,85,통합과학1·2 (Ciencia Integrada),nucleo,Diseñar un experimento para investigar las similitudes de los elementos que pertenecen al mismo grupo de la tabla periódica.,같은 족 원소들의 유사성을 탐구하는 실험 설계하기,CON:quimica/tabla-periodica CON:quimica/propiedades-periodicas,"extracción parcial: El texto es una actividad de indagación (<탐구 활동>), no un estándar de logro formal.",,
KR-QUI-kr_tonghap-p085-04,KR,kr_tonghap,85,통합과학1·2 (Ciencia Integrada),nucleo,"Explicar por qué los elementos forman enlaces químicos comparándolos con elementos estables, usando la configuración electrónica con el modelo de capas para los grupos 1 y 17.",주요 원소들이 화학 결합을 형성하는 이유를 전자껍질 모형을 이용한 전자배치를 통해 안정성을 지닌 원소와 비교하여,CON:quimica/configuracion-electronica CON:quimica/electrones-de-valencia-y-regla-del-octeto CON:quimica/enlace-quimico CON:quimica/tabla-periodica,"extracción parcial: El texto es una explicación de un estándar de logro, no el estándar en sí.",,
KR-QUI-kr_tonghap-p085-05,KR,kr_tonghap,85,통합과학1·2 (Ciencia Integrada),nucleo,Limitar el estudio de las propiedades resultantes de cada enlace químico exclusivamente a la conductividad eléctrica.,각 화학 결합으로 나타나는 성질은 전기 전도성에 한정하여 다룬다.,CON:quimica/tipo-de-enlace-y-propiedades CON:quimica/enlace-covalente CON:quimica/enlace-ionico CON:quimica/enlace-metalico,"extracción parcial: El texto es una explicación de un estándar de logro, no el estándar en sí.",,
KR-QUI-kr_tonghap-p085-06,KR,kr_tonghap,85,통합과학1·2 (Ciencia Integrada),nucleo,Realizar un experimento para comparar las propiedades de los compuestos con enlaces iónicos y covalentes.,이온 결합 화합물과 공유 결합 화합물의 성질을 비교하는 실험하기,CON:quimica/tipo-de-enlace-y-propiedades CON:quimica/enlace-covalente CON:quimica/enlace-ionico,"extracción parcial: El texto es una actividad de indagación (<탐구 활동>), no un estándar de logro formal.",,
KR-QUI-kr_tonghap-p088-01,KR,kr_tonghap,88,통합과학1·2 (Ciencia Integrada),nucleo,"Reconocer que las reacciones químicas en la historia de la Tierra y la vida incluyen oxidación-reducción y ácido-base, con transferencia de energía.","지구와 생명의 역사에 포함된 화학 반응에는 산화⋅환원 반응, 산⋅염기 반응이 있으며, 화학 변화에는 에너지가 출입한다.",CON:quimica/oxidacion-y-reduccion CON:quimica/teorias-acido-base CON:quimica/reacciones-exotermicas-y-endotermicas,etiqueta de confianza baja: Es una declaración muy amplia que conecta múltiples tipos de reacciones y energía.,,
KR-QUI-kr_tonghap-p089-01,KR,kr_tonghap,89,통합과학1·2 (Ciencia Integrada),nucleo,"Analizar cambios cotidianos mediante características de oxidación-reducción (explicadas por movimiento de oxígeno y electrones, sin números de oxidación), identificando puntos comunes en fotosíntesis, combustibles y fundición.","공통점을 찾아 산화와 환원을 이해하고, 생활 주변의 다양한 변화를 산화와 환원의 특징과 규칙성으로 분석할 수 있다.",CON:quimica/oxidacion-y-reduccion CON:quimica/combustion CON:quimica/oxidacion-y-corrosion-de-metales,"extracción parcial: Combina el objetivo con su explicación, agregando la restricción sobre los números de oxidación.",,
KR-QUI-kr_tonghap-p089-02,KR,kr_tonghap,89,통합과학1·2 (Ciencia Integrada),nucleo,"Conocer las características de ácidos y bases (solo definición de Arrhenius) y utilizar reacciones de neutralización cotidianas, considerando solo cambios de temperatura y color de indicadores.","대표적인 산⋅염기 물질의 특징을 알고, 산과 염기를 혼합할 때 나타나는 중화 반응을 생활 속에서 이용할 수 있다.",CON:quimica/acidos-y-bases-propiedades CON:quimica/neutralizacion CON:quimica/indicadores-acido-base CON:quimica/reacciones-exotermicas-y-endotermicas CON:quimica/teorias-acido-base,"extracción parcial: Combina el objetivo con su explicación, agregando restricciones sobre la definición y las observaciones.",,
KR-QUI-kr_tonghap-p089-03,KR,kr_tonghap,89,통합과학1·2 (Ciencia Integrada),nucleo,"Discutir cómo se utiliza la absorción y emisión de energía en la vida diaria al identificar estos fenómenos, sin tratar ecuaciones termoquímicas ni entalpía.",생활 주변에서 에너지를 흡수하거나 방출하는 현상을 찾아 에너지의 흡수 방출이 우리 생활에 어떻게 이용되는지 토의할 수 있다.,CON:quimica/reacciones-exotermicas-y-endotermicas CON:quimica/cambios-fisicos-y-quimicos,"extracción parcial: Combina el objetivo con su explicación, agregando la restricción sobre entalpía y ecuaciones termoquímicas.",,
KR-TYE-kr_jigu-p150-01,KR,kr_jigu,150,지구과학 (Ciencias de la Tierra),especializacion,"Comprender la interrelación entre la ciencia, la tecnología y la sociedad, y desarrollar la capacidad de participar y actuar como ciudadano democrático.",과학과 기술 및 사회의 상호 관계를 이해하고 이를 바탕으로 민주 시민으로서 참여하고 실천하는 능력을 기른다.,,"etiqueta de confianza baja: Enunciado muy general sobre la naturaleza de la ciencia, no sobre un contenido específico.",,
KR-TYE-kr_jigu-p150-02,KR,kr_jigu,150,지구과학 (Ciencias de la Tierra),especializacion,Comprender los conceptos clave de las ciencias de la Tierra mediante la indagación científica de los fenómenos relacionados con la Tierra y el universo.,지구와 우주 관련 현상을 과학적으로 탐구하여 지구과학의 핵심 개념을 이해한다.,,etiqueta de confianza baja: Enunciado general que introduce la indagación científica en ciencias de la Tierra sin especificar conceptos.,,
KR-TYE-kr_jigu-p150-03,KR,kr_jigu,150,지구과학 (Ciencias de la Tierra),especializacion,Explorar soluciones a problemas relacionados con las ciencias de la Tierra y desarrollar la capacidad de investigar científicamente utilizando métodos de indagación.,과학의 탐구 방법을 활용하여 지구과학 관련 문제의 해결방안을 탐색하고 과학적으로 탐구하는 능력을 기른다.,,"etiqueta de confianza baja: Objetivo general centrado en la resolución de problemas y la indagación, sin contenido concreto.",,
KR-TYE-kr_jigu-p150-04,KR,kr_jigu,150,지구과학 (Ciencias de la Tierra),especializacion,"Reconocer problemas cotidianos relacionados con las ciencias de la Tierra y resolverlos científicamente, basándose en el interés y la curiosidad por la Tierra y el universo.",지구와 우주에 대한 과학적 흥미와 호기심을 바탕으로 지구과학 관련 일상생활 문제를 인식하고 이를 과학적으로 해결하려는,,"extracción parcial: El objetivo es cultivar la actitud de resolver problemas, no necesariamente resolverlos en sí. | etiqueta de confianza baja: Enunciado de propósito general sobre la aplicación de la ciencia a problemas cotidianos.",,
KR-TYE-kr_jigu-p152-09,KR,kr_jigu,152,지구과학 (Ciencias de la Tierra),especializacion,"Predecir el tiempo bajo influencia de tifones y proponer mecanismos de generación y medidas de respuesta ante clima severo como tormentas, lluvias intensas, nevadas y vientos.","[12지구01-04] 태풍의 발생, 이동, 소멸 과정 및 태풍 영향권에서 날씨를 예측하고, 뇌우, 집중호우",CON:ciencias_tierra_espacio/ciclones-tropicales-y-tormentas CON:ciencias_tierra_espacio/amenazas-naturales CON:ciencias_tierra_espacio/riesgo-y-vulnerabilidad,extracción parcial: Omite el 'polvo amarillo' (황사) de la lista de fenómenos de clima severo.,,
KR-TYE-kr_jigu-p153-08,KR,kr_jigu,153,지구과학 (Ciencias de la Tierra),especializacion,"Investigar propiedades del agua de mar y predecir cambios climáticos utilizando datos de observación a gran escala, como imágenes satelitales y mapas meteorológicos.","인공위성 자료를 이용한 해수의 성질 조사, 일기도나 위성 영상 등을 이용하여 날씨 변화 예상",CON:ciencias_tierra_espacio/causas-del-cambio-climatico CON:ciencias_tierra_espacio/propiedades-del-agua-de-mar CON:ciencias_tierra_espacio/exploracion-espacial CON:ciencias_tierra_espacio/interaccion-oceano-atmosfera CON:ciencias_tierra_espacio/tiempo-atmosferico,"extracción parcial: El documento menciona predecir cambios de 'tiempo' (날씨), no de 'clima'.",,
KR-TYE-kr_jigu-p154-05,KR,kr_jigu,154,지구과학 (Ciencias de la Tierra),especializacion,"Comprender el principio de uniformitarismo como base de la geología histórica, antes de estudiar sus leyes específicas.",지사학의 법칙들을 다루기 전에 지사학의 기본 원리인 동일과정의 원리에 대해 다룬다.,CON:ciencias_tierra_espacio/tiempo-geologico CON:ciencias_tierra_espacio/ciclo-de-las-rocas CON:ciencias_tierra_espacio/registro-fosil-y-cambios-ambientales,extracción parcial: agregado por el validador (completitud),,
KR-TYE-kr_jigu-p154-06,KR,kr_jigu,154,지구과학 (Ciencias de la Tierra),especializacion,"Explicar el proceso de formación y las características de diversas estructuras geológicas en rocas sedimentarias, ígneas y metamórficas.",암석에서 나타나는 다양한 지질 구조...의 생성 과정과 특징을 함께 다룬다.,CON:ciencias_tierra_espacio/tipos-de-rocas CON:ciencias_tierra_espacio/ciclo-de-las-rocas,extracción parcial: agregado por el validador (completitud),,
KR-TYE-kr_jigu-p155-06,KR,kr_jigu,155,지구과학 (Ciencias de la Tierra),especializacion,Comprender la expansión del universo con la ley de Hubble-Lemaître y comparar el significado de varios sistemas explicativos sobre la evolución del universo.,허블-르메트르 법칙으로 우주의 팽창을 이해하고 우주의 진화에 대한,CON:ciencias_tierra_espacio/big-bang CON:ciencias_tierra_espacio/galaxias,extracción parcial: Omite el matiz de comparar 'desde la perspectiva de la cosmología moderna'.,,
KR-TYE-kr_jigu-p157-02,KR,kr_jigu,157,지구과학 (Ciencias de la Tierra),especializacion,Desarrollar habilidades de pensamiento y comunicación científica mediante la escritura y el debate sobre temas científicos y cuestiones sociales relacionadas.,과학 및 과학과 관련된 사회적 쟁점을 주제로 과학 글쓰기와 토론을 실시,,"etiqueta de confianza baja: Enunciado general sobre habilidades de comunicación y debate, sin contenido científico específico.",,
KR-TYE-kr_jigu-p157-03,KR,kr_jigu,157,지구과학 (Ciencias de la Tierra),especializacion,"Expresar opiniones claramente, respetar las de otros y comunicarse basándose en evidencia científica durante el proceso de indagación.","자신의 의견을 명확히 표현하고 다른 사람의 의견을 존중하는 태도를 가지며, 과학적인 근거에 기초하여 의사소통",,"etiqueta de confianza baja: Enunciado general sobre comunicación basada en evidencia, sin contenido temático concreto.",,
KR-TYE-kr_jigu-p157-04,KR,kr_jigu,157,지구과학 (Ciencias de la Tierra),especializacion,Reconocer la importancia de la cooperación mutua al resolver tareas mediante la colaboración con los compañeros durante las actividades de indagación.,동료들과의 협업을 통해 과제를 해결하는 과정에서 상호 협력이 중요함을 인식,,"etiqueta de confianza baja: Enunciado centrado en la colaboración y el trabajo en equipo, no en conceptos.",,
KR-TYE-kr_jigu-p157-05,KR,kr_jigu,157,지구과학 (Ciencias de la Tierra),especializacion,"Diseñar una ruta de cursos de ciencias considerando la propia carrera, vinculando materias optativas y la educación profesional.","학생이 스스로 진로를 고려하여 과학 과목 이수 경로를 설계할 수 있도록 하고, 선택과목 간 교육내용 연계 및 진로연계교육을",,"extracción parcial: agregado por el validador (completitud) | etiqueta de confianza baja: Se refiere a la planificación de la carrera y la elección de cursos, no a contenido.",,
KR-TYE-kr_jigu-p158-01,KR,kr_jigu,158,지구과학 (Ciencias de la Tierra),especializacion,"Utilizar activamente recursos educativos científicos locales como el entorno natural, museos y centros de ciencia, considerando las características de la región.","학교의 지역적 특성을 고려하여 지역의 자연 환경, 지역 명소, 박물관, 과학관 등 지역별 과학 교육 자원을 적극적으로 활용한다",,"extracción parcial: agregado por el validador (completitud) | etiqueta de confianza baja: Describe un enfoque pedagógico (uso de recursos locales), no un contenido científico específico.",,
KR-TYE-kr_jigu-p158-05,KR,kr_jigu,158,지구과학 (Ciencias de la Tierra),especializacion,Reconocer el valor y el potencial de la ciencia y tecnología avanzadas en la vida moderna a través de materiales relacionados con el contenido de aprendizaje.,현대 생활에서 첨단 과학이 갖는 가치와 잠재력을 인식하도록 지도한다.,,etiqueta de confianza baja: Enunciado actitudinal muy general sobre el valor de la ciencia y la tecnología.,,
KR-TYE-kr_jigu-p158-06,KR,kr_jigu,158,지구과학 (Ciencias de la Tierra),especializacion,Desechar los residuos generados después de los experimentos de acuerdo con los procedimientos legales para no contaminar el medio ambiente.,실험 후 발생하는 폐기물은 적법한 절차에 따라 처리하여 환경을 오염시키지 않도록 유의한다,CON:ciencias_tierra_espacio/conservacion-de-recursos-y-residuos,extracción parcial: agregado por el validador (completitud),,
KR-TYE-kr_jigu-p158-07,KR,kr_jigu,158,지구과학 (Ciencias de la Tierra),especializacion,"Realizar actividades seguras durante la exploración al aire libre y el aprendizaje de campo, mediante visitas preliminares o investigación de materiales relacionados.",야외 탐구 활동 및 현장 학습 시에는 사전 답사를 하거나 관련 자료를 조사하여 안전한 활동을 실행한다,,extracción parcial: agregado por el validador (completitud),,
KR-TYE-kr_jinro_tye-p236-01,KR,kr_jinro_tye,236,지구시스템과학 · 행성우주과학 (Tierra y Espacio de profundización),especializacion,"Comprender la interrelación entre ciencia, tecnología y sociedad, y desarrollar la capacidad de participar y actuar como ciudadano democrático.",과학과 기술 및 사회의 상호 관계를 이해하고 이를 바탕으로 민주 시민으로서 참여하고 실천하는,,"etiqueta de confianza baja: Enunciado muy general sobre la relación CTS y ciudadanía, sin contenido específico.",,
KR-TYE-kr_jinro_tye-p236-04,KR,kr_jinro_tye,236,지구시스템과학 · 행성우주과학 (Tierra y Espacio de profundización),especializacion,"Reconocer problemas de la vida diaria relacionados con las ciencias de la Tierra y resolverlos científicamente, basándose en el interés y la curiosidad.",지구과학 관련 일상생활 문제를 인식하고 이를 과학적으로 해결하려는 태도를 기른다.,,"etiqueta de confianza baja: Enunciado general sobre la aplicación de la ciencia a problemas cotidianos, sin especificar temas.",,
KR-TYE-kr_jinro_tye-p237-05,KR,kr_jinro_tye,237,지구시스템과학 · 행성우주과학 (Tierra y Espacio de profundización),especializacion,"Investigar, recopilar e interpretar información utilizando diversas herramientas.",다양한 도구를 활용하여 정보를 조사⋅수집⋅해석하기,,etiqueta de confianza baja: Describe la práctica general de buscar e interpretar información de diversas fuentes.,,
KR-TYE-kr_jinro_tye-p237-06,KR,kr_jinro_tye,237,지구시스템과학 · 행성우주과학 (Tierra y Espacio de profundización),especializacion,Reconocer problemas y formular hipótesis en fenómenos relacionados con la Tierra y el espacio.,지구와 우주 관련 현상에서 문제를 인식하고 가설을 설정하기,,"etiqueta de confianza baja: Enunciado puramente metodológico, no enseña un concepto de contenido específico del dominio terrestre.",,
KR-TYE-kr_jinro_tye-p237-07,KR,kr_jinro_tye,237,지구시스템과학 · 행성우주과학 (Tierra y Espacio de profundización),especializacion,Sacar conclusiones y aplicarlas o explicarlas en fenómenos naturales y situaciones de problemas interdisciplinarios.,결론을 도출하고 자연 현상 및 융복합 문제 상황에 적용⋅설명하기,,etiqueta de confianza baja: Enunciado metodológico muy general que no se enfoca en un contenido conceptual concreto.,,
KR-TYE-kr_jinro_tye-p238-04,KR,kr_jinro_tye,238,지구시스템과학 · 행성우주과학 (Tierra y Espacio de profundización),especializacion,"Distinguir el movimiento de placas por convección del manto superior del movimiento tectónico por plumas, comprendiendo el movimiento activo de las placas.",판을 움직이는 맨틀의 상부 운동과 플룸에 의한 구조 운동을 구분할 수 있다.,CON:ciencias_tierra_espacio/conveccion-del-manto-y-energia-interna CON:ciencias_tierra_espacio/tectonica-de-placas CON:ciencias_tierra_espacio/origen-del-vulcanismo,extracción parcial: Omite el contexto del desarrollo de la tectónica y agrega detalles de la explicación.,,
KR-TYE-kr_jinro_tye-p238-06,KR,kr_jinro_tye,238,지구시스템과학 · 행성우주과학 (Tierra y Espacio de profundización),especializacion,"Inferir la formación de las esferas del sistema terrestre (atmósfera, océano primitivo, vida), incluyendo la formación física del sistema solar y el océano de magma.",지구시스템 각 권역의 형성 과정을 추론할 수 있다.,CON:ciencias_tierra_espacio/formacion-de-la-tierra CON:ciencias_tierra_espacio/sistemas-terrestres CON:ciencias_tierra_espacio/formacion-del-sistema-solar,"extracción parcial: Agrega detalles de la sección de explicación (sistema solar, océano de magma) al objetivo.",,
KR-TYE-kr_jinro_tye-p238-09,KR,kr_jinro_tye,238,지구시스템과학 · 행성우주과학 (Tierra y Espacio de profundización),especializacion,"Rastrear cambios en geosfera, hidrosfera y atmósfera mediante ciclos de agua, carbono y oxígeno, abordando la coevolución de la vida y el planeta.","물, 탄소, 산소의 순환 과정을 통해 지권, 수권, 기권이 변화해 왔음을 추적할 수 있다.",CON:ciencias_tierra_espacio/ciclo-del-carbono CON:ciencias_tierra_espacio/sistemas-terrestres CON:ciencias_tierra_espacio/ciclo-del-agua,extracción parcial: Agrega el concepto de 'coevolución de la vida y el planeta' de la explicación.,,
KR-TYE-kr_jinro_tye-p239-05,KR,kr_jinro_tye,239,지구시스템과학 · 행성우주과학 (Tierra y Espacio de profundización),especializacion,"Clasificar volcanes en escudo y estratovolcanes según las propiedades del magma, y describir cómo varían los materiales eyectados.","마그마의 특성에 따라 순상화산과 성층화산으로 화산체의 형태를 분류하며, 분출되는 물질의 종류가 달라짐을 다룬다.",CON:ciencias_tierra_espacio/volcanes-estructura-y-tipos,extracción parcial: agregado por el validador (completitud),,
KR-TYE-kr_jinro_tye-p239-06,KR,kr_jinro_tye,239,지구시스템과학 · 행성우주과학 (Tierra y Espacio de profundización),especializacion,Describir la estructura interna de la Tierra utilizando los resultados de la tomografía de ondas sísmicas.,지진파 단층 촬영 결과를 이용하여 알아낸 지구 내부구조를 함께 다룬다.,CON:ciencias_tierra_espacio/capas-internas-de-la-tierra CON:ciencias_tierra_espacio/ondas-sismicas,extracción parcial: agregado por el validador (completitud),,
KR-TYE-kr_jinro_tye-p240-03,KR,kr_jinro_tye,240,지구시스템과학 · 행성우주과학 (Tierra y Espacio de profundización),especializacion,"Comprender la relación entre la distribución vertical de temperatura y la estabilidad atmosférica, y analizar la formación de nubes y precipitación por cambios adiabáticos.","기온의 연직 분포와 대기의 안정도와의 관계를 이해하고, 단열변화를 통해 안개나 구름이 생성되는 과정",CON:ciencias_tierra_espacio/capas-de-la-atmosfera CON:ciencias_tierra_espacio/nubes-y-precipitacion,extracción parcial: Omite que el objetivo también incluye el análisis de la formación de niebla (안개).,,
KR-TYE-kr_jinro_tye-p243-06,KR,kr_jinro_tye,243,지구시스템과학 · 행성우주과학 (Tierra y Espacio de profundización),especializacion,"Utilizar modelos, materiales audiovisuales, RV/RA, software y otras TIC en experimentos para facilitar la comprensión y el interés.","모형이나 시청각 자료, 가상 현실이나 증강 현실 자료, 소프트웨어... 실험과 탐구에 적절히 활용한다.",,extracción parcial: agregado por el validador (completitud),,
KR-TYE-kr_jinro_tye-p244-02,KR,kr_jinro_tye,244,지구시스템과학 · 행성우주과학 (Tierra y Espacio de profundización),especializacion,Reconocer el valor y el potencial que tiene la ciencia y la tecnología avanzadas en la vida moderna.,현대 생활에서 첨단 과학이 갖는 가치와 잠재력을 인식하도록 지도한다.,,etiqueta de confianza baja: Enunciado muy general y actitudinal sobre la valoración de la ciencia y la tecnología.,,
KR-TYE-kr_jinro_tye-p248-02,KR,kr_jinro_tye,248,지구시스템과학 · 행성우주과학 (Tierra y Espacio de profundización),especializacion,"Comprender los conceptos clave de la ciencia planetaria y espacial mediante la exploración científica del sistema solar, las estrellas y el universo.","태양계, 별, 우주를 과학적으로 탐구하여 행성우주과학의 핵심개념을 이해한다.",CON:ciencias_tierra_espacio/estrellas-y-nebulosas CON:ciencias_tierra_espacio/sistema-solar CON:ciencias_tierra_espacio/big-bang CON:ciencias_tierra_espacio/exploracion-espacial CON:ciencias_tierra_espacio/galaxias,"etiqueta de confianza baja: Enunciado muy general que abarca toda la astronomía, desde el sistema solar al universo.",,
KR-TYE-kr_jinro_tye-p248-03,KR,kr_jinro_tye,248,지구시스템과학 · 행성우주과학 (Tierra y Espacio de profundización),especializacion,Reconocer los problemas relacionados con la ciencia planetaria y espacial que enfrenta la humanidad y cultivar una actitud para resolverlos científicamente.,인류가 직면한 행성우주과학 관련 문제를 인식하고 이를 과학적으로 해결하려는 태도를 기른다.,CON:ciencias_tierra_espacio/exploracion-espacial CON:ciencias_tierra_espacio/amenazas-naturales,extracción parcial: Omite la condición inicial de basarse en el interés y la curiosidad científica.,,
KR-TYE-kr_jinro_tye-p250-01,KR,kr_jinro_tye,250,지구시스템과학 · 행성우주과학 (Tierra y Espacio de profundización),especializacion,"Comprender la exploración exoplanetaria y argumentar sobre las condiciones para la vida, explicando que la zona habitable depende de la temperatura estelar y permite agua líquida.",[12행우01-05] 외계 행성계 탐사의 원리를 이해하고,CON:ciencias_tierra_espacio/estrellas-y-nebulosas CON:ciencias_tierra_espacio/exploracion-espacial,"extracción parcial: Agrega detalles sobre la zona habitable (temperatura estelar, agua líquida) del comentario.",,
KR-TYE-kr_jinro_tye-p250-02,KR,kr_jinro_tye,250,지구시스템과학 · 행성우주과학 (Tierra y Espacio de profundización),especializacion,"Comprender los logros de las sondas espaciales y debatir la necesidad de la exploración con satélites, incluyendo los planes de desarrollo espacial de Corea.",[12행우01-01] 태양계 탐사선의 활동을 통해 알아낸 성과를 이해하고,CON:ciencias_tierra_espacio/exploracion-espacial,"extracción parcial: Agrega los planes de desarrollo espacial de Corea, que provienen del comentario, no del objetivo.",,
KR-TYE-kr_jinro_tye-p250-03,KR,kr_jinro_tye,250,지구시스템과학 · 행성우주과학 (Tierra y Espacio de profundización),especializacion,Comprender que la gravedad solar domina el sistema solar y explicar el movimiento de sus cuerpos celestes aplicando el significado físico de las tres leyes de Kepler.,[12행우01-03] 태양계를 지배하는 힘이 태양의 중력임을 이해하고,CON:ciencias_tierra_espacio/gravedad-y-orbitas CON:ciencias_tierra_espacio/sistema-solar,"extracción parcial: Agrega el detalle del ""significado físico"" de las leyes, que proviene del comentario.",,
KR-TYE-kr_jinro_tye-p250-04,KR,kr_jinro_tye,250,지구시스템과학 · 행성우주과학 (Tierra y Espacio de profundización),especializacion,"Distinguir planetas y cuerpos menores (planetas enanos, asteroides, cometas, meteoritos) e inferir sus características mediante datos de exploración, clasificándolos en cuerpos primitivos o diferenciados.",[12행우01-04] 행성과 소천체의 정의를 구분하여 이해하고,CON:ciencias_tierra_espacio/planetas-y-su-comparacion CON:ciencias_tierra_espacio/satelites-asteroides-y-cometas CON:ciencias_tierra_espacio/exploracion-espacial CON:ciencias_tierra_espacio/sistema-solar,extracción parcial: Agrega la lista de cuerpos menores y la clasificación (primitivos/diferenciados) del comentario.,,
KR-TYE-kr_jinro_tye-p250-08,KR,kr_jinro_tye,250,지구시스템과학 · 행성우주과학 (Tierra y Espacio de profundización),especializacion,"Reconocer la importancia de las tecnologías de vigilancia de riesgos espaciales (clima espacial, impactos, basura espacial) y sistemas de monitoreo solar ante desastres espaciales.",[12행우01-02] 태양 활동 감시 시스템과 지구 접근 천체를 비롯한,CON:ciencias_tierra_espacio/exploracion-espacial CON:ciencias_tierra_espacio/glaciaciones,"extracción parcial: Agrega ejemplos (clima espacial, impactos, basura espacial) que provienen del comentario, no del objetivo.",,
KR-TYE-kr_jinro_tye-p255-05,KR,kr_jinro_tye,255,지구시스템과학 · 행성우주과학 (Tierra y Espacio de profundización),especializacion,Reconocer la importancia de la cooperación mutua al resolver problemas mediante la colaboración con compañeros.,동료들과의 협업을 통해 과제를 해결하는 과정에서 상호 협력이 중요함을 인식하도록 지도한다.,,extracción parcial: agregado por el validador (completitud),,
KR-TYE-kr_jinro_tye-p255-06,KR,kr_jinro_tye,255,지구시스템과학 · 행성우주과학 (Tierra y Espacio de profundización),especializacion,"Utilizar modelos, materiales audiovisuales, RV/RA, software y otras tecnologías de la información en experimentos e indagaciones.","모형이나 시청각 자료, 가상 현실이나 증강 현실 자료, 소프트웨어... 등을 실험과 탐구에 적절히 활용한다.",,extracción parcial: agregado por el validador (completitud),,
KR-TYE-kr_jinro_tye-p256-04,KR,kr_jinro_tye,256,지구시스템과학 · 행성우주과학 (Tierra y Espacio de profundización),especializacion,"Realizar actividades seguras durante la indagación al aire libre y las excursiones, investigando previamente la información relevante.",야외 탐구 활동 및 현장 학습 시에는 사전 답사를 실시하거나 관련 자료를 조사하여 안전한 활동을 실행한다.,,extracción parcial: agregado por el validador (completitud),,
KR-TYE-kr_jinro_tye-p256-05,KR,kr_jinro_tye,256,지구시스템과학 · 행성우주과학 (Tierra y Espacio de profundización),especializacion,"Utilizar activamente recursos educativos científicos locales, como el entorno natural, museos y centros de ciencia.","지역의 자연 환경, 지역 명소, 박물관, 과학관 등 지역별 과학 교육 자원을 적극적으로 활용한다.",,extracción parcial: agregado por el validador (completitud),,
KR-TYE-kr_jung-p046-01,KR,kr_jung,46,"중학교 과학 1~3학년군 (Ciencias, secundaria baja)",nucleo,"Debatir la importancia de la ciencia y tecnología para la sostenibilidad humana, y buscar y aplicar planes de acción a nivel individual y social.","[9과01-03] 인류의 지속가능한 삶을 위한 과학기술의 중요성과 역할에 대해 토의하고, 개인과 사회 차원의 활동 방안을 찾아 실천할 수 있다.",CON:ciencias_tierra_espacio/conservacion-de-recursos-y-residuos CON:ciencias_tierra_espacio/impacto-ambiental-de-actividades-humanas,"etiqueta de confianza baja: Enunciado muy general sobre sostenibilidad y acción social, no un concepto científico específico.",,
KR-TYE-kr_jung-p052-01,KR,kr_jung,52,"중학교 과학 1~3학년군 (Ciencias, secundaria baja)",nucleo,"Comprender el movimiento aparente de los astros por la rotación terrestre y los cambios de constelaciones por la traslación, mostrando curiosidad.",지구 자전에 의한 천체의 겉보기 운동과 지구 공전에 의한 별자리 변화를 이해하고,CON:ciencias_tierra_espacio/rotacion-dia-y-noche CON:ciencias_tierra_espacio/traslacion-y-ano CON:ciencias_tierra_espacio/estrellas-y-nebulosas,extracción parcial: La paráfrasis omite la parte final del objetivo: «mostrando curiosidad por los cuerpos celestes».,,
KR-TYE-kr_jung-p054-09,KR,kr_jung,54,"중학교 과학 1~3학년군 (Ciencias, secundaria baja)",nucleo,"Investigar ejemplos de uso de minerales y rocas, y discutir su valor como recursos finitos.","광물과 암석이 다양하게 활용되는 예를 조사하고, 이를 통해 광물과 암석이 유한한 자원임을 인식시켜 그 가치에 대해 토의해볼 수 있다.",CON:ciencias_tierra_espacio/recursos-minerales-y-mineria CON:ciencias_tierra_espacio/recursos-renovables-y-no-renovables,extracción parcial: agregado por el validador (completitud),,
KR-TYE-kr_jung-p055-01,KR,kr_jung,55,"중학교 과학 1~3학년군 (Ciencias, secundaria baja)",nucleo,"Inferir la distribución de cinturones sísmicos y volcánicos en relación con los límites de placas usando macrodatos y RA, e investigar y presentar sobre sismos y volcanes recientes.","빅데이터 및 증강 현실을 활용하여 지진대와 화산대의 분포를 판의 경계와 관련지어 추론할 수 있으며, 최근 발생한 지진과 화산에 대해 조사·발표하도록 지도할 수 있다.",CON:ciencias_tierra_espacio/tectonica-de-placas CON:ciencias_tierra_espacio/limites-de-placas CON:ciencias_tierra_espacio/sismos CON:ciencias_tierra_espacio/volcanes-estructura-y-tipos,extracción parcial: agregado por el validador (completitud),,
KR-TYE-kr_jung-p059-02,KR,kr_jung,59,"중학교 과학 1~3학년군 (Ciencias, secundaria baja)",nucleo,"Calcular la distancia estelar usando paralaje anual y explicar la relación entre magnitud y brillo, y temperatura y color.","[9과15-01] 연주시차를 이용하여 별까지의 거리를 구할 수 있고, 별의 등급과 밝기의 관계 및 표면 온도와",CON:ciencias_tierra_espacio/estrellas-y-nebulosas CON:ciencias_tierra_espacio/traslacion-y-ano,"extracción parcial: Usa ""calcular"", pero el documento especifica no introducir fórmulas para hallar la distancia.",,
KR-TYE-kr_jung-p061-03,KR,kr_jung,61,"중학교 과학 1~3학년군 (Ciencias, secundaria baja)",nucleo,Dividir la atmósfera terrestre en cuatro zonas y explicar el efecto invernadero y el calentamiento global desde la perspectiva del equilibrio radiativo.,[9과17-01] 지구 대기권을 4개 권역으로 구분하며,CON:ciencias_tierra_espacio/calentamiento-global CON:ciencias_tierra_espacio/capas-de-la-atmosfera CON:ciencias_tierra_espacio/efecto-invernadero CON:ciencias_tierra_espacio/radiacion-solar-y-balance-energetico,"etiqueta de confianza baja: Mezcla tres temas importantes: capas atmosféricas, efecto invernadero y calentamiento global.",,
KR-TYE-kr_jung-p062-03,KR,kr_jung,62,"중학교 과학 1~3학년군 (Ciencias, secundaria baja)",nucleo,"Investigar la distribución y uso de agua de mar, dulce y glaciares, y debatir el valor del agua como recurso, incluyendo aguas subterráneas y uso sostenible.","[9과18-01] 수권에서 해수, 담수, 빙하의 분포와 활용 사례를 조사하고",CON:ciencias_tierra_espacio/hidrosfera-distribucion-del-agua CON:ciencias_tierra_espacio/aguas-subterraneas-y-acuiferos CON:ciencias_tierra_espacio/conservacion-del-agua CON:ciencias_tierra_espacio/recursos-renovables-y-no-renovables,"etiqueta de confianza baja: Enunciado muy amplio que abarca distribución, uso, sostenibilidad y valor de recursos hídricos.",,
KR-TYE-kr_jung-p066-03,KR,kr_jung,66,"중학교 과학 1~3학년군 (Ciencias, secundaria baja)",nucleo,"Investigar casos de desastres (enfermedades, derrames químicos, sismos, volcanes, etc.) y analizar científicamente sus causas y los daños que provocan.","재해⋅재난 사례와 관련된 자료를 조사하고, 그 발생 원인과 피해에 대해",CON:ciencias_tierra_espacio/amenazas-naturales CON:ciencias_tierra_espacio/sismos CON:ciencias_tierra_espacio/volcanes-estructura-y-tipos,"etiqueta de confianza baja: Mezcla desastres geológicos con desastres tecnológicos y biológicos, excediendo el ámbito del catálogo.",,
KR-TYE-kr_tamgu-p107-01,KR,kr_tamgu,107,과학탐구실험1·2 (Experimentos de indagación),nucleo,"Realizar actividades de indagación y aprendizaje de campo de forma segura, investigando previamente el lugar o materiales relacionados.",야외 탐구 활동 및 현장 학습 시에는 사전 답사를 실시하거나 관련 자료를 조사하여 안전한 활동을 실행한다,,extracción parcial: agregado por el validador (completitud),,
KR-TYE-kr_tonghap-p082-01,KR,kr_tonghap,82,통합과학1·2 (Ciencia Integrada),nucleo,Identificar la regularidad de los materiales que componen la corteza terrestre y los seres vivos.,지각과 생명체 구성 물질의 규칙성,CON:ciencias_tierra_espacio/minerales-y-sus-propiedades,"extracción parcial: El objetivo añade un verbo, convirtiendo una lista de temas en una acción de aprendizaje. | etiqueta de confianza baja: Enunciado muy vago que conecta la composición de la corteza y los seres vivos.",,
KR-TYE-kr_tonghap-p085-02,KR,kr_tonghap,85,통합과학1·2 (Ciencia Integrada),nucleo,"Comparar los componentes de la Tierra y los seres vivos, e investigar el origen de estos componentes a través de la historia del universo y la Tierra.","지구와 생명체의 구성 성분을 비교하여, 우주와 지구 역사를 통한 구성 성분의 유래 탐구하기",CON:ciencias_tierra_espacio/formacion-de-la-tierra CON:ciencias_tierra_espacio/big-bang CON:ciencias_tierra_espacio/evolucion-estelar,"extracción parcial: El texto es una actividad de indagación (<탐구 활동>), no un estándar de logro formal. | etiqueta de confianza baja: Enunciado muy amplio que conecta la composición de la Tierra con la historia cósmica.",,
KR-TYE-kr_tonghap-p085-03,KR,kr_tonghap,85,통합과학1·2 (Ciencia Integrada),nucleo,"Comprender que el hidrógeno y el helio, formados en la evolución temprana del universo, son los principales elementos constituyentes del universo actual, comparando espectros.",우주 진화 초기에 만들어진 수소와 헬륨이 현재 우주의 주요 구성 원소임을 파악하게 한다.,CON:ciencias_tierra_espacio/big-bang,"extracción parcial: El texto es una explicación de un estándar de logro, no el estándar en sí.",,
KR-TYE-kr_tonghap-p085-05,KR,kr_tonghap,85,통합과학1·2 (Ciencia Integrada),nucleo,"Tratar cualitativamente la creación de carbono, nitrógeno y oxígeno por fusión nuclear estelar, y la formación de elementos más pesados que el hierro por supernovas.","별 내부의 핵융합을 통해 탄소, 질소, 산소가 생성되는 것을 정성적으로 다루고, 초신성 폭발의 결과로",CON:ciencias_tierra_espacio/evolucion-estelar,"extracción parcial: El texto es una explicación de un estándar de logro, no el estándar en sí.",,
KR-TYE-kr_tonghap-p086-02,KR,kr_tonghap,86,통합과학1·2 (Ciencia Integrada),nucleo,Investigar los tipos de daños ambientales y socioeconómicos por erupciones volcánicas y establecer medidas para reducirlos desde la perspectiva de los sistemas terrestre y biológico.,"화산 분출로 인한 환경⋅사회경제적 피해의 종류를 조사하고, 지구와 생명 시스템 측면에서 피해를 줄이기 위한 대책",CON:ciencias_tierra_espacio/riesgo-y-vulnerabilidad CON:ciencias_tierra_espacio/amenazas-naturales CON:ciencias_tierra_espacio/sistemas-terrestres,"extracción parcial: El texto es una actividad de indagación (<탐구 활동>), no un estándar de logro formal.",,
ON-BIO-on_sbi3u-p048-01,ON,on_sbi3u,48,"Biology, Grade 11 (SBI3U)",especializacion,El desarrollo y uso de tecnología para mantener la salud humana se basan en las necesidades cambiantes de la sociedad.,The development and uses of technology to maintain,CON:biologia/habitos-de-vida-saludable,"etiqueta de confianza baja: Enunciado muy general sobre tecnología y sociedad, sin conceptos biológicos específicos.",,
ON-BIO-on_sbi3u-p048-10,ON,on_sbi3u,48,"Biology, Grade 11 (SBI3U)",especializacion,La investigación genética y genómica puede tener implicaciones sociales y ambientales.,Genetic and genomic research can have social and,CON:biologia/genomica-y-perfiles-de-adn CON:biologia/genetica-humana-y-enfermedades-hereditarias,"etiqueta de confianza baja: Enunciado muy amplio sobre las implicaciones sociales de la genómica, sin especificar conceptos.",,
ON-BIO-on_sbi3u-p053-04,ON,on_sbi3u,53,"Biology, Grade 11 (SBI3U)",especializacion,"Explicar los cambios estructurales y funcionales clave en los organismos a medida que han evolucionado con el tiempo, como la evolución de eucariotas desde procariotas.",explain key structural and functional changes in organisms as they have evolved,CON:biologia/historia-de-la-vida-en-la-tierra CON:biologia/celula-procariota-y-eucariota CON:biologia/evidencias-de-la-evolucion,extracción parcial: La paráfrasis omite uno de los ejemplos: la evolución de plantas desde organismos unicelulares.,,
ON-BIO-on_sbi3u-p054-03,ON,on_sbi3u,54,"Biology, Grade 11 (SBI3U)",especializacion,"Usar terminología apropiada relacionada con la evolución, incluyendo extinción, selección natural, filogenia, especiación, nicho, mutación, mimetismo, adaptación y supervivencia.","use appropriate terminology related to evolution, including, but not limited to: extinction, natural selection",CON:biologia/especiacion-y-macroevolucion CON:biologia/seleccion-natural CON:biologia/extincion-de-especies CON:biologia/filogenia-y-parentesco-evolutivo CON:biologia/nicho-ecologico,"extracción parcial: Omite 'del más apto' al traducir 'survival of the fittest', perdiendo un matiz importante. | etiqueta de confianza baja: Es una lista extensa de terminología clave de evolución, lo que diluye el foco.",,
ON-BIO-on_sbi3u-p054-04,ON,on_sbi3u,54,"Biology, Grade 11 (SBI3U)",especializacion,"Utilizar un proceso de investigación para indagar sobre algunos de los factores clave que afectan el proceso evolutivo, como mutaciones genéticas y presiones selectivas.",use a research process to investigate some of the key factors that affect the evolutionary process,CON:biologia/mecanismos-de-microevolucion CON:biologia/seleccion-natural CON:biologia/mutaciones,extracción parcial: Omite el ejemplo 'environmental stresses' (estreses ambientales) de la lista de factores clave.,,
ON-BIO-on_sbi3u-p055-03,ON,on_sbi3u,55,"Biology, Grade 11 (SBI3U)",especializacion,"Describir mecanismos evolutivos (selección natural, deriva genética, etc.) y explicar cómo afectan el desarrollo evolutivo y la extinción de diversas especies.",describe some evolutionary mechanisms... and explain how they affect the evolutionary development,CON:biologia/mecanismos-de-microevolucion CON:biologia/extincion-de-especies CON:biologia/seleccion-natural,"extracción parcial: Omite varios ejemplos de mecanismos evolutivos mencionados en el texto original, como la biotecnología.",,
ON-BIO-on_sbi3u-p055-04,ON,on_sbi3u,55,"Biology, Grade 11 (SBI3U)",especializacion,"Explicar el proceso de adaptación de los organismos individuales a su entorno, como la resistencia a los antibióticos en poblaciones bacterianas debido a variaciones genéticas.",explain the process of adaptation of individual organisms to their environment,CON:biologia/resistencia-a-antibioticos CON:biologia/seleccion-natural CON:biologia/mecanismos-de-microevolucion CON:biologia/variacion-genetica,extracción parcial: Simplifica en exceso el ejemplo detallado sobre la resistencia a los antibióticos en bacterias.,,
ON-BIO-on_sbi3u-p056-04,ON,on_sbi3u,56,"Biology, Grade 11 (SBI3U)",especializacion,"Utilizar la terminología adecuada relacionada con los procesos genéticos, incluyendo términos como haploide, diploide, gameto, cigoto, heterocigoto, homocigoto, alelo, plásmido y célula somática.","use appropriate terminology related to genetic processes, including, but not limited to: haploid, diploid, spindle, synapsis",CON:biologia/genes-y-alelos CON:biologia/genotipo-y-fenotipo CON:biologia/fecundacion-y-desarrollo-embrionario CON:biologia/ingenieria-genetica CON:biologia/meiosis,"extracción parcial: Omite varios términos de la lista de ejemplos, como 'spindle', 'synapsis' y 'trisomy'. | etiqueta de confianza baja: Se enfoca en el uso de vocabulario de múltiples temas de genética y biología celular.",,
ON-BIO-on_sbi3u-p057-01,ON,on_sbi3u,57,"Biology, Grade 11 (SBI3U)",especializacion,"Describir tecnologías reproductivas (clonación, inseminación artificial, fecundación in vitro, ADN recombinante) y explicar cómo su uso puede aumentar la diversidad genética de una especie.","describe some reproductive technologies (e.g., cloning, artificial insemination, in vitro fertilization, recombinant DNA), and explain how",CON:biologia/ingenieria-genetica CON:biologia/diversidad-genetica-de-poblaciones CON:biologia/reproduccion-humana-y-pubertad,etiqueta de confianza baja: Mezcla tecnologías diversas y hace una afirmación general sobre diversidad genética que es discutible.,,
ON-BIO-on_sbi3u-p057-04,ON,on_sbi3u,57,"Biology, Grade 11 (SBI3U)",especializacion,"Explicar los conceptos de ADN, genes, cromosomas, alelos, mitosis y meiosis, y cómo explican la transmisión de características hereditarias según las leyes de Mendel.","explain the concepts of DNA, genes, chromosomes, alleles, mitosis, and meiosis, and how they account for",CON:biologia/adn-y-cromosomas CON:biologia/herencia-mendeliana CON:biologia/genes-y-alelos CON:biologia/meiosis CON:biologia/mitosis-y-ciclo-celular,etiqueta de confianza baja: Agrupa una gran cantidad de conceptos fundamentales de genética para explicar la herencia.,,
ON-BIO-on_sbi3u-p058-01,ON,on_sbi3u,58,"Biology, Grade 11 (SBI3U)",especializacion,Evaluar cómo las necesidades sociales conducen a desarrollos científicos y tecnológicos relacionados con los sistemas internos del cuerpo.,assess how societal needs... lead to scientific and technological developments related to internal systems,,"etiqueta de confianza baja: Se enfoca en la relación ciencia-tecnología-sociedad, un tema no presente en el catálogo.",,
ON-BIO-on_sbi3u-p058-02,ON,on_sbi3u,58,"Biology, Grade 11 (SBI3U)",especializacion,"Evaluar la importancia de diversas tecnologías, incluidas las contribuciones canadienses, para nuestra comprensión de los sistemas corporales internos.","evaluate the importance of various technologies, including Canadian contributions, to our understanding of internal body systems",,"etiqueta de confianza baja: Evalúa el impacto de la tecnología en la ciencia, un tema metacientífico no conceptualizado.",,
ON-BIO-on_sbi3u-p060-03,ON,on_sbi3u,60,"Biology, Grade 11 (SBI3U)",especializacion,"Utilizar terminología adecuada relacionada con las plantas, incluyendo mesófilo, empalizada, aerénquima, tejido epidérmico, estomas, pelos radiculares, pistilo, estambre, venación, auxina y giberelina.","use appropriate terminology related to plants, including, but not limited to: mesophyll, palisade, aerenchyma",CON:biologia/partes-de-la-planta-y-sus-funciones CON:biologia/tejidos-vegetales CON:biologia/intercambio-de-gases-en-plantas CON:biologia/reproduccion-de-plantas-con-flor CON:biologia/tropismos-y-hormonas-vegetales,etiqueta de confianza baja: Es una lista de vocabulario de múltiples temas de botánica sin un foco conceptual claro.,,
ON-BIO-on_sbi4u-p078-02,ON,on_sbi4u,78,"Biology, Grade 12 (SBI4U)",especializacion,"Aplicar prácticas seguras de laboratorio al planificar investigaciones, interpretando símbolos WHMIS, usando técnicas adecuadas para manejar, almacenar y desechar materiales biológicos y equipos.",apply knowledge and understanding of safe laboratory practices and procedures when planning investigations,,extracción parcial: Omite la parte final del objetivo sobre el uso de protección personal adecuada.,,
ON-BIO-on_sbi4u-p079-06,ON,on_sbi4u,79,"Biology, Grade 12 (SBI4U)",especializacion,"Utilizar modos de representación numéricos, simbólicos y gráficos adecuados (ej. diagramas biológicos, modelos moleculares) y unidades de medida apropiadas (ej. SI).","use appropriate numeric, symbolic, and graphic modes of representation (e.g., biological diagrams, three-dimensional molecular models)",,"extracción parcial: Omite la mención de las ""unidades imperiales"" como ejemplo de unidades de medida.",,
ON-BIO-on_sbi4u-p080-04,ON,on_sbi4u,80,"Biology, Grade 12 (SBI4U)",especializacion,Demostrar comprensión de las estructuras y funciones de moléculas biológicas y las reacciones bioquímicas para la función celular.,demonstrate an understanding of the structures and functions of biological molecules,CON:biologia/biomoleculas CON:biologia/enzimas CON:biologia/proteinas-estructura-y-funcion CON:biologia/requerimientos-de-la-celula,etiqueta de confianza baja: Es un enunciado muy amplio que abarca la estructura y función de biomoléculas y bioquímica.,,
ON-BIO-on_sbi4u-p080-08,ON,on_sbi4u,80,"Biology, Grade 12 (SBI4U)",especializacion,"Usar terminología adecuada de bioquímica, incluyendo transporte activo y pasivo, enlaces covalentes e iónicos, sustrato, sitio alostérico e inhibición.","use appropriate terminology related to biochemistry, including, but not limited to",CON:biologia/enzimas CON:biologia/transporte-activo-y-endocitosis CON:biologia/difusion-y-osmosis,"extracción parcial: Omite el término ""complejo sustrato-enzima"" de la lista de ejemplos del documento.",,
ON-BIO-on_sbi4u-p081-04,ON,on_sbi4u,81,"Biology, Grade 12 (SBI4U)",especializacion,"Explicar el papel de diversos orgánulos (lisosomas, vacuolas, mitocondrias, ribosomas, retículo endoplasmático, aparato de Golgi) en los procesos celulares.","explain the roles of various organelles, such as lysosomes, vacuoles, mitochondria",CON:biologia/organelos-de-la-celula-eucariota CON:biologia/estructuras-celulares-basicas CON:biologia/respiracion-celular CON:biologia/sintesis-de-proteinas,"extracción parcial: Omite ""membranas celulares internas"" y la distinción entre retículo endoplasmático liso y rugoso.",,
ON-BIO-on_sbi4u-p081-07,ON,on_sbi4u,81,"Biology, Grade 12 (SBI4U)",especializacion,"Planificar y realizar una investigación sobre un proceso celular usando equipos y técnicas de laboratorio adecuados, y reportar resultados.",plan and conduct an investigation related to a cellular process,,"etiqueta de confianza baja: Enunciado puramente procedimental, no especifica el proceso celular a investigar, haciéndolo muy vago.",,
ON-BIO-on_sbi4u-p082-02,ON,on_sbi4u,82,"Biology, Grade 12 (SBI4U)",especializacion,"Analizar el papel de los procesos metabólicos en sistemas bióticos y abióticos, y evaluar la importancia de comprenderlos y sus tecnologías para las decisiones personales cotidianas.",analyse the role of metabolic processes in the functioning of biotic and abiotic systems,CON:biologia/energia-de-los-alimentos-y-balance-energetico CON:biologia/ciclo-del-carbono-y-oxigeno CON:biologia/habitos-de-vida-saludable,etiqueta de confianza baja: Mezcla temas muy dispares (ecología y salud personal) bajo el concepto de metabolismo.,,
ON-BIO-on_sbi4u-p085-02,ON,on_sbi4u,85,"Biology, Grade 12 (SBI4U)",especializacion,"Describir contribuciones científicas históricas que avanzaron la comprensión de la genética molecular, como los descubrimientos realizados por Frederick Griffith, Watson y Crick, y Hershey y Chase.","describe, on the basis of research, some of the historical scientific contributions that have advanced our understanding",CON:biologia/estructura-del-adn CON:biologia/adn-y-cromosomas CON:biologia/genes-y-alelos,"extracción parcial: Omite la frase ""basándose en la investigación"" (""on the basis of research"").",,
ON-BIO-on_sbi4u-p085-09,ON,on_sbi4u,85,"Biology, Grade 12 (SBI4U)",especializacion,Realizar una investigación para extraer ADN de un espécimen de proteína vegetal o animal.,conduct an investigation to extract DNA from a specimen of plant or animal protein,CON:biologia/adn-y-cromosomas CON:biologia/biomoleculas CON:biologia/celula-animal-y-vegetal,"extracción parcial: Traduce incorrectamente ""plant or animal protein"" como ""proteína vegetal o animal""; es un espécimen.",,
ON-BIO-on_sbi4u-p089-01,ON,on_sbi4u,89,"Biology, Grade 12 (SBI4U)",especializacion,"Describir las características de una población determinada, tales como su crecimiento, densidad, distribución y tamaño mínimo viable.","describe the characteristics of a given population, such as its growth, density (e.g., fecundity, mortality), distribution",CON:biologia/atributos-de-las-poblaciones CON:biologia/crecimiento-poblacional CON:biologia/diversidad-genetica-de-poblaciones,"extracción parcial: Omite los ejemplos de densidad (fecundidad, mortalidad) que se mencionan en el texto original.",,
ON-BIO-on_sbi4u-p089-03,ON,on_sbi4u,89,"Biology, Grade 12 (SBI4U)",especializacion,"Explicar el concepto de transferencia de energía en una población humana en función del flujo de energía alimentaria en la producción, distribución y uso de recursos.",explain the concept of energy transfer in a human population in terms of the flow of food energy,CON:biologia/agricultura-y-seguridad-alimentaria CON:biologia/flujo-de-energia-y-piramides CON:biologia/impacto-humano-en-los-ecosistemas CON:biologia/sostenibilidad-de-la-biosfera,"extracción parcial: Omite la palabra 'alimentarios' al final, generalizando 'food resources' a solo 'recursos'.",,
ON-BIO-on_sbi4u-p089-05,ON,on_sbi4u,89,"Biology, Grade 12 (SBI4U)",especializacion,"Explicar los factores que causan fluctuaciones poblacionales y analizar la fluctuación en la población de una especie de planta, animal silvestre o microorganismo.","explain factors such as carrying capacity, fecundity, density, and predation that cause fluctuation in populations, and analyse",CON:biologia/crecimiento-poblacional CON:biologia/factores-limitantes-de-poblaciones CON:biologia/atributos-de-las-poblaciones CON:biologia/capacidad-de-carga,"extracción parcial: Omite los ejemplos de factores (capacidad de carga, fecundidad, densidad, depredación) mencionados explícitamente.",,
ON-BIO-on_snc1w-p047-01,ON,on_snc1w,47,"Science, Grade 9, De-streamed (SNC1W)",nucleo,"Aplicar habilidades de alfabetización científica al investigar problemas sociales y ambientales con impactos personales, locales o globales.","apply scientific literacy skills when investigating social and environmental issues that have personal, local, and/or global impacts",CON:biologia/impacto-humano-en-los-ecosistemas CON:biologia/sostenibilidad-de-la-biosfera,"etiqueta de confianza baja: Enunciado muy general sobre habilidades. Se enfoca en investigar problemas socioambientales, no en conceptos.",,
ON-BIO-on_snc2d-p073-02,ON,on_snc2d,73,"Science, Grade 10, Academic (SNC2D)",nucleo,Los avances en medicina y tecnología médica pueden tener implicaciones sociales y éticas.,Developments in medicine and medical technology can have social and ethical implications.,,"etiqueta de confianza baja: Es una afirmación general sobre implicaciones sociales, no enseña un concepto biológico específico.",,
ON-BIO-on_snc2d-p076-03,ON,on_snc2d,76,"Science, Grade 10, Academic (SNC2D)",nucleo,Evaluar la importancia para la salud humana y la sociedad de las tecnologías de imágenes médicas utilizadas en Canadá para diagnosticar o tratar anomalías.,assess the importance to human health and/or society of medical imaging technologies,,"etiqueta de confianza baja: Se centra en evaluar una tecnología médica, no en enseñar un concepto biológico del catálogo.",,
ON-BIO-on_snc2d-p077-11,ON,on_snc2d,77,"Science, Grade 10, Academic (SNC2D)",nucleo,"Utilizar la terminología adecuada relacionada con células, tejidos, órganos y sistemas de los seres vivos (absorción, anafase, capilares, difusión, xilema, etc.).","use appropriate terminology related to cells, tissues, organs, and systems of living things",CON:biologia/niveles-de-organizacion CON:biologia/difusion-y-osmosis CON:biologia/mitosis-y-ciclo-celular CON:biologia/transporte-en-plantas,"etiqueta de confianza baja: Es un enunciado sobre lenguaje científico, no sobre un concepto; abarca muchos temas superficialmente.",,
ON-FIS-on_snc1w-p053-05,ON,on_snc1w,53,"Science, Grade 9, De-streamed (SNC1W)",nucleo,Explicar la diferencia entre electricidad y energía eléctrica.,explain the difference between electricity and electrical energy,CON:fisica/corriente-voltaje-resistencia CON:fisica/potencia-electrica-joule,"etiqueta de confianza baja: Es vago. ""Electricidad"" no es un concepto físico preciso; probablemente se refiere a fenómenos.",,
ON-FIS-on_snc2d-p073-02,ON,on_snc2d,73,"Science, Grade 10, Academic (SNC2D)",nucleo,La sociedad se ha beneficiado del desarrollo de una variedad de dispositivos y tecnologías ópticas.,Society has benefited from the development of a range of optical devices and technologies.,CON:fisica/ojo-instrumentos-opticos,"etiqueta de confianza baja: Enunciado muy general sobre el impacto social de la tecnología óptica, sin detallar conceptos.",,
ON-FIS-on_snc2d-p083-05,ON,on_snc2d,83,"Science, Grade 10, Academic (SNC2D)",nucleo,"Describir y explicar diversos tipos de emisiones de luz, como quimioluminiscencia, bioluminiscencia, incandescencia, fluorescencia, fosforescencia, triboluminiscencia, descargas eléctricas o LED.","describe and explain various types of light emissions (e.g., chemiluminescence, bioluminescence, incandescence, fluorescence",CON:fisica/propagacion-rectilinea-sombras CON:fisica/semiconductores-dispositivos,"etiqueta de confianza baja: Enumera diversas formas de emisión de luz, muchas de las cuales no están en el catálogo.",,
ON-FIS-on_sph3u-p182-02,ON,on_sph3u,182,"Physics, Grade 11 (SPH3U)",especializacion,El movimiento puede describirse utilizando relaciones matemáticas.,Motion can be described using mathematical relationships.,CON:fisica/movimiento-uniformemente-acelerado CON:fisica/graficas-movimiento CON:fisica/rapidez-velocidad,"etiqueta de confianza baja: Afirmación muy general sobre la descripción matemática del movimiento, sin especificar conceptos.",,
ON-FIS-on_sph3u-p182-03,ON,on_sph3u,182,"Physics, Grade 11 (SPH3U)",especializacion,Muchas tecnologías que aplican conceptos de cinemática tienen implicaciones sociales y ambientales.,Many technologies that apply concepts related to kinematics have societal and environmental implications.,,"etiqueta de confianza baja: Es una afirmación sobre las implicaciones sociales de la tecnología, no enseña un concepto físico.",,
ON-FIS-on_sph3u-p182-04,ON,on_sph3u,182,"Physics, Grade 11 (SPH3U)",especializacion,La electricidad y el magnetismo tienen muchas aplicaciones tecnológicas.,Electricity and magnetism have many technological applications.,CON:fisica/electroiman CON:fisica/fuerza-sobre-corrientes-motor CON:fisica/induccion-electromagnetica,"etiqueta de confianza baja: Afirmación general sobre aplicaciones tecnológicas del electromagnetismo, sin enseñar un concepto.",,
ON-FIS-on_sph3u-p182-05,ON,on_sph3u,182,"Physics, Grade 11 (SPH3U)",especializacion,Las aplicaciones tecnológicas que involucran electromagnetismo y transformaciones de energía pueden afectar a la sociedad y al medio ambiente.,Technological applications that involve electromagnetism and energy transformations can affect society and the environment,CON:fisica/transformaciones-energia,"extracción parcial: Omite que los efectos en la sociedad y el ambiente pueden ser positivos y negativos. | etiqueta de confianza baja: Es una afirmación sobre las implicaciones sociales de la tecnología, no enseña un concepto físico.",,
ON-FIS-on_sph3u-p184-09,ON,on_sph3u,184,"Physics, Grade 11 (SPH3U)",especializacion,"Sintetizar, analizar y evaluar datos; resolver problemas cuantitativos; determinar si la evidencia apoya la hipótesis; identificar fuentes de error o sesgo y sugerir mejoras a la indagación.","synthesize, analyse, interpret, and evaluate qualitative and/or quantitative data; solve problems involving quantitative data",,"extracción parcial: Omite varios elementos clave del objetivo original, como la interpretación y la consistencia teórica.",,
ON-FIS-on_sph3u-p185-05,ON,on_sph3u,185,"Physics, Grade 11 (SPH3U)",especializacion,"Sacar conclusiones basadas en los resultados de la indagación y la investigación, y justificarlas haciendo referencia al conocimiento científico.","draw conclusions based on inquiry results and research findings, and justify their conclusions",,"etiqueta de confianza baja: Enunciado genérico sobre prácticas de indagación, no sobre un concepto físico específico.",,
ON-FIS-on_sph3u-p186-01,ON,on_sph3u,186,"Physics, Grade 11 (SPH3U)",especializacion,"Analizar, con base en investigación, una tecnología que aplica conceptos de cinemática (p. ej., medidores de velocidad, acelerómetros).","analyse, on the basis of research, a technology that applies concepts related to kinematics",CON:fisica/aceleracion CON:fisica/rapidez-velocidad,extracción parcial: agregado por el validador (completitud),,
ON-FIS-on_sph3u-p186-05,ON,on_sph3u,186,"Physics, Grade 11 (SPH3U)",especializacion,"Analizar, mediante investigación, una tecnología que aplique conceptos de cinemática y evaluar su impacto social y ambiental.","analyse, on the basis of research, a technology that applies concepts related to kinematics",,extracción parcial: Combina dos objetivos de aprendizaje distintos (B1.1 y B1.2) en una sola declaración.,,
ON-FIS-on_sph3u-p188-05,ON,on_sph3u,188,"Physics, Grade 11 (SPH3U)",especializacion,"Utilizar terminología adecuada relacionada con las fuerzas, incluyendo masa, tiempo, rapidez, velocidad, aceleración, fricción, gravedad, fuerza normal y diagramas de cuerpo libre.","use appropriate terminology related to forces, including, but not limited to: mass, time, speed",CON:fisica/fuerzas-mecanicas-comunes CON:fisica/aceleracion CON:fisica/fuerza-neta-diagrama-cuerpo-libre CON:fisica/rapidez-velocidad,etiqueta de confianza baja: Es una lista de vocabulario que mezcla conceptos de cinemática y dinámica sin foco.,,
ON-FIS-on_sph3u-p190-06,ON,on_sph3u,190,"Physics, Grade 11 (SPH3U)",especializacion,"Usar terminología apropiada sobre transformaciones de energía: energía mecánica, potencial gravitatoria, cinética, trabajo, potencia, fisión, fusión, calor, capacidad calorífica, temperatura y calor latente.","use appropriate terminology related to energy transformations, including, but not limited to: mechanical energy",CON:fisica/transformaciones-energia CON:fisica/fision-fusion-nuclear CON:fisica/potencia-mecanica CON:fisica/trabajo-mecanico,"etiqueta de confianza baja: Es una lista de vocabulario muy extensa que abarca mecánica, termodinámica y física nuclear.",,
ON-FIS-on_sph3u-p191-01,ON,on_sph3u,191,"Physics, Grade 11 (SPH3U)",especializacion,"Comparar características (masa, carga, velocidad, poder de penetración) y precauciones de seguridad de partículas alfa, beta y rayos gamma.","compare the characteristics of (e.g., mass, charge, speed, penetrating power, ionizing ability) and safety precautions",CON:fisica/desintegracion-radiactiva CON:fisica/radiacion-ionizante-aplicaciones,extracción parcial: La paráfrasis omite la característica 'capacidad de ionización' (ionizing ability).,,
ON-FIS-on_sph3u-p191-06,ON,on_sph3u,191,"Physics, Grade 11 (SPH3U)",especializacion,"Explicar conceptos como energía térmica, cinética, potencial gravitatoria, calor, capacidad calorífica, potencia y eficiencia, dando ejemplos y unidades.","explain the following concepts, giving examples of each, and identify their related units: thermal energy",CON:fisica/formas-energia CON:fisica/energia-cinetica CON:fisica/energia-potencial-gravitatoria CON:fisica/potencia-mecanica,"extracción parcial: La paráfrasis omite el concepto de 'calor latente específico' (specific latent heat). | etiqueta de confianza baja: El enunciado es una lista amplia de conceptos energéticos, lo que lo hace vago.",,
ON-FIS-on_sph3u-p192-02,ON,on_sph3u,192,"Physics, Grade 11 (SPH3U)",especializacion,"Utilizar la terminología adecuada sobre ondas mecánicas y sonido, incluyendo onda longitudinal y transversal, frecuencia, periodo, ciclo, amplitud, fase, longitud de onda, velocidad, superposición, interferencia y resonancia.","use appropriate terminology related to mechanical waves and sound, including, but not limited to: longitudinal wave",CON:fisica/magnitudes-ondas CON:fisica/ondas-mecanicas-tipos CON:fisica/sonido-como-onda CON:fisica/superposicion-interferencia,"etiqueta de confianza baja: El enunciado es una lista extensa de terminología sobre ondas, lo que lo hace amplio.",,
ON-FIS-on_sph3u-p194-02,ON,on_sph3u,194,"Physics, Grade 11 (SPH3U)",especializacion,"Analizar el impacto social y económico de tecnologías basadas en el electromagnetismo, como aceleradores de partículas, trenes maglev, resonancia magnética o pulsos electromagnéticos.",analyse the social and economic impact of technologies related to electromagnetism,CON:fisica/induccion-electromagnetica,"etiqueta de confianza baja: Se centra en el impacto social de tecnologías, no en un concepto físico específico.",,
ON-FIS-on_sph3u-p194-04,ON,on_sph3u,194,"Physics, Grade 11 (SPH3U)",especializacion,"Utilizar la terminología adecuada sobre electricidad y magnetismo, incluyendo corriente continua y alterna, flujo de electrones, diferencia de potencial, resistencia, potencia, energía y transformadores.","use appropriate terminology related to electricity and magnetism, including, but not limited to",CON:fisica/corriente-alterna-transformador CON:fisica/corriente-voltaje-resistencia CON:fisica/potencia-electrica-joule,etiqueta de confianza baja: Es una lista de vocabulario que abarca múltiples conceptos de electricidad y magnetismo.,,
ON-FIS-on_sph3u-p195-10,ON,on_sph3u,195,"Physics, Grade 11 (SPH3U)",especializacion,"Explicar la ley de Ohm, las leyes de Kirchhoff, el principio de Oersted, el principio del motor, la ley de Faraday y la ley de Lenz en electricidad y magnetismo.","explain Ohm’s law, Kirchhoff’s laws, Oersted’s principle, the motor principle, Faraday’s law, and Lenz’s law",CON:fisica/induccion-electromagnetica CON:fisica/ley-ohm CON:fisica/electroiman CON:fisica/fuerza-sobre-corrientes-motor CON:fisica/leyes-kirchhoff,etiqueta de confianza baja: Enumera una larga lista de leyes y principios fundamentales de electricidad y magnetismo.,,
ON-FIS-on_sph4u-p196-01,ON,on_sph4u,196,"Physics, Grade 12 (SPH4U)",especializacion,"El comportamiento de la materia en campos gravitatorios, eléctricos y magnéticos puede describirse matemáticamente.","The behaviour of matter in gravitational, electric, and magnetic fields can be described mathematically.",CON:fisica/campo-electrico CON:fisica/gravitacion-universal CON:fisica/campo-magnetico,etiqueta de confianza baja: Es una idea general y abstracta que abarca tres tipos de campos y su descripción matemática.,,
ON-FIS-on_sph4u-p196-03,ON,on_sph4u,196,"Physics, Grade 12 (SPH4U)",especializacion,"Los campos gravitatorios, eléctricos y magnéticos comparten muchas propiedades similares.","Gravitational, electric, and magnetic fields share many similar properties.",CON:fisica/campo-electrico CON:fisica/gravitacion-universal CON:fisica/campo-magnetico,etiqueta de confianza baja: Es una afirmación muy general sobre las analogías entre diferentes tipos de campos físicos.,,
ON-FIS-on_sph4u-p196-04,ON,on_sph4u,196,"Physics, Grade 12 (SPH4U)",especializacion,"Los sistemas tecnológicos que involucran campos gravitatorios, eléctricos y magnéticos pueden tener un efecto en la sociedad y el medio ambiente.","Technological systems that involve gravitational, electric, and magnetic fields can have an effect on society",CON:fisica/induccion-electromagnetica CON:fisica/orbitas-satelites,"etiqueta de confianza baja: Se enfoca en las implicaciones sociales y ambientales, no en los conceptos físicos en sí.",,
ON-FIS-on_sph4u-p196-07,ON,on_sph4u,196,"Physics, Grade 12 (SPH4U)",especializacion,Muchas tecnologías que utilizan los principios de la dinámica tienen implicaciones sociales y ambientales.,Many technologies that utilize the principles of dynamics have societal and environmental implications.,CON:fisica/aplicaciones-leyes-newton,"etiqueta de confianza baja: Se enfoca en las implicaciones sociales y ambientales de la tecnología, no en la física.",,
ON-FIS-on_sph4u-p196-09,ON,on_sph4u,196,"Physics, Grade 12 (SPH4U)",especializacion,Las aplicaciones tecnológicas que involucran energía y momento pueden afectar a la sociedad y al medio ambiente de manera positiva y negativa.,Technological applications that involve energy and momentum can affect society and the environment,CON:fisica/colisiones CON:fisica/fuentes-energia-renovables,"etiqueta de confianza baja: Se enfoca en las implicaciones sociales y ambientales, no en los conceptos físicos en sí.",,
ON-FIS-on_sph4u-p196-13,ON,on_sph4u,196,"Physics, Grade 12 (SPH4U)",especializacion,Las tecnologías que utilizan los principios de la naturaleza ondulatoria de la luz pueden tener implicaciones sociales y ambientales.,Technologies that use the principles of the wave nature of light can have societal and environmental implications.,CON:fisica/difraccion-luz CON:fisica/interferencia-luz CON:fisica/polarizacion-luz,"etiqueta de confianza baja: El enunciado se centra en las implicaciones sociales, no en enseñar un principio físico.",,
ON-FIS-on_sph4u-p197-02,ON,on_sph4u,197,"Physics, Grade 12 (SPH4U)",especializacion,Las nuevas teorías pueden cambiar el pensamiento científico y conducir al desarrollo de nuevas tecnologías.,New theories can change scientific thought and lead to the development of new technologies.,,"etiqueta de confianza baja: Enunciado sobre la naturaleza de la ciencia, no sobre un contenido físico concreto.",,
ON-FIS-on_sph4u-p199-01,ON,on_sph4u,199,"Physics, Grade 12 (SPH4U)",especializacion,"Comunicar ideas, procedimientos y resultados de forma oral, escrita o electrónica, usando lenguaje adecuado y diversos formatos.","communicate ideas, plans, procedures, results, and conclusions orally, in writing",,"extracción parcial: Omite comunicar ""planes"" y ""conclusiones"", que están explícitamente mencionados en el texto original.",,
ON-FIS-on_sph4u-p199-04,ON,on_sph4u,199,"Physics, Grade 12 (SPH4U)",especializacion,Identificar y describir diversas carreras relacionadas con los campos de la ciencia estudiados y la educación y formación necesarias.,identify and describe a variety of careers related to the fields,,"etiqueta de confianza baja: El enunciado se refiere a la orientación profesional, no a un concepto o práctica científica.",,
ON-FIS-on_sph4u-p200-04,ON,on_sph4u,200,"Physics, Grade 12 (SPH4U)",especializacion,"Evaluar el impacto social y ambiental de dispositivos tecnológicos que utilizan movimiento lineal o circular (ej. armas de proyectiles, centrífugas, ascensores).",assess the impact on society and the environment of technological devices that use linear or circular motion,CON:fisica/aceleracion-fuerza-centripeta CON:fisica/aplicaciones-leyes-newton CON:fisica/movimiento-proyectiles,"etiqueta de confianza baja: El foco es evaluar el impacto social y ambiental, no enseñar conceptos de física.",,
ON-FIS-on_sph4u-p202-01,ON,on_sph4u,202,"Physics, Grade 12 (SPH4U)",especializacion,"Analizar y proponer mejoras prácticas para tecnologías o procedimientos que apliquen los principios de energía y cantidad de movimiento, evaluando su impacto.","analyse, with reference to the principles of energy and momentum, and propose practical ways to improve",CON:fisica/conservacion-energia CON:fisica/conservacion-momento-lineal CON:fisica/disipacion-eficiencia,"extracción parcial: Agrega la evaluación del impacto, que es parte de otro objetivo (C1.2).",,
ON-FIS-on_sph4u-p202-02,ON,on_sph4u,202,"Physics, Grade 12 (SPH4U)",especializacion,Evaluar el impacto social y ambiental de tecnologías o procedimientos que aplican los principios de energía y cantidad de movimiento.,assess the impact on society and the environment of technologies or procedures,CON:fisica/conservacion-energia CON:fisica/conservacion-momento-lineal,"etiqueta de confianza baja: El foco es evaluar el impacto social y ambiental, no enseñar conceptos de física.",,
ON-FIS-on_sph4u-p204-05,ON,on_sph4u,204,"Physics, Grade 12 (SPH4U)",especializacion,"Utilizar la terminología adecuada relacionada con los campos, incluyendo fuerzas, energías potenciales, potencial y partículas de intercambio.","use appropriate terminology related to fields, including, but not limited to: forces, potential energies",CON:fisica/campo-electrico CON:fisica/modelo-estandar-particulas CON:fisica/potencial-electrico,"etiqueta de confianza baja: El enunciado se enfoca en el uso de terminología, no en enseñar conceptos físicos.",,
ON-FIS-on_sph4u-p205-03,ON,on_sph4u,205,"Physics, Grade 12 (SPH4U)",especializacion,"Utilizar diagramas de campo para explicar las diferencias en las fuentes y direcciones de los campos, como campos cercanos a la Tierra y solenoides.",use field diagrams to explain differences in the sources and directions of fields,CON:fisica/campo-electrico CON:fisica/campo-magnetico CON:fisica/electroiman CON:fisica/gravedad-atrae-hacia-tierra,extracción parcial: La paráfrasis omite varios ejemplos clave de campos mencionados en el objetivo original.,,
ON-FIS-on_sph4u-p209-05,ON,on_sph4u,209,"Physics, Grade 12 (SPH4U)",especializacion,Realizar una investigación de laboratorio o simulación informática para analizar datos que respalden una teoría científica relacionada con la relatividad o la mecánica cuántica.,F2.4 conduct a laboratory inquiry or computer simulation to analyse data... that support a scientific theory,CON:fisica/foton-efecto-fotoelectrico CON:fisica/postulados-relatividad CON:fisica/dualidad-onda-particula,"etiqueta de confianza baja: Es un enunciado muy abierto, sin especificar qué teoría o datos se investigarán.",,
ON-QUI-on_sch3u-p092-04,ON,on_sch3u,92,"Chemistry, Grade 11 (SCH3U)",especializacion,Las personas tienen la responsabilidad de proteger la integridad de la atmósfera de la Tierra.,People have a responsibility to protect the integrity of Earth’s atmosphere.,,"etiqueta de confianza baja: Es una declaración de valores sobre responsabilidad ambiental, no un concepto químico específico.",,
ON-QUI-on_sch3u-p092-07,ON,on_sch3u,92,"Chemistry, Grade 11 (SCH3U)",especializacion,Es importante usar los productos químicos adecuadamente para minimizar los riesgos para la salud humana y el medio ambiente.,It is important to use chemicals properly to minimize the risks to human health and the environment.,,"etiqueta de confianza baja: Es una norma de seguridad y responsabilidad, no un concepto científico del catálogo.",,
ON-QUI-on_sch3u-p092-09,ON,on_sch3u,92,"Chemistry, Grade 11 (SCH3U)",especializacion,Las reacciones químicas y sus aplicaciones tienen implicaciones significativas para la sociedad y el medio ambiente.,Chemical reactions and their applications have significant implications for society and the environment.,,"etiqueta de confianza baja: Declaración general sobre el impacto de la química, sin enseñar un concepto químico específico.",,
ON-QUI-on_sch3u-p092-12,ON,on_sch3u,92,"Chemistry, Grade 11 (SCH3U)",especializacion,Las personas tienen la responsabilidad de proteger la integridad de los recursos hídricos de la Tierra.,People have a responsibility to protect the integrity of Earth’s water resources.,CON:quimica/tratamiento-y-potabilizacion-del-agua,"etiqueta de confianza baja: Es una declaración de valores sobre responsabilidad ambiental, no un concepto químico específico.",,
ON-QUI-on_sch3u-p094-02,ON,on_sch3u,94,"Chemistry, Grade 11 (SCH3U)",especializacion,"Aplicar prácticas seguras de laboratorio al planificar investigaciones, interpretando símbolos WHMIS, usando técnicas adecuadas para manejar, almacenar y desechar materiales, y utilizando protección personal.",apply knowledge and understanding of safe laboratory practices and procedures when planning investigations,,extracción parcial: Omite la mención explícita del manejo y almacenamiento de 'equipo' de laboratorio.,,
ON-QUI-on_sch3u-p094-10,ON,on_sch3u,94,"Chemistry, Grade 11 (SCH3U)",especializacion,"Sintetizar, analizar y evaluar datos; resolver problemas cuantitativos; determinar si la evidencia apoya la hipótesis; identificar fuentes de error y sesgo, y sugerir mejoras a la indagación.","synthesize, analyse, interpret, and evaluate qualitative and quantitative data; solve problems involving quantitative data",,extracción parcial: Omite determinar si la evidencia es consistente con la teoría científica.,,
ON-QUI-on_sch3u-p096-03,ON,on_sch3u,96,"Chemistry, Grade 11 (SCH3U)",especializacion,"Evaluar los riesgos y beneficios para la salud humana de algunas sustancias químicas de uso común, como aditivos alimentarios, cosméticos o productos de limpieza.",evaluate the risks and benefits to human health of some commonly used chemical substances,,"etiqueta de confianza baja: Evalúa riesgos y beneficios de químicos en la vida cotidiana, un tema muy amplio.",,
ON-QUI-on_sch3u-p098-05,ON,on_sch3u,98,"Chemistry, Grade 11 (SCH3U)",especializacion,Evaluar la eficacia de algunas aplicaciones de las reacciones químicas utilizadas para resolver necesidades y problemas sociales y ambientales.,assess the effectiveness of some applications of chemical reactions that are used to address social,,"etiqueta de confianza baja: Evalúa aplicaciones químicas para resolver problemas sociales, pero es muy vago y general.",,
ON-QUI-on_sch3u-p102-03,ON,on_sch3u,102,"Chemistry, Grade 11 (SCH3U)",especializacion,"Analizar problemas económicos, sociales y ambientales relacionados con la distribución, purificación o uso del agua potable, como el impacto del agua embotellada.","analyse economic, social, and environmental issues related to the distribution, purification, or use of drinking water",CON:quimica/tratamiento-y-potabilizacion-del-agua CON:quimica/polimeros-y-ambiente,"etiqueta de confianza baja: Es un análisis socioeconómico y ambiental, con poco contenido químico explícito.",,
ON-QUI-on_sch3u-p102-04,ON,on_sch3u,102,"Chemistry, Grade 11 (SCH3U)",especializacion,Demostrar comprensión de las propiedades cualitativas y cuantitativas de las soluciones.,demonstrate an understanding of qualitative and quantitative properties of solutions.,CON:quimica/concentracion-de-disoluciones CON:quimica/solubilidad CON:quimica/molaridad-y-unidades-quimicas-de-concentracion,etiqueta de confianza baja: Enunciado muy general que abarca múltiples conceptos sobre disoluciones sin especificar el foco.,,
ON-QUI-on_sch3u-p102-06,ON,on_sch3u,102,"Chemistry, Grade 11 (SCH3U)",especializacion,Investigar las propiedades cualitativas y cuantitativas de las soluciones y resolver problemas relacionados.,"investigate qualitative and quantitative properties of solutions, and solve related problems;",CON:quimica/concentracion-de-disoluciones CON:quimica/solubilidad CON:quimica/reacciones-de-precipitacion-e-identificacion-de-iones,etiqueta de confianza baja: Enunciado muy amplio que combina investigación y resolución de problemas sobre disoluciones en general.,,
ON-QUI-on_sch3u-p105-04,ON,on_sch3u,105,"Chemistry, Grade 11 (SCH3U)",especializacion,Explicar la hipótesis de Avogadro y cómo su contribución a las leyes de los gases mejoró la comprensión de sus reacciones químicas.,explain Avogadro’s hypothesis and how his contribution to the gas laws has increased our understanding,CON:quimica/mol-y-numero-de-avogadro CON:quimica/ecuacion-de-gases-ideales-y-volumen-molar CON:quimica/estequiometria,extracción parcial: Omite que la comprensión mejorada se refiere a las reacciones químicas de los gases.,,
ON-QUI-on_sch4u-p106-01,ON,on_sch4u,106,"Chemistry, Grade 12 (SCH4U)",especializacion,La eficiencia de las reacciones químicas puede mejorarse aplicando condiciones óptimas.,Efficiency of chemical reactions can be improved by applying optimal conditions.,CON:quimica/equilibrio-en-procesos-industriales CON:quimica/principio-de-le-chatelier CON:quimica/rapidez-de-reaccion-factores CON:quimica/rendimiento-de-reaccion,"etiqueta de confianza baja: Enunciado muy general sobre optimizar reacciones, abarcando rendimiento, cinética y equilibrio.",,
ON-QUI-on_sch4u-p106-02,ON,on_sch4u,106,"Chemistry, Grade 12 (SCH4U)",especializacion,Las tecnologías que transforman la energía pueden tener costos y beneficios sociales y ambientales.,Technologies that transform energy can have societal and environmental costs and benefits.,CON:quimica/celdas-galvanicas CON:quimica/combustibles-y-biocombustibles CON:quimica/electrolisis,"etiqueta de confianza baja: Enunciado muy amplio sobre el impacto de tecnologías energéticas, no sobre un concepto químico.",,
ON-QUI-on_sch4u-p106-07,ON,on_sch4u,106,"Chemistry, Grade 12 (SCH4U)",especializacion,Los dispositivos tecnológicos basados en los principios de las estructuras atómicas y moleculares pueden tener beneficios y costos sociales.,Technological devices that are based on the principles of atomic and molecular structures can have societal benefits,CON:quimica/ciencia-de-materiales CON:quimica/geometria-molecular-rpecv CON:quimica/nanomateriales,"etiqueta de confianza baja: Enunciado muy vago sobre tecnología y sociedad, anclado genéricamente en la estructura atómica/molecular.",,
ON-QUI-on_sch4u-p108-10,ON,on_sch4u,108,"Chemistry, Grade 12 (SCH4U)",especializacion,"Sintetizar, analizar y evaluar datos; resolver problemas cuantitativos; determinar si la evidencia apoya la hipótesis; identificar fuentes de error y sugerir mejoras a la indagación.","synthesize, analyse, interpret, and evaluate qualitative and/or quantitative data; solve problems involving quantitative data",,"extracción parcial: Omite varios elementos clave como interpretar datos, consistencia con teoría científica y sesgo.",,
ON-QUI-on_sch4u-p109-01,ON,on_sch4u,109,"Chemistry, Grade 12 (SCH4U)",especializacion,"Comunicar ideas, procedimientos, resultados y conclusiones de forma oral, escrita o electrónica, usando lenguaje adecuado y diversos formatos (tablas, informes, debates, modelos).","communicate ideas, plans, procedures, results, and conclusions orally, in writing, and/or in electronic presentations",,"extracción parcial: Omite el elemento ""planes"" de la lista de cosas a comunicar.",,
ON-QUI-on_sch4u-p109-05,ON,on_sch4u,109,"Chemistry, Grade 12 (SCH4U)",especializacion,"Utilizar modos de representación numéricos, simbólicos y gráficos adecuados, así como unidades de medida apropiadas (ej. unidades del SI).","use appropriate numeric, symbolic, and graphic modes of representation, and appropriate units of measurement",,"extracción parcial: Omite ""unidades imperiales"" de los ejemplos de unidades de medida.",,
ON-QUI-on_sch4u-p110-04,ON,on_sch4u,110,"Chemistry, Grade 12 (SCH4U)",especializacion,"Demostrar comprensión de la estructura, propiedades y comportamiento químico de los compuestos dentro de cada clase de compuestos orgánicos.","demonstrate an understanding of the structure, properties, and chemical behaviour of compounds within each class",CON:quimica/grupos-funcionales CON:quimica/reacciones-organicas CON:quimica/fuerzas-intermoleculares-y-propiedades-fisicas,"etiqueta de confianza baja: Es un enunciado muy amplio que abarca la relación entre estructura, propiedades y reactividad.",,
ON-QUI-on_sch4u-p116-04,ON,on_sch4u,116,"Chemistry, Grade 12 (SCH4U)",especializacion,"Usar terminología apropiada sobre sistemas químicos y equilibrio, incluyendo sistema cerrado, reacción reversible, constante de equilibrio, solubilidad molar y tampón.","use appropriate terminology related to chemical systems and equilibrium, including, but not limited to",CON:quimica/constante-de-equilibrio CON:quimica/equilibrio-dinamico CON:quimica/disoluciones-amortiguadoras CON:quimica/producto-de-solubilidad,"extracción parcial: La paráfrasis omite los términos ""homogeneous"" y ""equilibrium concentration"" de la lista de ejemplos.",,
ON-QUI-on_sch4u-p117-03,ON,on_sch4u,117,"Chemistry, Grade 12 (SCH4U)",especializacion,"Explicar el concepto de equilibrio dinámico utilizando ejemplos de sistemas de equilibrio físico y químico, como electrolitos débiles o reacciones reversibles.","explain the concept of dynamic equilibrium, using examples of physical and chemical equilibrium systems",CON:quimica/equilibrio-dinamico CON:quimica/cambios-fisicos-y-quimicos CON:quimica/electrolitos,"extracción parcial: La paráfrasis omite el ejemplo ""liquid-vapour equilibrium"" de la lista.",,
ON-QUI-on_sch4u-p117-11,ON,on_sch4u,117,"Chemistry, Grade 12 (SCH4U)",especializacion,"Usar la constante de ionización del agua (Kw) para calcular el pH, pOH, [H3O+] y [OH-] en diversas reacciones químicas.","use the ionization constant of water (Kw) to calculate pH, pOH, [H3O+], and [OH–]",CON:quimica/autoionizacion-del-agua-y-ph CON:quimica/escala-de-ph,"extracción parcial: Añade la palabra ""diversas"", que no está en el texto original (""for chemical reactions"").",,
ON-QUI-on_snc1w-p050-01,ON,on_snc1w,50,"Science, Grade 9, De-streamed (SNC1W)",nucleo,Analizar los impactos del uso de tecnologías químicas emergentes en diversos campos y evaluar los factores que influyen en su desarrollo.,"analyse impacts of using emerging chemical technologies in various fields, including in the skilled trades",,"etiqueta de confianza baja: Es muy vago sobre las tecnologías específicas, enfocándose en el análisis de sus impactos.",,
ON-QUI-on_snc1w-p050-02,ON,on_snc1w,50,"Science, Grade 9, De-streamed (SNC1W)",nucleo,"Evaluar los impactos sociales, ambientales y económicos del ciclo de vida de productos de consumo, considerando sus elementos y compuestos, y sugerir formas de minimizar impactos negativos.","assess social, environmental, and economic impacts of processes associated with the life cycle of consumer products",CON:quimica/materiales-y-ambiente CON:quimica/quimica-verde CON:quimica/sustancias-puras-elementos-y-compuestos,"extracción parcial: Omite la parte de ""sugerir formas de potenciar los impactos positivos"".",,
ON-QUI-on_snc1w-p051-05,ON,on_snc1w,51,"Science, Grade 9, De-streamed (SNC1W)",nucleo,"Investigar las propiedades, cambios e interacciones de la materia que son importantes para el equilibrio dinámico y la sostenibilidad de los ecosistemas.","investigate properties, changes, and interactions of matter that are important for the dynamic equilibrium of ecosystems",CON:quimica/cambios-fisicos-y-quimicos CON:quimica/equilibrio-dinamico CON:quimica/propiedades-fisicas-y-quimicas,etiqueta de confianza baja: Enunciado muy vago que mezcla conceptos químicos generales con ecología sin especificar las conexiones.,,
ON-QUI-on_snc2d-p073-01,ON,on_snc2d,73,"Science, Grade 10, Academic (SNC2D)",nucleo,"Las reacciones químicas pueden impactar negativamente el medio ambiente, pero también sirven para abordar desafíos ambientales.","Chemical reactions may have a negative impact on the environment, but they can also be used",CON:quimica/reaccion-quimica-y-evidencias,"etiqueta de confianza baja: Enunciado muy general sobre el impacto ambiental de la química, sin detallar conceptos específicos.",,
ON-QUI-on_snc2d-p073-02,ON,on_snc2d,73,"Science, Grade 10, Academic (SNC2D)",nucleo,Las sustancias químicas reaccionan entre sí de maneras predecibles.,Chemicals react with each other in predictable ways.,CON:quimica/tipos-de-reacciones-quimicas CON:quimica/reaccion-quimica-y-evidencias,"etiqueta de confianza baja: Principio fundamental muy amplio, no un concepto enseñable concreto; la previsibilidad se enseña después.",,
ON-TYE-on_ses4u-p140-01,ON,on_ses4u,140,"Earth and Space Science, Grade 12 (SES4U)",especializacion,"Utilizar terminología apropiada relacionada con la astronomía, incluyendo efecto Doppler, radiación electromagnética, ecuador celeste, eclíptica, altitud, azimut, ascensión recta y declinación.","use appropriate terminology related to astronomy, including, but not limited to: Doppler effect, electromagnetic radiation",,"extracción parcial: La paráfrasis omite el término ""protostar"" de la lista de ejemplos del documento original. | etiqueta de confianza baja: Es una lista de vocabulario astronómico diverso sin un concepto unificador claro.",,
ON-TYE-on_ses4u-p145-01,ON,on_ses4u,145,"Earth and Space Science, Grade 12 (SES4U)",especializacion,"Comparar y contrastar los principios y técnicas de datación relativa y absoluta aplicados a sistemas naturales, como la ley de superposición y la datación radiométrica.",compare and contrast relative and absolute dating principles and techniques as they apply to natural systems,CON:ciencias_tierra_espacio/tiempo-geologico,"extracción parcial: Omite algunos ejemplos del documento, como la ley de relaciones transversales.",,
ON-TYE-on_ses4u-p145-07,ON,on_ses4u,145,"Earth and Space Science, Grade 12 (SES4U)",especializacion,"Explicar la influencia de los cambios de paradigma, como el paso del uniformismo al catastrofismo, en el desarrollo del pensamiento geológico.","explain the influence of paradigm shifts (e.g., from uniformitarianism to catastrophism) in the development",CON:ciencias_tierra_espacio/tiempo-geologico,"etiqueta de confianza baja: Se enfoca en la historia y filosofía de la geología, no en un concepto específico.",,
ON-TYE-on_ses4u-p149-17,ON,on_ses4u,149,"Earth and Space Science, Grade 12 (SES4U)",especializacion,"Utilizar la terminología adecuada relacionada con los procesos geológicos, como fuerzas de cizallamiento, compresión, licuefacción, zona de Benioff, acuífero, isostasia y litificación, entre otros.","use appropriate terminology related to geological processes, including, but not limited to: shear forces, compression forces, liquifaction",CON:ciencias_tierra_espacio/aguas-subterraneas-y-acuiferos CON:ciencias_tierra_espacio/limites-de-placas CON:ciencias_tierra_espacio/sismos,extracción parcial: La paráfrasis omite varios ejemplos de la lista de terminología del documento original. | etiqueta de confianza baja: Es una lista de vocabulario geológico diverso sin un foco conceptual claro.,,
ON-TYE-on_snc1w-p055-06,ON,on_snc1w,55,"Science, Grade 9, De-streamed (SNC1W)",nucleo,Resumir la evidencia observacional que apoya las teorías sobre el origen y evolución del universo y el sistema solar.,summarize observational evidence used to support theories about the origin and evolution of the universe,CON:ciencias_tierra_espacio/big-bang CON:ciencias_tierra_espacio/formacion-del-sistema-solar CON:ciencias_tierra_espacio/evolucion-estelar CON:ciencias_tierra_espacio/galaxias,"extracción parcial: Omite la parte final del objetivo: ""considerando diversas formas de conocimiento"".",,
SG-BIO-sg_h1_bio-p009-06,SG,sg_h1_bio,9,A-Level H1 Biology,nucleo,"Conocer los isótopos, incluyendo los isótopos radiactivos.","Isotopes, including radioactive isotopes",,"etiqueta de confianza baja: Es un concepto de química con aplicaciones en biología, pero no es un concepto biológico.",,
SG-BIO-sg_h1_bio-p009-07,SG,sg_h1_bio,9,A-Level H1 Biology,nucleo,"Tener conocimiento sobre moléculas, átomos, iones y electrones.","Molecules, atoms, ions, electrons",CON:biologia/biomoleculas,"etiqueta de confianza baja: Son los fundamentos de la química, prerrequisitos para la biología, no conceptos biológicos.",,
SG-BIO-sg_h1_bio-p009-08,SG,sg_h1_bio,9,A-Level H1 Biology,nucleo,Aplicar correctamente las unidades y cifras significativas en las respuestas para evitar penalizaciones.,Candidates should be aware that misuse of units and/or significant figures... is liable to be penalised.,,extracción parcial: agregado por el validador (completitud),,
SG-BIO-sg_h1_bio-p011-09,SG,sg_h1_bio,11,A-Level H1 Biology,nucleo,"Interpretar y reconocer dibujos y micrografías del citoplasma, pared celular y diversos orgánulos y sistemas de membranas como el retículo endoplasmático, mitocondrias, cloroplastos y núcleo.","interpret and recognise drawings, photomicrographs and electron micrographs of the cytoplasm",CON:biologia/estructuras-celulares-basicas CON:biologia/organelos-de-la-celula-eucariota CON:biologia/celula-animal-y-vegetal,extracción parcial: Omite varias estructuras y orgánulos celulares importantes de la lista original del documento.,,
SG-BIO-sg_h1_bio-p012-01,SG,sg_h1_bio,12,A-Level H1 Biology,nucleo,Describir la estructura molecular de la hemoglobina y explicar cómo se relaciona con su función de transporte.,describe the molecular structure of the haemoglobin protein and explain how its structure relates to its function,CON:biologia/proteinas-estructura-y-funcion CON:biologia/biomoleculas,extracción parcial: Omite la aclaración de que no se requieren detalles específicos de la estructura.,,
SG-BIO-sg_h1_bio-p012-11,SG,sg_h1_bio,12,A-Level H1 Biology,nucleo,"Investigar y explicar los efectos de temperatura, pH y concentración de enzima y sustrato en la velocidad de reacciones enzimáticas midiendo la formación de productos o desaparición de sustratos.","investigate and explain the effects of temperature, pH, enzyme concentration and substrate concentration on the rate",CON:biologia/enzimas,"extracción parcial: Omite los ejemplos de medición (catalasa, amilasa, yodo) que ilustran el objetivo.",,
SG-BIO-sg_h1_bio-p013-02,SG,sg_h1_bio,13,A-Level H1 Biology,nucleo,"Describir el desarrollo del cáncer como un proceso de múltiples pasos que incluye la acumulación de mutaciones, angiogénesis y metástasis.",describe the development of cancer as a multi-step process that includes accumulation of mutations,CON:biologia/mitosis-y-ciclo-celular CON:biologia/mutaciones CON:biologia/enfermedades-infecciosas-y-no-infecciosas,extracción parcial: Omite la aclaración de que no se requieren detalles sobre genes específicos.,,
SG-BIO-sg_h1_bio-p013-09,SG,sg_h1_bio,13,A-Level H1 Biology,nucleo,Explicar la importancia del ciclo celular meiótico (división reduccional) y cómo la meiosis y la fertilización aleatoria pueden conducir a la variación genética.,explain the significance of the meiotic cell cycle... and that meiosis and random fertilisation can lead,CON:biologia/meiosis CON:biologia/variacion-genetica CON:biologia/fecundacion-y-desarrollo-embrionario,extracción parcial: Omite detalles importantes sobre la meiosis y las aclaraciones sobre el nivel de detalle.,,
SG-BIO-sg_h1_bio-p013-11,SG,sg_h1_bio,13,A-Level H1 Biology,nucleo,"Explicar los términos mutación génica (sustitución, adición, deleción) y aberración cromosómica (numérica como aneuploidía y estructural como translocación, duplicación, inversión y deleción).",explain what is meant by the terms gene mutation and chromosomal aberration.,CON:biologia/mutaciones CON:biologia/adn-y-cromosomas CON:biologia/genes-y-alelos,"extracción parcial: Omite detalles requeridos, como el efecto en la secuencia de aminoácidos y ejemplos.",,
SG-BIO-sg_h1_bio-p015-02,SG,sg_h1_bio,15,A-Level H1 Biology,nucleo,"Identificar reactivos iniciales y productos finales de las etapas de la respiración aeróbica (glucólisis, reacción de enlace, ciclo de Krebs y fosforilación oxidativa) sin detalles intermedios.",identify the initial reactants and final products for each of,CON:biologia/glucolisis-y-ciclo-de-krebs CON:biologia/atp-y-energia-celular CON:biologia/respiracion-celular,"extracción parcial: Omite parte de la lista de detalles que no son necesarios, simplificándola.",,
SG-BIO-sg_h2_bio-p010-01,SG,sg_h2_bio,10,A-Level H2 Biology,especializacion,"Comprender los cambios de energía, incluyendo la energía potencial, la energía de activación y la energía de enlace químico.","Energy changes (potential energy, activation energy, chemical bond energy)",CON:biologia/atp-y-energia-celular CON:biologia/enzimas,etiqueta de confianza baja: Aborda conceptos de química (energía) que son prerrequisitos para la bioenergética.,,
SG-BIO-sg_h2_bio-p010-02,SG,sg_h2_bio,10,A-Level H2 Biology,especializacion,"Comprender los conceptos de ácidos, bases, pH y soluciones amortiguadoras (buffers).","Acids, bases, pH, buffers",CON:biologia/homeostasis CON:biologia/enzimas,"etiqueta de confianza baja: Trata sobre pH y buffers, conceptos químicos fundamentales para la homeostasis y enzimología.",,
SG-BIO-sg_h2_bio-p010-04,SG,sg_h2_bio,10,A-Level H2 Biology,especializacion,Conocer el espectro electromagnético para facilitar la comprensión de los sistemas biológicos.,The electromagnetic spectrum,CON:biologia/fotosintesis CON:biologia/organos-de-los-sentidos,etiqueta de confianza baja: Introduce un concepto de física (espectro electromagnético) necesario para entender la fotosíntesis.,,
SG-BIO-sg_h2_bio-p010-06,SG,sg_h2_bio,10,A-Level H2 Biology,especializacion,"Conocer los conceptos fundamentales de moléculas, átomos, iones y electrones.","Molecules, atoms, ions, electrons",CON:biologia/biomoleculas CON:biologia/difusion-y-osmosis CON:biologia/membrana-celular,"etiqueta de confianza baja: Se refiere a conceptos químicos básicos (átomos, moléculas) que sustentan toda la biología.",,
SG-BIO-sg_h2_bio-p011-01,SG,sg_h2_bio,11,A-Level H2 Biology,especializacion,Estudiar la evolución biológica como una de las cuatro ideas centrales del curso.,Biological Evolution.,CON:biologia/evidencias-de-la-evolucion,"extracción parcial: agregado por el validador (completitud) | etiqueta de confianza baja: Es una declaración temática muy general sobre la evolución, sin especificar conceptos concretos.",,
SG-BIO-sg_h2_bio-p011-02,SG,sg_h2_bio,11,A-Level H2 Biology,especializacion,Estudiar la energía y el equilibrio como una de las cuatro ideas centrales del curso.,Energy and Equilibrium,CON:biologia/atp-y-energia-celular CON:biologia/homeostasis,extracción parcial: agregado por el validador (completitud) | etiqueta de confianza baja: Declaración temática muy general que abarca múltiples conceptos de energía y equilibrio no especificados.,,
SG-BIO-sg_h2_bio-p011-03,SG,sg_h2_bio,11,A-Level H2 Biology,especializacion,Estudiar la genética y la herencia como una de las cuatro ideas centrales del curso.,Genetics and Inheritance,CON:biologia/genes-y-alelos CON:biologia/herencia-de-rasgos,"extracción parcial: agregado por el validador (completitud) | etiqueta de confianza baja: Declaración temática muy general sobre genética y herencia, sin especificar conceptos o mecanismos.",,
SG-BIO-sg_h2_bio-p011-04,SG,sg_h2_bio,11,A-Level H2 Biology,especializacion,Estudiar el impacto del cambio climático en animales y plantas como tema de extensión.,Impact of Climate Change on Animals and Plants.,CON:biologia/cambio-climatico-y-seres-vivos,extracción parcial: agregado por el validador (completitud),,
SG-BIO-sg_h2_bio-p011-05,SG,sg_h2_bio,11,A-Level H2 Biology,especializacion,Estudiar las enfermedades infecciosas como uno de los temas de extensión del curso.,Extension Topic. There are 2 Extension Topics: A Infectious Diseases,CON:biologia/enfermedades-infecciosas-y-no-infecciosas,extracción parcial: agregado por el validador (completitud),,
SG-BIO-sg_h2_bio-p011-06,SG,sg_h2_bio,11,A-Level H2 Biology,especializacion,Estudiar la célula y las biomoléculas de la vida como una de las cuatro ideas centrales del curso.,The Cell and Biomolecules of Life,CON:biologia/biomoleculas CON:biologia/la-celula-unidad-de-la-vida,"extracción parcial: agregado por el validador (completitud) | etiqueta de confianza baja: Declaración temática muy general sobre células y biomoléculas, sin especificar detalles.",,
SG-BIO-sg_h2_bio-p021-08,SG,sg_h2_bio,21,A-Level H2 Biology,especializacion,"Explicar los efectos del cambio climático por emisiones de gases de efecto invernadero, incluyendo deshielo, aumento del nivel del mar, clima extremo, estrés hídrico y migración.",explain the effects of climate change as a result of,CON:biologia/cambio-climatico-y-seres-vivos CON:biologia/ciclo-del-agua-y-seres-vivos CON:biologia/ciclo-del-carbono-y-oxigeno CON:biologia/impacto-humano-en-los-ecosistemas,"extracción parcial: Omite varios efectos mencionados, como el estrés a ecosistemas y la liberación de gases.",,
SG-BIO-sg_k325-p021-04,SG,sg_k325,21,SEC G3 Biology,especializacion,"Indicar que el ADN es una doble hélice de dos cadenas de nucleótidos, cada uno formado por un azúcar, un grupo fosfato y una base.",state that DNA is a double helix comprising two strands of nucleotides,CON:biologia/estructura-del-adn CON:biologia/biomoleculas,extracción parcial: Omite el detalle de que hay cuatro bases diferentes en los nucleótidos.,,
SG-BIO-sg_k326_k328-p046-03,SG,sg_k326_k328,46,SEC G3 Science (Combined),nucleo,"Describir las funciones de las partes del sistema digestivo en relación con la ingestión, digestión, absorción, asimilación y egestión de alimentos.",describe the functions of the various parts of the digestive system,CON:biologia/sistema-digestivo CON:biologia/digestion-y-absorcion-de-nutrientes CON:biologia/estructuras-del-cuerpo-y-su-funcion,extracción parcial: Omite la lista de ejemplos de las partes del sistema digestivo mencionadas.,,
SG-FIS-sg_h1_fis-p018-07,SG,sg_h1_fis,18,A-Level H1 Physics,nucleo,Definir la vida media y utilizar el término para resolver problemas que involucren información en tablas o curvas de desintegración.,define half-life as the time taken for a quantity x to reduce,CON:fisica/desintegracion-radiactiva,extracción parcial: Omite la definición explícita de vida media que se encuentra en el texto original.,,
SG-FIS-sg_h1_fis-p018-17,SG,sg_h1_fis,18,A-Level H1 Physics,nucleo,Representar reacciones nucleares simples mediante ecuaciones nucleares.,represent simple nuclear reactions by nuclear equations of the form,CON:fisica/desintegracion-radiactiva CON:fisica/fision-fusion-nuclear CON:fisica/nucleo-atomico-isotopos,extracción parcial: Omite el ejemplo de la ecuación nuclear que se especifica en el objetivo original.,,
SG-FIS-sg_h2_fis-p009-02,SG,sg_h2_fis,9,A-Level H2 Physics,especializacion,"Apreciar la medición y la incertidumbre como anclaje de las Prácticas de la Ciencia, fortaleciendo el marco de la física.",An appreciation for measurement and uncertainty anchors the Ways of Thinking and Doing articulated in the Practices of Science.,CON:fisica/medicion-magnitudes-instrumentos,extracción parcial: agregado por el validador (completitud) | etiqueta de confianza baja: Enunciado muy general sobre la importancia de la medición y la incertidumbre en física.,,
SG-FIS-sg_h2_fis-p009-04,SG,sg_h2_fis,9,A-Level H2 Physics,especializacion,Reexaminar los conceptos cotidianos de calor y temperatura desde una perspectiva física más profunda.,The everyday concepts of heat and temperature are re-examined.,CON:fisica/calor-vs-temperatura CON:fisica/modelo-particulas CON:fisica/temperatura-medicion-escalas,extracción parcial: agregado por el validador (completitud),,
SG-FIS-sg_h2_fis-p009-05,SG,sg_h2_fis,9,A-Level H2 Physics,especializacion,Relacionar el comportamiento microscópico de los constituyentes individuales con las propiedades macroscópicas del sistema colectivo.,connect the microscopic behaviour of individual constituents with the macroscopic properties of the collective system,CON:fisica/modelo-particulas CON:fisica/relaciones-presion-volumen-temperatura-gases CON:fisica/teoria-cinetica-gases,"etiqueta de confianza baja: Enunciado muy general sobre la conexión micro-macro, pilar de la termodinámica estadística.",,
SG-FIS-sg_h2_fis-p009-06,SG,sg_h2_fis,9,A-Level H2 Physics,especializacion,Utilizar el concepto de energía para comprender procesos físicos como la fusión y la ebullición en diversas sustancias.,The strand of energy provides insight into physical processes like melting and boiling for material substances,CON:fisica/calor-latente CON:fisica/cambios-estado CON:fisica/conservacion-energia,extracción parcial: agregado por el validador (completitud),,
SG-FIS-sg_h2_fis-p009-07,SG,sg_h2_fis,9,A-Level H2 Physics,especializacion,Analizar cómo la gravedad afecta el movimiento vertical pero no el horizontal de una bola lanzada.,Think about how gravity affects the vertical motion but not the horizontal motion of a thrown ball.,CON:fisica/movimiento-proyectiles CON:fisica/gravedad-atrae-hacia-tierra CON:fisica/movimiento-uniformemente-acelerado,extracción parcial: agregado por el validador (completitud),,
SG-FIS-sg_h2_fis-p009-08,SG,sg_h2_fis,9,A-Level H2 Physics,especializacion,Explicar por qué la Tierra mantiene una órbita circular y si existe aceleración al moverse con velocidad constante.,Why does the Earth maintain a circular orbit around the Sun? Is there acceleration when moving with constant speed?,CON:fisica/aceleracion-fuerza-centripeta CON:fisica/orbitas-satelites CON:fisica/gravitacion-universal CON:fisica/rapidez-velocidad,extracción parcial: agregado por el validador (completitud),,
SG-FIS-sg_h2_fis-p009-10,SG,sg_h2_fis,9,A-Level H2 Physics,especializacion,"Realizar investigaciones y experimentos para estudiar la mecánica de los sistemas, uniendo las observaciones del mundo real con la teoría.",conducting investigations and experiments to study the mechanics of systems.,,"etiqueta de confianza baja: Enunciado puramente procedimental sobre realizar investigaciones en mecánica, sin especificar conceptos.",,
SG-FIS-sg_h2_fis-p009-13,SG,sg_h2_fis,9,A-Level H2 Physics,especializacion,"Modelar el comportamiento colectivo de osciladores sincronizados como ondas, que transfieren energía sin transferir materia.",The collective behaviour of synchronised oscillators is modelled as waves. These ripples... can transfer energy without transferring matter.,CON:fisica/ondas-mecanicas-tipos CON:fisica/conservacion-energia CON:fisica/movimiento-armonico-simple,extracción parcial: agregado por el validador (completitud),,
SG-FIS-sg_h2_fis-p010-02,SG,sg_h2_fis,10,A-Level H2 Physics,especializacion,Analizar el almacenamiento de carga en capacitores para comprender mejor sus aplicaciones en la electrónica.,The consideration of charge storage in capacitors deepens learners' appreciation of applications in electronics.,CON:fisica/capacitancia,extracción parcial: agregado por el validador (completitud),,
SG-FIS-sg_h2_fis-p010-03,SG,sg_h2_fis,10,A-Level H2 Physics,especializacion,Conectar el comportamiento microscópico de las cargas individuales con la propiedad macroscópica de la corriente en los circuitos.,microscopic behaviour of individual charges is connected to the macroscopic property of current in circuit systems.,CON:fisica/corriente-voltaje-resistencia CON:fisica/carga-electrica-electrizacion,extracción parcial: agregado por el validador (completitud),,
SG-FIS-sg_h2_fis-p010-06,SG,sg_h2_fis,10,A-Level H2 Physics,especializacion,Reconocer la analogía entre la masa en un campo gravitatorio y la carga en un campo eléctrico.,There is a close analogy between mass in a gravitational field and charge in an electric field.,CON:fisica/campo-electrico CON:fisica/gravitacion-universal CON:fisica/ley-coulomb,extracción parcial: agregado por el validador (completitud),,
SG-FIS-sg_h2_fis-p010-08,SG,sg_h2_fis,10,A-Level H2 Physics,especializacion,"Comprender la necesidad de un marco teórico que armonice las propiedades de onda y partícula mediante probabilidad, números complejos y álgebra lineal.",harmonise both particle-like and wave-like properties into a coherent theory expressed in terms of probability,CON:fisica/dualidad-onda-particula,"etiqueta de confianza baja: Enunciado muy abstracto sobre la necesidad de un marco teórico, no sobre conceptos concretos.",,
SG-FIS-sg_h2_fis-p010-09,SG,sg_h2_fis,10,A-Level H2 Physics,especializacion,"Comprender que las ondas son como partículas y las partículas como ondas, contrario a la concepción clásica determinista.","Waves are particle-like, particles are wave-like; nature at its smallest scales does not behave in accordance with a deterministic",CON:fisica/dualidad-onda-particula CON:fisica/foton-efecto-fotoelectrico,extracción parcial: agregado por el validador (completitud),,
SG-FIS-sg_h2_fis-p012-06,SG,sg_h2_fis,12,A-Level H2 Physics,especializacion,"Describir las fuerzas sobre una masa, carga y conductor con corriente en campos gravitatorios, eléctricos y magnéticos, según corresponda.","describe the forces on a mass, charge and current-carrying conductor",CON:fisica/fuerzas-contacto-distancia CON:fisica/campo-electrico CON:fisica/fuerza-sobre-corrientes-motor CON:fisica/gravitacion-universal,"etiqueta de confianza baja: Agrupa la descripción de fuerzas en tres tipos de campos distintos (gravitatorio, eléctrico, magnético).",,
SG-FIS-sg_h2_fis-p012-07,SG,sg_h2_fis,12,A-Level H2 Physics,especializacion,"Mostrar comprensión cualitativa de fuerzas como la normal, empuje, fricción y fuerza viscosa, sin requerir conocer los coeficientes de fricción y viscosidad.","show a qualitative understanding of forces including normal force, buoyant force",CON:fisica/fuerzas-mecanicas-comunes CON:fisica/friccion-resistencia-aire CON:fisica/principio-arquimedes CON:fisica/viscosidad-regimen-flujo,extracción parcial: Omite el ejemplo de la resistencia del aire (e.g. air resistance).,,
SG-FIS-sg_h2_fis-p014-02,SG,sg_h2_fis,14,A-Level H2 Physics,especializacion,"Comprender el trabajo como transferencia mecánica de energía, definiéndolo y usándolo como el producto de la fuerza por el desplazamiento.","show an understanding that work is a mechanical transfer of energy, and define and use work",CON:fisica/trabajo-mecanico CON:fisica/conservacion-energia,extracción parcial: Omite el detalle crucial de que el desplazamiento es en la dirección de la fuerza.,,
SG-FIS-sg_h2_fis-p014-07,SG,sg_h2_fis,14,A-Level H2 Physics,especializacion,"Definir la intensidad del campo gravitatorio como fuerza por unidad de masa, y la intensidad del campo eléctrico como fuerza por unidad de carga.",define gravitational field strength at a point as the gravitational force per unit mass,CON:fisica/campo-electrico CON:fisica/gravitacion-universal CON:fisica/ley-coulomb CON:fisica/masa-y-peso,extracción parcial: Omite el detalle de que la carga de prueba para el campo eléctrico es positiva.,,
SG-FIS-sg_h2_fis-p017-05,SG,sg_h2_fis,17,A-Level H2 Physics,especializacion,Definir el potencial gravitatorio en un punto como el trabajo realizado por unidad de masa por una fuerza externa al traer una masa desde el infinito.,define gravitational potential at a point as the work done,CON:fisica/energia-potencial-gravitatoria CON:fisica/trabajo-mecanico,"extracción parcial: Omite la condición de que la masa de prueba debe ser pequeña (""small test mass"").",,
SG-FIS-sg_h2_fis-p018-02,SG,sg_h2_fis,18,A-Level H2 Physics,especializacion,"Comprender y usar los términos amplitud, período, frecuencia, frecuencia angular, fase y diferencia de fase, y expresar el período en función de la frecuencia.","show an understanding of and use the terms amplitude, period",CON:fisica/movimiento-armonico-simple CON:fisica/magnitudes-ondas,extracción parcial: Omite que el período también debe expresarse en función de la frecuencia angular.,,
SG-FIS-sg_h2_fis-p019-05,SG,sg_h2_fis,19,A-Level H2 Physics,especializacion,Comprender y aplicar el concepto de que la intensidad de una onda de fuente puntual sin pérdida de energía obedece la ley de la inversa del cuadrado.,"apply the concept, that the intensity of a wave from a point source",CON:fisica/magnitudes-ondas,extracción parcial: Omite que el concepto se debe aplicar para resolver problemas.,,
SG-FIS-sg_h2_fis-p019-09,SG,sg_h2_fis,19,A-Level H2 Physics,especializacion,Recordar y usar la ley de Malus para calcular la amplitud e intensidad de una onda electromagnética polarizada plana tras pasar por un filtro.,recall and use Malus’ law to calculate the amplitude and intensity,CON:fisica/polarizacion-luz CON:fisica/ondas-electromagneticas-espectro,"extracción parcial: Omite la fórmula de la ley de Malus, (intensidad ∝ cos²θ).",,
SG-FIS-sg_h2_fis-p020-06,SG,sg_h2_fis,20,A-Level H2 Physics,especializacion,Describir el uso de una red de difracción para determinar la longitud de onda de la luz.,describe the use of a diffraction grating to determine the wavelength,CON:fisica/difraccion-luz CON:fisica/magnitudes-ondas,extracción parcial: Omite la aclaración de que no se requiere conocimiento del espectrómetro.,,
SG-FIS-sg_h2_fis-p020-10,SG,sg_h2_fis,20,A-Level H2 Physics,especializacion,Recordar y usar el criterio de Rayleigh θ ≈ λ/b para el poder de resolución de una apertura simple.,recall and use the Rayleigh criterion for the resolving power,CON:fisica/difraccion-luz CON:fisica/magnitudes-ondas,extracción parcial: Omite la definición de la variable 'b' (ancho de la apertura).,,
SG-FIS-sg_h2_fis-p020-11,SG,sg_h2_fis,20,A-Level H2 Physics,especializacion,Recordar y usar la ecuación a sinθ = nλ para resolver problemas sobre los máximos principales de una red de difracción.,recall and use the equation a sinθ = nλ to solve problems,CON:fisica/difraccion-luz CON:fisica/magnitudes-ondas,extracción parcial: Omite la definición de la variable 'a' (separación de la rendija).,,
SG-FIS-sg_h2_fis-p020-12,SG,sg_h2_fis,20,A-Level H2 Physics,especializacion,Recordar y usar la ecuación ax/D = λ para resolver problemas de interferencia de doble rendija.,recall and use the equation ax/D = λ to solve problems,CON:fisica/interferencia-luz CON:fisica/magnitudes-ondas,extracción parcial: Omite las definiciones de las variables 'a' y 'x' de la ecuación.,,
SG-FIS-sg_h2_fis-p020-13,SG,sg_h2_fis,20,A-Level H2 Physics,especializacion,Recordar y usar la ecuación b sinθ = λ para resolver problemas sobre las posiciones de los primeros mínimos en difracción por rendija simple.,recall and use the equation b sinθ = λ to solve problems,CON:fisica/difraccion-luz CON:fisica/magnitudes-ondas,extracción parcial: Omite la definición de la variable 'b' (ancho de la rendija).,,
SG-FIS-sg_h2_fis-p023-04,SG,sg_h2_fis,23,A-Level H2 Physics,especializacion,Definir el potencial eléctrico en un punto como el trabajo realizado por unidad de carga al traer una carga de prueba desde el infinito.,define electric potential at a point as the work done per unit charge by an external force,CON:fisica/potencial-electrico CON:fisica/campo-electrico CON:fisica/trabajo-mecanico,extracción parcial: Omite que la fuerza es externa y que la carga de prueba es positiva.,,
SG-FIS-sg_h2_fis-p025-09,SG,sg_h2_fis,25,A-Level H2 Physics,especializacion,"Resolver problemas con arreglos en serie y paralelo de resistores, incluyendo circuitos divisores de potencial con termistores NTC y LDR.",solve problems involving series and parallel arrangements of resistors,CON:fisica/resistencia-equivalente CON:fisica/circuitos-serie-paralelo CON:fisica/semiconductores-dispositivos,extracción parcial: Omite la condición de que los problemas son para una única fuente de f.e.m.,,
SG-FIS-sg_h2_fis-p028-02,SG,sg_h2_fis,28,A-Level H2 Physics,especializacion,Comprender la existencia de niveles de energía electrónicos discretos en átomos aislados y deducir cómo esto conduce a la observación de líneas espectrales.,show an understanding of the existence of discrete electronic energy levels for the electron’s wavefunction,CON:fisica/niveles-energia-espectros,extracción parcial: Omite el ejemplo específico del hidrógeno atómico.,,
SG-FIS-sg_h2_fis-p028-03,SG,sg_h2_fis,28,A-Level H2 Physics,especializacion,Comprender las soluciones de ondas estacionarias ψn para la función de onda de una partícula en un pozo de potencial cuadrado infinito.,show an understanding of standing wave solutions ψn for the wavefunction of a particle,CON:fisica/dualidad-onda-particula CON:fisica/ondas-estacionarias,"extracción parcial: Omite que el pozo de potencial es unidimensional. | etiqueta de confianza baja: Los conceptos específicos de mecánica cuántica (pozo de potencial, función de onda) no están.",,
SG-FIS-sg_h2_fis-p028-04,SG,sg_h2_fis,28,A-Level H2 Physics,especializacion,"Comprender que el estado de una partícula se representa con una función de onda ψ, y que |ψ|² es la densidad de probabilidad.",show an understanding that the state of a particle can be represented as a wavefunction ψ,CON:fisica/dualidad-onda-particula,extracción parcial: Omite el ejemplo de la nube de electrones y el cálculo de factores de normalización. | etiqueta de confianza baja: Faltan en el catálogo los conceptos de función de onda y su interpretación probabilística.,,
SG-FIS-sg_h2_fis-p028-05,SG,sg_h2_fis,28,A-Level H2 Physics,especializacion,"Comprender que el principio de superposición se aplica a las funciones de onda, resultando en ondas estacionarias e interferencia de partículas individuales.",show an understanding that the principle of superposition applies to the wavefunctions describing a particle’s position,CON:fisica/dualidad-onda-particula CON:fisica/superposicion-interferencia CON:fisica/ondas-estacionarias,extracción parcial: Omite los contextos específicos: partícula en una caja y experimentos de doble rendija.,,
SG-FIS-sg_h2_fis-p028-06,SG,sg_h2_fis,28,A-Level H2 Physics,especializacion,Comprender que la difracción de electrones y la interferencia de doble rendija proporcionan evidencia de la naturaleza ondulatoria de las partículas.,show an understanding that electron diffraction and double-slit interference of single particles provide evidence,CON:fisica/dualidad-onda-particula CON:fisica/difraccion-luz CON:fisica/interferencia-luz,extracción parcial: Omite que la interferencia es de partículas individuales («single particles»).,,
SG-FIS-sg_h2_fis-p028-07,SG,sg_h2_fis,28,A-Level H2 Physics,especializacion,"Comprender que la frecuencia umbral en el efecto fotoeléctrico evidencia la naturaleza corpuscular de la radiación, y la interferencia su naturaleza ondulatoria.",show an understanding that the existence of a threshold frequency in the photoelectric effect provides evidence,CON:fisica/dualidad-onda-particula CON:fisica/foton-efecto-fotoelectrico CON:fisica/interferencia-luz,extracción parcial: Omite que la difracción también es evidencia de la naturaleza ondulatoria de la radiación.,,
SG-FIS-sg_h2_fis-p028-10,SG,sg_h2_fis,28,A-Level H2 Physics,especializacion,Indicar que un fotón es un cuanto de radiación y usar la ecuación E = hf para resolver problemas de energía.,"state that a photon is a quantum of electromagnetic radiation, and recall and use the equation E = hf",CON:fisica/cuantizacion-energia-planck CON:fisica/foton-efecto-fotoelectrico,extracción parcial: Omite la mención de que h es la constante de Planck.,,
SG-FIS-sg_h2_fis-p028-13,SG,sg_h2_fis,28,A-Level H2 Physics,especializacion,Resolver problemas usando la ecuación de niveles de energía permitidos En para una partícula en un pozo cuadrado infinito unidimensional.,solve problems using En = ... for the allowed energy levels of a particle of mass m,CON:fisica/niveles-energia-espectros,"extracción parcial: Omite la fórmula explícita para los niveles de energía, que está en el original. | etiqueta de confianza baja: El concepto central, la partícula en un pozo de potencial, no está en el catálogo.",,
SG-FIS-sg_h2_fis-p029-01,SG,sg_h2_fis,29,A-Level H2 Physics,especializacion,Comprender cómo las leyes de conservación de energía y momento en la desintegración beta predijeron la existencia del neutrino o antineutrino.,show an understanding of how the conservation laws for energy and momentum in β decay were used,CON:fisica/desintegracion-radiactiva CON:fisica/conservacion-energia CON:fisica/conservacion-momento-lineal CON:fisica/modelo-estandar-particulas,extracción parcial: Omite la aclaración de que no se requiere conocimiento del 'zoo de partículas'.,,
SG-FIS-sg_h2_fis-p029-15,SG,sg_h2_fis,29,A-Level H2 Physics,especializacion,"Representar reacciones nucleares simples mediante ecuaciones nucleares, conservando el número de nucleones y protones.",represent simple nuclear reactions by nuclear equations of the form,CON:fisica/desintegracion-radiactiva CON:fisica/fision-fusion-nuclear CON:fisica/nucleo-atomico-isotopos,"extracción parcial: Agrega el concepto de conservación, que pertenece a otro objetivo de aprendizaje.",,
SG-FIS-sg_h2_fis-p031-06,SG,sg_h2_fis,31,A-Level H2 Physics,especializacion,Demostrar un alto nivel de habilidades de manipulación en todos los aspectos de la actividad práctica.,demonstrate a high level of manipulative skills in all aspects of practical activity,,"etiqueta de confianza baja: Enunciado muy general sobre habilidades prácticas, sin especificar conceptos físicos.",,
SG-FIS-sg_h2_fis-p031-15,SG,sg_h2_fis,31,A-Level H2 Physics,especializacion,Presentar toda la información en un formato apropiado.,present all information in an appropriate form,,etiqueta de confianza baja: Enunciado muy general sobre la práctica de comunicar información científica.,,
SG-FIS-sg_k323-p024-02,SG,sg_k323,24,SEC G3 Physics,especializacion,Describir el cableado en un enchufe de red eléctrica.,describe the wiring in a mains plug,CON:fisica/circuito-electrico-simple,"etiqueta de confianza baja: Trata sobre cableado doméstico, un tema práctico no bien cubierto por los conceptos teóricos.",,
SG-FIS-sg_k323-p029-01,SG,sg_k323,29,SEC G3 Physics,especializacion,"Definir las magnitudes físicas específicas señaladas con un asterisco, tales como peso, densidad, velocidad, aceleración, fuerza, trabajo y potencia.",Candidates should be able to define those items indicated by an asterisk (*).,CON:fisica/segunda-ley-newton CON:fisica/trabajo-mecanico CON:fisica/masa-y-peso CON:fisica/potencia-mecanica CON:fisica/rapidez-velocidad,"extracción parcial: El objetivo añade ejemplos específicos que no están en la oración original del documento. | etiqueta de confianza baja: Es una lista de definiciones de múltiples conceptos fundamentales, sin un foco temático claro.",,
SG-FIS-sg_k326_k328-p020-09,SG,sg_k326_k328,20,SEC G3 Science (Combined),nucleo,Recordar y aplicar la proporcionalidad entre la resistencia y la longitud y el área transversal de un cable para resolver problemas.,recall and apply the relationship of the proportionality between resistance,CON:fisica/corriente-voltaje-resistencia,"extracción parcial: Omite la frase ""to new situations"" del objetivo original.",,
SG-QUI-sg_h1_qui-p012-01,SG,sg_h1_qui,12,A-Level H1 Chemistry,nucleo,Demostrar comprensión de que todos los enlaces químicos son de naturaleza electrostática.,show understanding that all chemical bonds are electrostatic in nature and describe:,CON:quimica/enlace-quimico CON:quimica/enlace-covalente CON:quimica/enlace-ionico CON:quimica/enlace-metalico,extracción parcial: agregado por el validador (completitud),,
SG-QUI-sg_h1_qui-p017-07,SG,sg_h1_qui,17,A-Level H1 Chemistry,nucleo,Aplicar la Ley de Hess para realizar cálculos con energías de enlace promedio en ciclos de energía simples.,average bond energies [construction of energy cycles is not required],CON:quimica/energia-de-enlace CON:quimica/ley-de-hess-y-entalpias-de-formacion CON:quimica/entalpia-de-reaccion,extracción parcial: El documento especifica que no se requiere la construcción de ciclos de energía.,,
SG-QUI-sg_h1_qui-p021-04,SG,sg_h1_qui,21,A-Level H1 Chemistry,nucleo,"Describir la química de aldehídos y cetonas: reducción a alcoholes primarios y secundarios, y oxidación de aldehídos a ácidos carboxílicos.",aldehydes... and ketones... in terms of their reduction to primary and secondary alcohols respectively... and oxidation,CON:quimica/oxidacion-y-reduccion CON:quimica/reacciones-organicas CON:quimica/grupos-funcionales,extracción parcial: Omite los reactivos específicos para las reacciones de reducción y oxidación.,,
SG-QUI-sg_h1_qui-p021-06,SG,sg_h1_qui,21,A-Level H1 Chemistry,nucleo,"Describir la química de los alcanos: generalmente no reactivos, excepto en combustión y sustitución por cloro con luz ultravioleta.",alkanes (exemplified by ethane) as being generally unreactive except in terms of combustion and substitution,CON:quimica/combustion CON:quimica/reacciones-organicas CON:quimica/fundamentos-de-reactividad-organica CON:quimica/hidrocarburos-alifaticos,"extracción parcial: Omite la condición de ""temperatura ambiente"" para la reacción de sustitución.",,
SG-QUI-sg_h1_qui-p021-07,SG,sg_h1_qui,21,A-Level H1 Chemistry,nucleo,"Describir la química de los alcoholes: combustión, oxidación a ácidos carboxílicos y eliminación a alquenos.","alcohols... in terms of combustion, oxidation to carboxylic acids... and elimination to alkenes",CON:quimica/reacciones-organicas CON:quimica/combustion CON:quimica/grupos-funcionales CON:quimica/oxidacion-y-reduccion,extracción parcial: Omite los reactivos y condiciones específicas para las reacciones de oxidación y eliminación.,,
SG-QUI-sg_h1_qui-p021-08,SG,sg_h1_qui,21,A-Level H1 Chemistry,nucleo,Describir la química de los alquenos: combustión y reacciones de adición con bromo y con hidrógeno (catalizador Ni).,alkenes (exemplified by ethene) in terms of combustion and addition reactions with bromine... and hydrogen,CON:quimica/reacciones-organicas CON:quimica/catalizadores CON:quimica/combustion CON:quimica/hidrocarburos-alifaticos,extracción parcial: Omite que la reacción con bromo es en CCl4.,,
SG-QUI-sg_h1_qui-p021-10,SG,sg_h1_qui,21,A-Level H1 Chemistry,nucleo,"Describir la química de ácidos carboxílicos: reacción con álcalis/carbonatos, condensación con alcoholes (ésteres) y con aminas (amidas).",carboxylic acids... in terms of: reaction with alkalis and carbonates... condensation with alcohols... and with amines,CON:quimica/neutralizacion CON:quimica/reacciones-organicas CON:quimica/esterificacion-e-hidrolisis CON:quimica/grupos-funcionales,extracción parcial: Omite que la reacción con álcalis y carbonatos forma sales y los catalizadores.,,
SG-QUI-sg_h1_qui-p021-19,SG,sg_h1_qui,21,A-Level H1 Chemistry,nucleo,"Reconocer los polímeros como macromoléculas formadas por monómeros, con masa molecular relativa promedio de al menos 1000 o 100 unidades.","recognise polymers as macromolecules built up from monomers, with average relative molecular mass of at least 1000",CON:quimica/estructura-y-propiedades-de-polimeros CON:quimica/polimerizacion,"extracción parcial: Cambia ""100 unidades de repetición"" por ""100 unidades"", lo cual es impreciso.",,
SG-QUI-sg_h1_qui-p022-01,SG,sg_h1_qui,22,A-Level H1 Chemistry,nucleo,Aplicar el conocimiento de la estructura tridimensional para interpretar fenómenos reales como calentar claras de huevo o añadir vinagre a la leche.,apply knowledge of the loss and formation of three-dimensional structure to interpret real-world phenomena,CON:quimica/aminoacidos-y-proteinas CON:quimica/cambios-fisicos-y-quimicos CON:quimica/fuerzas-intermoleculares,"extracción parcial: Omite que el conocimiento se refiere a la ""pérdida y formación"" de la estructura.",,
SG-QUI-sg_h1_qui-p022-09,SG,sg_h1_qui,22,A-Level H1 Chemistry,nucleo,Describir y explicar la estructura y enlaces del LDPE y HDPE en relación con sus propiedades y usos en bolsas y botellas.,describe and explain the types of structure and bonding in relation to the properties and uses... LDPE... HDPE,CON:quimica/estructura-y-propiedades-de-polimeros CON:quimica/materia-y-materiales CON:quimica/polimerizacion,"extracción parcial: Omite la comparación explícita de propiedades (suavidad, flexibilidad, dureza) entre LDPE y HDPE.",,
SG-QUI-sg_h1_qui-p022-12,SG,sg_h1_qui,22,A-Level H1 Chemistry,nucleo,Describir y explicar la estructura y enlaces del poliéster y la poliamida en relación con sus propiedades como telas.,describe and explain the types of structure and bonding... polyester and polyamide as fabric,CON:quimica/estructura-y-propiedades-de-polimeros CON:quimica/fuerzas-intermoleculares-y-propiedades-fisicas CON:quimica/polimerizacion,extracción parcial: Omite la propiedad específica comparada (poliéster es menos propenso a arrugarse).,,
SG-QUI-sg_h2_qui-p011-02,SG,sg_h2_qui,11,A-Level H2 Chemistry,especializacion,Comprender y aplicar la constante de Faraday en cálculos electroquímicos.,the Faraday constant,CON:quimica/electrolisis CON:quimica/estequiometria CON:quimica/mol-y-numero-de-avogadro,extracción parcial: El documento solo menciona “the Faraday constant”; el objetivo añade el contexto de aplicación.,,
SG-QUI-sg_h2_qui-p011-05,SG,sg_h2_qui,11,A-Level H2 Chemistry,especializacion,Describir el funcionamiento y las aplicaciones de baterías y celdas de combustible.,batteries and fuel cells,CON:quimica/celdas-galvanicas CON:quimica/oxidacion-y-reduccion,extracción parcial: El documento solo lista “batteries and fuel cells”; el objetivo añade el verbo de acción.,,
SG-QUI-sg_h2_qui-p011-08,SG,sg_h2_qui,11,A-Level H2 Chemistry,especializacion,"Comprender los tipos de enlaces químicos: iónico, covalente y metálico, así como las fuerzas intermoleculares.","ionic bond, covalent bond, metallic bond, intermolecular forces",CON:quimica/enlace-quimico CON:quimica/enlace-covalente CON:quimica/enlace-ionico CON:quimica/fuerzas-intermoleculares,"etiqueta de confianza baja: Es una lista de cuatro temas conceptuales muy grandes, lo que lo hace vago y sobrecargado.",,
SG-QUI-sg_h2_qui-p011-10,SG,sg_h2_qui,11,A-Level H2 Chemistry,especializacion,Comprender los principios de la estequiometría y las reacciones redox en las transformaciones de la materia.,"stoichiometry, redox",CON:quimica/estequiometria CON:quimica/oxidacion-y-reduccion CON:quimica/conservacion-de-la-masa CON:quimica/ecuacion-quimica-y-balanceo,etiqueta de confianza baja: Agrupa dos temas conceptuales grandes y distintos (estequiometría y redox) en un solo enunciado.,,
SG-QUI-sg_h2_qui-p011-12,SG,sg_h2_qui,11,A-Level H2 Chemistry,especializacion,"Aplicar la nomenclatura, identificar formas moleculares y reconocer grupos funcionales en compuestos orgánicos.","introduction (nomenclature, shapes, functional groups)",CON:quimica/grupos-funcionales CON:quimica/nomenclatura-organica CON:quimica/geometria-molecular-rpecv,"etiqueta de confianza baja: Es una lista de tres habilidades distintas, aunque relacionadas, de la química orgánica básica.",,
SG-QUI-sg_h2_qui-p011-13,SG,sg_h2_qui,11,A-Level H2 Chemistry,especializacion,"Describir las reacciones de diversos grupos funcionales como alcanos, alquenos, alcoholes, aldehídos, cetonas, ácidos carboxílicos, aminas, etc.","functional group reactions (alkanes, alkenes, arenes, halogenoalkanes, halogenoarenes, alcohols, phenols, aldehydes, ketones",CON:quimica/reacciones-organicas CON:quimica/grupos-funcionales CON:quimica/hidrocarburos-alifaticos,extracción parcial: El objetivo omite varios de los grupos funcionales listados en el documento original.,,
SG-QUI-sg_h2_qui-p011-15,SG,sg_h2_qui,11,A-Level H2 Chemistry,especializacion,Comprender el concepto de pH y realizar cálculos relacionados.,pH,CON:quimica/autoionizacion-del-agua-y-ph CON:quimica/escala-de-ph,extracción parcial: El documento solo menciona “pH”; la parte de “realizar cálculos” es una adición.,,
SG-QUI-sg_h2_qui-p011-19,SG,sg_h2_qui,11,A-Level H2 Chemistry,especializacion,Explicar el efecto del ion común en sistemas en equilibrio químico.,common ion effect,CON:quimica/principio-de-le-chatelier CON:quimica/disoluciones-amortiguadoras CON:quimica/producto-de-solubilidad,extracción parcial: El documento solo lista “common ion effect”; el objetivo añade el contexto de su aplicación.,,
SG-QUI-sg_h2_qui-p011-20,SG,sg_h2_qui,11,A-Level H2 Chemistry,especializacion,Explicar el funcionamiento y las propiedades de las soluciones amortiguadoras (buffers).,buffer solutions,CON:quimica/disoluciones-amortiguadoras CON:quimica/fuerza-de-acidos-y-bases CON:quimica/principio-de-le-chatelier,extracción parcial: El documento solo lista “buffer solutions”; el objetivo detalla lo que implica su estudio.,,
SG-QUI-sg_h2_qui-p011-22,SG,sg_h2_qui,11,A-Level H2 Chemistry,especializacion,Explicar el origen del color en los complejos de metales de transición.,colour of complexes,CON:quimica/quimica-descriptiva-de-los-elementos,extracción parcial: El documento solo lista “colour of complexes”; el objetivo especifica la acción de explicar.,,
SG-QUI-sg_h2_qui-p011-24,SG,sg_h2_qui,11,A-Level H2 Chemistry,especializacion,Explicar las propiedades de los gases utilizando la teoría cinética de partículas como modelo de un gas ideal.,(kinetic particle theory) explains the properties of Gaseous State,CON:quimica/teoria-cinetica-de-los-gases CON:quimica/leyes-de-los-gases,extracción parcial: agregado por el validador (completitud),,
SG-QUI-sg_h2_qui-p012-01,SG,sg_h2_qui,12,A-Level H2 Chemistry,especializacion,Usar el modelo VSEPR para racionalizar la estructura tridimensional de las moléculas y explicar sus propiedades.,The Valence Shell Electron Pair Repulsion (VSEPR) model is used to rationalise the three-dimensional structure of molecules,CON:quimica/geometria-molecular-rpecv CON:quimica/polaridad-molecular,extracción parcial: agregado por el validador (completitud),,
SG-QUI-sg_h2_qui-p012-02,SG,sg_h2_qui,12,A-Level H2 Chemistry,especializacion,Comprender cuantitativamente la cinética química relacionando la velocidad de reacción con la concentración de los reactivos.,The chemical kinetics facet of a reaction can be understood quantitatively by relating the rate of reaction to the concentration of reactants.,CON:quimica/ley-de-velocidad-y-orden-de-reaccion CON:quimica/velocidad-de-reaccion-medicion,extracción parcial: agregado por el validador (completitud),,
SG-QUI-sg_h2_qui-p012-03,SG,sg_h2_qui,12,A-Level H2 Chemistry,especializacion,Examinar los factores que determinan la posición del equilibrio en una reacción química.,Factors which determine the position of equilibrium will also be examined.,CON:quimica/principio-de-le-chatelier CON:quimica/equilibrio-dinamico,extracción parcial: agregado por el validador (completitud),,
SG-QUI-sg_h2_qui-p012-04,SG,sg_h2_qui,12,A-Level H2 Chemistry,especializacion,Explicar cualitativamente los factores que afectan la velocidad de reacción basándose en la teoría de las colisiones.,The qualitative aspect which deals with the factors affecting rate of reactions will be covered based on the collision theory.,CON:quimica/teoria-de-colisiones CON:quimica/rapidez-de-reaccion-factores,extracción parcial: agregado por el validador (completitud),,
SG-QUI-sg_h2_qui-p012-05,SG,sg_h2_qui,12,A-Level H2 Chemistry,especializacion,Utilizar la constante de equilibrio (K) como medida de la extensión de una reacción reversible.,The concept of equilibrium constant (K) gives a measure of the extent of a reversible reaction.,CON:quimica/constante-de-equilibrio CON:quimica/equilibrio-dinamico,extracción parcial: agregado por el validador (completitud),,
SG-QUI-sg_h2_qui-p012-06,SG,sg_h2_qui,12,A-Level H2 Chemistry,especializacion,"Utilizar la energía libre de Gibbs (AG), junto con la entalpía (ΔH) y entropía (ΔS), para medir la viabilidad termodinámica de una reacción.","Together with entropy changes (AS), a mathematical relationship is established which gives the true measure of the thermodynamics feasibility... the Gibbs free energy (AG).",CON:quimica/energia-de-gibbs-y-espontaneidad CON:quimica/entalpia-de-reaccion CON:quimica/entropia,extracción parcial: agregado por el validador (completitud),,
SG-QUI-sg_h2_qui-p018-11,SG,sg_h2_qui,18,A-Level H2 Chemistry,especializacion,"Explicar que la mayoría de las reacciones químicas están acompañadas de cambios de energía, principalmente calor, y pueden ser exotérmicas o endotérmicas.","explain that most chemical reactions are accompanied by energy changes, principally in the form of heat",CON:quimica/reacciones-exotermicas-y-endotermicas CON:quimica/entalpia-de-reaccion,extracción parcial: Omite la explicación de que los cambios de energía se asocian a la ruptura/formación de enlaces.,,
SG-QUI-sg_h2_qui-p020-11,SG,sg_h2_qui,20,A-Level H2 Chemistry,especializacion,"Explicar y usar los términos: velocidad de reacción, ecuación de velocidad, orden de reacción, constante de velocidad, vida media, paso determinante, energía de activación y catálisis.",explain and use the terms: rate of reaction; rate equation; order of reaction; rate constant; half-life,CON:quimica/ley-de-velocidad-y-orden-de-reaccion CON:quimica/mecanismos-de-reaccion CON:quimica/catalizadores CON:quimica/energia-de-activacion-y-perfil-energetico CON:quimica/velocidad-de-reaccion-medicion,"etiqueta de confianza baja: Es una lista de vocabulario que abarca múltiples conceptos, lo que lo hace vago.",,
SG-QUI-sg_h2_qui-p026-02,SG,sg_h2_qui,26,A-Level H2 Chemistry,especializacion,Explicar la diferencia entre benceno y alqueno en términos de deslocalización de electrones π: preferencia del benceno por sustitución.,(ii) preference of benzene to undergo substitution rather than addition reaction,CON:quimica/hidrocarburos-alifaticos CON:quimica/hidrocarburos-aromaticos CON:quimica/reacciones-organicas CON:quimica/resonancia-y-carga-formal,extracción parcial: Omite que la preferencia por la sustitución es en lugar de la reacción de adición.,,
SG-QUI-sg_h2_qui-p026-04,SG,sg_h2_qui,26,A-Level H2 Chemistry,especializacion,"Explicar la falta de reactividad del clorobenceno frente a halogenoalcanos en sustitución nucleofílica, por deslocalización de electrones e impedimento estérico.",(g) explain the unreactivity of chlorobenzene compared to halogenoalkanes towards nucleophilic substitution,CON:quimica/hidrocarburos-aromaticos CON:quimica/reacciones-organicas CON:quimica/fundamentos-de-reactividad-organica CON:quimica/grupos-funcionales CON:quimica/resonancia-y-carga-formal,extracción parcial: Omite que la deslocalización es del par de electrones libres del halógeno.,,
SG-QUI-sg_h2_qui-p028-07,SG,sg_h2_qui,28,A-Level H2 Chemistry,especializacion,"Describir la alquilación de Friedel-Crafts en benceno con halogenoalcanos, reconociendo el uso de AlCl3 o AlBr3 como catalizadores ácidos de Lewis.",Friedel-Crafts alkylation with halogenoalkanes using AlCl3 or AlBr3 as catalyst,CON:quimica/hidrocarburos-aromaticos CON:quimica/reacciones-organicas CON:quimica/catalizadores CON:quimica/teorias-acido-base,"extracción parcial: Omite que la reacción también se ejemplifica con metilbenceno, no solo con benceno.",,
SG-QUI-sg_h2_qui-p034-10,SG,sg_h2_qui,34,A-Level H2 Chemistry,especializacion,"Explicar cualitativamente el intercambio de ligandos, los cambios de color involucrados y el intercambio de CO/O2 en la hemoglobina.","explain qualitatively that ligand exchange may occur, as exemplified by the formation of the complexes",CON:quimica/quimica-descriptiva-de-los-elementos CON:quimica/equilibrio-dinamico,"etiqueta de confianza baja: Aborda el intercambio de ligandos y el color, temas de química de coordinación no catalogados.",,
SG-QUI-sg_k324-p010-06,SG,sg_k324,10,SEC G3 Chemistry,especializacion,"Interpretar cromatogramas en papel, incluyendo la comparación con muestras conocidas y el uso de valores de Rf.",interpret paper chromatograms including comparison with ‘known’ samples and the use of Rf values,CON:quimica/cromatografia,"extracción parcial: El documento especifica valores de Rr (con subíndice r), no Rf.",,
SG-QUI-sg_k324-p016-01,SG,sg_k324,16,SEC G3 Chemistry,especializacion,"Describir el uso de hidróxido de sodio o amoníaco acuosos para identificar cationes acuosos (aluminio, amonio, calcio, cobre(II), hierro(II), hierro(III) y zinc) mediante precipitados.",describe the use of aqueous sodium hydroxide and/or aqueous ammonia to identify the following aqueous cations,CON:quimica/reacciones-de-precipitacion-e-identificacion-de-iones CON:quimica/iones CON:quimica/solubilidad,extracción parcial: Omite la parte del objetivo que se refiere a la solubilidad subsecuente del precipitado.,,
SG-QUI-sg_k324-p016-02,SG,sg_k324,16,SEC G3 Chemistry,especializacion,"Describir pruebas para identificar aniones: carbonato, cloruro, yoduro, nitrato y sulfato, utilizando reactivos específicos y observando los resultados característicos.",describe tests to identify the following anions: carbonate... chloride... iodide... nitrate... and sulfate,CON:quimica/reacciones-de-precipitacion-e-identificacion-de-iones CON:quimica/iones CON:quimica/neutralizacion,extracción parcial: Generaliza los reactivos y pruebas específicas que el documento detalla para cada anión.,,
SG-QUI-sg_k324-p016-03,SG,sg_k324,16,SEC G3 Chemistry,especializacion,"Describir pruebas para identificar gases: amoníaco, dióxido de carbono, cloro, hidrógeno, oxígeno y dióxido de azufre, utilizando métodos e indicadores específicos.",describe tests to identify the following gases: ammonia... carbon dioxide... chlorine... hydrogen... oxygen,CON:quimica/reaccion-quimica-y-evidencias CON:quimica/acidos-y-bases-propiedades CON:quimica/combustion,extracción parcial: Generaliza los reactivos y pruebas específicas que el documento detalla para cada gas.,,
SG-QUI-sg_k324-p023-01,SG,sg_k324,23,SEC G3 Chemistry,especializacion,"Describir dos métodos de reciclaje de plásticos, como el método físico y el químico.",describe two methods of recycling plastics as (i) physical method ... (ii) chemical method,CON:quimica/polimeros-y-ambiente CON:quimica/materiales-y-ambiente,extracción parcial: agregado por el validador (completitud),,
SG-QUI-sg_k324-p023-11,SG,sg_k324,23,SEC G3 Chemistry,especializacion,"Indicar algunos usos del poli(eteno) como plástico típico, por ejemplo, en bolsas de plástico y film transparente.",state some uses of poly(ethene) as a typical plastic,CON:quimica/polimerizacion CON:quimica/materia-y-materiales,"etiqueta de confianza baja: Relaciona un polímero específico (polieteno), ejemplo de polimerización, con sus usos cotidianos.",,
SG-QUI-sg_k324-p023-12,SG,sg_k324,23,SEC G3 Chemistry,especializacion,"Indicar usos típicos de fibras sintéticas como el nailon y el terileno, por ejemplo, en ropa, cortinas, paracaídas y sacos de dormir.",state some typical uses of man-made fibres such as nylon,CON:quimica/polimerizacion CON:quimica/materia-y-materiales,"etiqueta de confianza baja: Relaciona polímeros específicos (nailon), ejemplos de polimerización, con sus usos cotidianos.",,
SG-QUI-sg_k324-p024-01,SG,sg_k324,24,SEC G3 Chemistry,especializacion,Describir el ciclo del carbono en términos sencillos.,"describe the carbon cycle in simple terms, to include",,"extracción parcial: agregado por el validador (completitud) | etiqueta de confianza baja: El enunciado pide describir el ciclo del carbono, un concepto fundamental no presente en el catálogo.",,
SG-QUI-sg_k324-p024-02,SG,sg_k324,24,SEC G3 Chemistry,especializacion,Describir las reacciones usadas en posibles soluciones a los problemas de ciertos contaminantes.,describe the reactions used in possible solutions to the problems arising from some of the pollutants named in (b),CON:quimica/quimica-verde,"extracción parcial: agregado por el validador (completitud) | etiqueta de confianza baja: Enunciado muy vago sobre soluciones a la contaminación, que es el tema del concepto principal.",,
SG-QUI-sg_k324-p024-03,SG,sg_k324,24,SEC G3 Chemistry,especializacion,Discutir algunos de los efectos de estos contaminantes en la salud y el medio ambiente.,discuss some of the effects of these pollutants on health and on the environment,,extracción parcial: agregado por el validador (completitud),,
SG-QUI-sg_k324-p024-04,SG,sg_k324,24,SEC G3 Chemistry,especializacion,Indicar las fuentes de contaminantes atmosféricos comunes.,state the sources of these pollutants as,CON:quimica/combustion,extracción parcial: agregado por el validador (completitud),,
SG-QUI-sg_k324-p024-08,SG,sg_k324,24,SEC G3 Chemistry,especializacion,"Describir la composición volumétrica del aire seco: aproximadamente 78% nitrógeno, 21% oxígeno y el resto gases nobles y dióxido de carbono.",describe the volume composition of gases present in dry air,CON:quimica/mezclas,extracción parcial: Omite el detalle de que el argón es el principal gas noble constituyente.,,
SG-QUI-sg_k324-p024-13,SG,sg_k324,24,SEC G3 Chemistry,especializacion,"Indicar que el CO2 y el metano son gases de efecto invernadero, dar sus fuentes y describir los efectos potenciales de su aumento, como clima extremo y deshielo.",state that carbon dioxide and methane are greenhouse gases and may,,"etiqueta de confianza baja: El enunciado trata sobre gases de efecto invernadero, un tema no cubierto por el catálogo.",,
SG-QUI-sg_k326_k328-p025-01,SG,sg_k326_k328,25,SEC G3 Science (Combined),nucleo,La energía tiene un papel fundamental al influir en la velocidad y la magnitud de los cambios físicos y químicos.,Energy plays a key role in influencing the rate and extent of physical and chemical changes.,CON:quimica/cambios-fisicos-y-quimicos CON:quimica/rapidez-de-reaccion-factores CON:quimica/reacciones-exotermicas-y-endotermicas,"etiqueta de confianza baja: Enunciado muy general que conecta energía con cambios físicos y químicos, velocidad y magnitud.",,
SG-QUI-sg_k326_k328-p036-01,SG,sg_k326_k328,36,SEC G3 Science (Combined),nucleo,"Describir la composición volumétrica del aire seco: aproximadamente 78% nitrógeno, 21% oxígeno y el resto gases nobles y dióxido de carbono.","describe the volume composition of gases present in dry air as being approximately 78% nitrogen, 21% oxygen",CON:quimica/composicion-del-aire-y-contaminantes CON:quimica/mezclas,extracción parcial: Omite que el argón es el principal gas noble constituyente.,,
SG-QUI-sg_k326_k328-p036-02,SG,sg_k326_k328,36,SEC G3 Science (Combined),nucleo,Discutir el papel del dióxido de nitrógeno y dióxido de azufre en la formación de lluvia ácida y sus efectos.,the role of nitrogen dioxide and sulfur dioxide in the formation of ‘acid rain’ and its effects,CON:quimica/composicion-del-aire-y-contaminantes CON:quimica/acidos-y-bases-propiedades,extracción parcial: Omite los efectos específicos en la respiración y los edificios.,,
SG-QUI-sg_k326_k328-p038-04,SG,sg_k326_k328,38,SEC G3 Science (Combined),nucleo,Identificar el catión cobre(II) (Cu2+) mediante la formación de un precipitado azul claro al añadir hidróxido de sodio o amoníaco acuoso.,"copper(II) (Cu2+) light blue ppt., insoluble in excess",CON:quimica/reacciones-de-precipitacion-e-identificacion-de-iones CON:quimica/iones CON:quimica/quimica-descriptiva-de-los-elementos,extracción parcial: Omite que con exceso de amoníaco el precipitado se disuelve dando una solución azul oscuro.,,
SG-QUI-sg_k326_k328-p038-15,SG,sg_k326_k328,38,SEC G3 Science (Combined),nucleo,Realizar la prueba para identificar el gas dióxido de carbono comprobando si forma un precipitado blanco con agua de cal.,carbon dioxide (CO2) gives white ppt. with limewater,CON:quimica/reacciones-de-precipitacion-e-identificacion-de-iones CON:quimica/neutralizacion CON:quimica/reaccion-quimica-y-evidencias,extracción parcial: Omite que el precipitado se disuelve con exceso de dióxido de carbono.,,
SG-QUI-sg_k326_k328-p038-18,SG,sg_k326_k328,38,SEC G3 Science (Combined),nucleo,Identificar el catión aluminio (Al³⁺) por la formación de un precipitado blanco insoluble en exceso al añadir amoníaco acuoso.,"aluminium (Al3+) ... white ppt., insoluble in excess",CON:quimica/reacciones-de-precipitacion-e-identificacion-de-iones CON:quimica/iones CON:quimica/solubilidad,extracción parcial: agregado por el validador (completitud),,
SG-QUI-sg_k326_k328-p038-19,SG,sg_k326_k328,38,SEC G3 Science (Combined),nucleo,Identificar el catión calcio (Ca²⁺) por la ausencia de precipitado al añadir amoníaco acuoso.,calcium (Ca2+) ... no ppt.,CON:quimica/reacciones-de-precipitacion-e-identificacion-de-iones CON:quimica/fuerza-de-acidos-y-bases CON:quimica/iones CON:quimica/solubilidad,extracción parcial: agregado por el validador (completitud),,
SG-QUI-sg_k326_k328-p038-20,SG,sg_k326_k328,38,SEC G3 Science (Combined),nucleo,Identificar el catión cobre(II) (Cu²⁺) por la formación de una solución azul oscuro al añadir exceso de amoníaco acuoso.,copper(II) (Cu2+) ... soluble in excess giving a dark blue solution,CON:quimica/reacciones-de-precipitacion-e-identificacion-de-iones CON:quimica/iones CON:quimica/reaccion-quimica-y-evidencias,extracción parcial: agregado por el validador (completitud),,
SG-TYE-sg_k326_k328-p036-03,SG,sg_k326_k328,36,SEC G3 Science (Combined),nucleo,"Indicar que el dióxido de carbono y el metano son gases de efecto invernadero, sus fuentes y los efectos potenciales de su aumento.",state that carbon dioxide and methane are greenhouse gases and may contribute to global warming; give the sources,CON:ciencias_tierra_espacio/causas-del-cambio-climatico CON:ciencias_tierra_espacio/efecto-invernadero CON:ciencias_tierra_espacio/calentamiento-global CON:ciencias_tierra_espacio/ciclo-del-carbono,extracción parcial: Omite los efectos específicos como eventos climáticos extremos y derretimiento del hielo polar.,,
TW-BIO-tw_ele-p048-27,TW,tw_ele,48,加深加廣選修: 生物、物理、化學、地球科學,especializacion,Conocer la historia del debate entre la biogénesis y la abiogénesis.,生源說與無生源說的爭論歷程。,CON:biologia/la-celula-unidad-de-la-vida CON:biologia/historia-de-la-vida-en-la-tierra,etiqueta de confianza baja: El catálogo carece de un concepto para el debate histórico sobre biogénesis y abiogénesis.,,
TW-BIO-tw_ele-p048-31,TW,tw_ele,48,加深加廣選修: 生物、物理、化學、地球科學,especializacion,Explorar el proceso del origen de la vida desde la materia inorgánica hasta la orgánica.,從無機物到有機物的演變，探討生物起源的過程。,CON:biologia/historia-de-la-vida-en-la-tierra CON:biologia/biomoleculas,"etiqueta de confianza baja: El enunciado pide explorar el origen químico de la vida, un concepto no explícito en el catálogo.",,
TW-BIO-tw_ele-p049-05,TW,tw_ele,49,加深加廣選修: 生物、物理、化學、地球科學,especializacion,Conocer las aplicaciones de la biotecnología.,生物科技的應用。,CON:biologia/biotecnologia-microbiana CON:biologia/biotecnologia-vegetal CON:biologia/ingenieria-genetica,"etiqueta de confianza baja: El enunciado es muy vago y amplio, abarcando múltiples áreas de la biotecnología.",,
TW-BIO-tw_jh-p028-07,TW,tw_jh,28,國民中學 第四學習階段 (grados 7–9),nucleo,Describir la estructura floral: las anteras de los estambres producen polen y los ovarios de los carpelos contienen óvulos.,花的構造中，雄蕊的花藥可產生花粉粒...雌蕊的子房內有胚珠...,CON:biologia/reproduccion-de-plantas-con-flor CON:biologia/partes-de-la-planta-y-sus-funciones,extracción parcial: La paráfrasis omite que el óvulo contiene la ovocélula (célula huevo).,,
TW-BIO-tw_jh-p029-01,TW,tw_jh,29,國民中學 第四學習階段 (grados 7–9),nucleo,"La biosfera contiene ecosistemas. Los niveles de organización biológica son: individuo, población y comunidad.",生態系的生物因子，其組成層次由低到高為個體、族群、群集。,CON:biologia/niveles-de-organizacion-ecologica,extracción parcial: Omite que los niveles de organización se refieren a los factores bióticos del ecosistema.,,
TW-BIO-tw_jh-p033-01,TW,tw_jh,33,國民中學 第四學習階段 (grados 7–9),nucleo,"Detectar cambios en factores abióticos durante encuestas ambientales, reconociendo que estos afectan la distribución y supervivencia de los seres vivos.",生態系中的非生物因子會影響生物的分布與生存,CON:biologia/factores-bioticos-y-abioticos CON:biologia/habitat-y-ecosistemas-comunes CON:biologia/necesidades-de-los-seres-vivos,"extracción parcial: El objetivo se centra en el efecto, no en la detección durante encuestas.",,
TW-BIO-tw_jh-p033-07,TW,tw_jh,33,國民中學 第四學習階段 (grados 7–9),nucleo,"Identificar cómo los avances en ciencias biológicas ayudan a resolver problemas agrícolas, alimentarios, energéticos, médicos y ambientales.",生命科學的進步，有助於解決社會中發生的農業,CON:biologia/agricultura-y-seguridad-alimentaria CON:biologia/biotecnologia-microbiana CON:biologia/biotecnologia-vegetal CON:biologia/ingenieria-genetica,"etiqueta de confianza baja: Es muy amplio, abarcando múltiples aplicaciones de la biología en diversos campos prácticos.",,
TW-BIO-tw_jh-p033-11,TW,tw_jh,33,國民中學 第四學習階段 (grados 7–9),nucleo,Utilizar la estructura y función de los organismos biológicos para mejorar la vida humana.,運用生物體的構造與功能，可改善人類生活。,CON:biologia/estructuras-del-cuerpo-y-su-funcion CON:biologia/partes-de-la-planta-y-sus-funciones,etiqueta de confianza baja: Es muy general; se refiere a aplicar principios biológicos para resolver problemas (biomimética).,,
TW-BIO-tw_req_desempeno-p037-04,TW,tw_req_desempeno,37,部定必修: 學習表現 (desempeños comunes),nucleo,Desarrollar nuevas experiencias e intereses en el entorno mediante la exploración y el pensamiento científico.,透過科學探索與科學思考對生活週遭的事物產生新的體驗及興趣。,,"etiqueta de confianza baja: Es un objetivo actitudinal sobre el interés por la ciencia, no enseña un concepto.",,
TW-BIO-tw_req_desempeno-p037-05,TW,tw_req_desempeno,37,部定必修: 學習表現 (desempeños comunes),nucleo,Obtener un sentido de logro a través de experiencias exitosas de resolución de problemas.,透過成功的問題解決經驗，獲得成就感。,,"etiqueta de confianza baja: Es un objetivo actitudinal sobre la autoeficacia en la resolución de problemas, no un concepto.",,
TW-BIO-tw_req_desempeno-p037-06,TW,tw_req_desempeno,37,部定必修: 學習表現 (desempeños comunes),nucleo,Reconocer que la ciencia se aplica en todas partes en la vida diaria y apreciar su importancia.,體會生活中處處都會運用到科學，而能欣賞科學的重要性。,,"etiqueta de confianza baja: Es un objetivo de apreciación sobre la relevancia de la ciencia, no enseña un concepto.",,
TW-FIS-tw_ele-p047-02,TW,tw_ele,47,加深加廣選修: 生物、物理、化學、地球科學,especializacion,"Aprender a apreciar la belleza de la ciencia al comprender la simplicidad de las teorías científicas, el rigor del pensamiento y las leyes tras los fenómenos naturales complejos.",透過了解科學理論的簡約、科學思考的嚴謹與複雜自然現象背後的規律，學會欣賞科學的美,,"etiqueta de confianza baja: Es un objetivo actitudinal sobre la apreciación de la ciencia, no enseña conceptos ni prácticas.",,
TW-FIS-tw_ele-p047-04,TW,tw_ele,47,加深加廣選修: 生物、物理、化學、地球科學,especializacion,Comprender que las capacidades científicas son diversas y que el entusiasmo es la condición más importante para dedicarse a trabajos relacionados con la ciencia o la tecnología.,了解科學能力是多元的，擁有熱誠是從事與科學或科技有關的工作最重要的條件。,,"etiqueta de confianza baja: Es un enunciado actitudinal sobre las vocaciones científicas, no enseña conceptos ni prácticas.",,
TW-FIS-tw_ele-p051-23,TW,tw_ele,51,加深加廣選修: 生物、物理、化學、地球科學,especializacion,Reconocer que la luz posee propiedades ondulatorias.,光有波動的性質。,CON:fisica/ondas-electromagneticas-espectro CON:fisica/difraccion-luz CON:fisica/interferencia-luz,"etiqueta de confianza baja: Enunciado muy general sobre la naturaleza ondulatoria de la luz, sin especificar propiedades.",,
TW-FIS-tw_ele-p052-01,TW,tw_ele,52,加深加廣選修: 生物、物理、化學、地球科學,especializacion,"Describir las aplicaciones de circuitos, ondas electromagnéticas, lentes, energía nuclear y el efecto fotoeléctrico en la vida cotidiana.",電路、電磁波、透鏡、核能、光電效應的應用。,CON:fisica/circuitos-serie-paralelo CON:fisica/lentes-delgadas CON:fisica/ondas-electromagneticas-espectro,etiqueta de confianza baja: Enunciado muy vago que lista múltiples temas de física y sus aplicaciones sin foco.,,
TW-FIS-tw_ele-p052-02,TW,tw_ele,52,加深加廣選修: 生物、物理、化學、地球科學,especializacion,"Explicar fenómenos naturales utilizando principios físicos, como los fenómenos luminosos, el movimiento celeste y los efectos de diversas fuerzas.",以物理原理解釋自然現象，例如：光的各種現象、天體運動,CON:fisica/color-dispersion-luz CON:fisica/leyes-kepler CON:fisica/segunda-ley-newton,etiqueta de confianza baja: Enunciado extremadamente general que abarca la aplicación de la física a diversos fenómenos.,,
TW-FIS-tw_jh-p025-03,TW,tw_jh,25,國民中學 第四學習階段 (grados 7–9),nucleo,Identificar problemas o hipótesis aptos para la indagación científica y proponer preguntas de investigación adecuadas basándose en observaciones y datos.,po-Ⅳ-2 能辨別適合科學探究或適合以科學方式尋求解決的問題（或假說），並能依據觀察、蒐集資料,,"extracción parcial: Omite que la formulación de preguntas también se basa en lectura, pensamiento y discusión.",,
TW-FIS-tw_jh-p025-05,TW,tw_jh,25,國民中學 第四學習階段 (grados 7–9),nucleo,"Identificar variables independientes y dependientes, planificar pruebas, predecir resultados y diseñar actividades de indagación fiables considerando características y recursos.",pe-Ⅳ-1 能辨明多個自變項、應變項並計劃適當次數的測試、預測活動的可能結果。,,extracción parcial: Omite que la planificación de la indagación se realiza con la guía de profesores.,,
TW-FIS-tw_jh-p025-08,TW,tw_jh,25,國民中學 第四學習階段 (grados 7–9),nucleo,"Imaginar diferencias en resultados al cambiar métodos de observación o experimentación, e intentar obtener nuevos modelos o resultados mediante pensamiento innovador.",ti-Ⅳ-1 能依據已知的自然科學知識概念，經由自我或團體探索與討論的過程，想像當使用的觀察方法,,extracción parcial: Omite que el intento de obtener nuevos modelos se realiza bajo la guía de un instructor.,,
TW-FIS-tw_jh-p025-09,TW,tw_jh,25,國民中學 第四學習階段 (grados 7–9),nucleo,Mantener escepticismo razonable sobre datos propios y proponer opiniones o explicaciones alternativas frente a la información o informes de otros.,tc-Ⅳ-1 能依據已知的自然科學知識與概念，對自己蒐集與分類的科學數據，抱持合理的懷疑態度,,extracción parcial: Omite que la evaluación de datos se basa en conocimientos y conceptos científicos previos.,,
TW-FIS-tw_jh-p029-01,TW,tw_jh,29,國民中學 第四學習階段 (grados 7–9),nucleo,"Conocer conversiones de unidades de medida, como de metros a años luz, de miligramos a toneladas y de mililitros a metros cúbicos.",米到光年、毫克到公噸、毫升到立方公尺等。,CON:fisica/sistema-internacional-unidades,extracción parcial: agregado por el validador (completitud),,
TW-FIS-tw_jh-p033-01,TW,tw_jh,33,國民中學 第四學習階段 (grados 7–9),nucleo,Aplicar conocimientos de seguridad eléctrica para evitar descargas e incendios por cortocircuitos.,用電安全常識，避免觸電和電線走火。,CON:fisica/circuito-electrico-simple CON:fisica/conductores-aislantes-electricos CON:fisica/potencia-electrica-joule,"extracción parcial: Añade ""cortocircuitos"", que no está explícitamente en el texto original.",,
TW-FIS-tw_jh-p034-03,TW,tw_jh,34,國民中學 第四學習階段 (grados 7–9),nucleo,Describir el estado actual y las perspectivas futuras del uso de la energía en Taiwán.,臺灣能源的利用現況與未來展望。,CON:fisica/fuentes-energia-renovables CON:fisica/energia-usos-vida-diaria,"etiqueta de confianza baja: Analiza el panorama energético de una región, un tema más socioeconómico que físico.",,
TW-FIS-tw_jh-p034-08,TW,tw_jh,34,國民中學 第四學習階段 (grados 7–9),nucleo,Reconocer que la escala de las cosas en el universo se puede dividir en escalas microscópicas y macroscópicas.,宇宙間事、物的規模可以分為微觀尺度及巨觀尺度。,,etiqueta de confianza baja: Enunciado muy general que no corresponde a un concepto físico específico del catálogo.,,
TW-FIS-tw_req_contenido-p038-11,TW,tw_req_contenido,38,部定必修: 生物、物理、化學、地球科學 (學習內容),nucleo,Recordar que el tamaño de un átomo es de aproximadamente 10^-10 metros y el del núcleo es de 10^-15 metros.,原子的大小約為 10-10公尺，原子核的大小約為 10-15公尺。,,etiqueta de confianza baja: El enunciado es un dato factual sobre escalas que no encaja en un concepto.,,
TW-FIS-tw_req_contenido-p038-12,TW,tw_req_contenido,38,部定必修: 生物、物理、化學、地球科學 (學習內容),nucleo,Describir las observaciones y pensamientos sobre el movimiento de los objetos por parte de los eruditos anteriores a Galileo.,伽利略之前學者對物體運動的觀察與思,,"etiqueta de confianza baja: El enunciado trata sobre la historia de la física, un tema ausente del catálogo.",,
TW-FIS-tw_req_contenido-p039-08,TW,tw_req_contenido,39,部定必修: 生物、物理、化學、地球科學 (學習內容),nucleo,"Calcular la fuerza eléctrica entre dos cargas puntuales, proporcional al producto de sus cargas e inversamente proporcional al cuadrado de la distancia.",電荷會產生電場，兩點電荷間有電力，此力量值與兩點電荷所帶電荷量成正比,CON:fisica/ley-coulomb CON:fisica/carga-electrica-electrizacion,"extracción parcial: El texto describe la relación de la fuerza, no exige explícitamente un cálculo.",,
TW-FIS-tw_req_contenido-p039-21,TW,tw_req_contenido,39,部定必修: 生物、物理、化學、地球科學 (學習內容),nucleo,Explicar la ley de reflexión de la luz y la ley de refracción utilizando la teoría ondulatoria.,光的反射定律，並以波動理論解釋折射定律。,CON:fisica/reflexion-luz CON:fisica/refraccion-luz,extracción parcial: El texto original no pide explicar la ley de reflexión con la teoría ondulatoria.,,
TW-FIS-tw_req_contenido-p040-01,TW,tw_req_contenido,40,部定必修: 生物、物理、化學、地球科學 (學習內容),nucleo,Aplicar actitudes y métodos científicos.,科學的態度與方法。,,"etiqueta de confianza baja: Declaración muy general sobre el proceso de la ciencia, no sobre un contenido físico específico.",,
TW-FIS-tw_req_contenido-p040-03,TW,tw_req_contenido,40,部定必修: 生物、物理、化學、地球科學 (學習內容),nucleo,"Describir el desarrollo de las ciencias físicas modernas y las contribuciones de personas de diversos géneros, orígenes y etnias.",近代物理科學的發展，以及不同性別、背景、族群者於其中的貢獻。,,"etiqueta de confianza baja: Enunciado sobre historia y sociología de la ciencia, no sobre un concepto físico concreto.",,
TW-FIS-tw_req_desempeno-p035-01,TW,tw_req_desempeno,35,部定必修: 學習表現 (desempeños comunes),nucleo,"Percibir activamente causas de problemas científicos cotidianos, proponer hipótesis basadas en conocimientos previos y diseñar individual o grupalmente métodos innovadores de exploración científica para obtener resultados.",能主動察覺生活中各種自然科學問題的成因,,"etiqueta de confianza baja: Describe un ciclo de investigación, centrándose exclusivamente en prácticas científicas, no en contenido.",,
TW-FIS-tw_req_indagacion-p045-10,TW,tw_req_indagacion,45,自然科學探究與實作 (Indagación y práctica),nucleo,Reconocer y comprender las limitaciones inherentes a los modelos científicos.,察覺模型的侷限性。,,extracción parcial: La traducción 'Reconocer y comprender' es más fuerte que el original '察覺' (percibir).,,
TW-QUI-tw_ele-p053-04,TW,tw_ele,53,加深加廣選修: 生物、物理、化學、地球科學,especializacion,"Realizar la precipitación, separación y confirmación de iones en solución.",離子之沉澱、分離及確認。,CON:quimica/reacciones-de-precipitacion-e-identificacion-de-iones CON:quimica/separacion-de-mezclas,"extracción parcial: El documento solo lista los procesos, no la acción explícita de 'realizar'.",,
TW-QUI-tw_ele-p053-05,TW,tw_ele,53,加深加廣選修: 生物、物理、化學、地球科學,especializacion,Utilizar la representación de la fracción molar en soluciones.,莫耳分率的表示法。,CON:quimica/molaridad-y-unidades-quimicas-de-concentracion,"extracción parcial: El documento solo menciona 'la representación', no la acción explícita de 'utilizar'.",,
TW-QUI-tw_ele-p053-16,TW,tw_ele,53,加深加廣選修: 生物、物理、化學、地球科學,especializacion,Explicar la conversión entre la energía química y otras formas de energía.,化學能與其他形式能量之間的轉換。,CON:quimica/reacciones-exotermicas-y-endotermicas CON:quimica/entalpia-de-reaccion,etiqueta de confianza baja: Enunciado muy general; se asocia con el concepto más básico de intercambio de energía.,,
TW-QUI-tw_ele-p053-20,TW,tw_ele,53,加深加廣選修: 生物、物理、化學、地球科學,especializacion,Describir la forma y las propiedades de los cristales líquidos.,液晶的形態與性質。,CON:quimica/estados-de-la-materia,"etiqueta de confianza baja: El concepto central, ""cristales líquidos"", no se encuentra en el catálogo proporcionado.",,
TW-QUI-tw_ele-p053-26,TW,tw_ele,53,加深加廣選修: 生物、物理、化學、地球科學,especializacion,Comprender el concepto de presión de los gases.,氣體的壓力。,CON:quimica/teoria-cinetica-de-los-gases CON:quimica/leyes-de-los-gases,"extracción parcial: El documento solo menciona 'presión de los gases' como tema, no 'comprender el concepto'.",,
TW-QUI-tw_ele-p053-28,TW,tw_ele,53,加深加廣選修: 生物、物理、化學、地球科學,especializacion,Calcular y analizar el rendimiento de las reacciones químicas y los procesos químicos.,化學反應與化學程序的產率。,CON:quimica/rendimiento-de-reaccion CON:quimica/estequiometria CON:quimica/reactivo-limitante,"extracción parcial: El documento solo menciona 'el rendimiento', no las acciones de 'calcular y analizar'.",,
TW-QUI-tw_ele-p053-30,TW,tw_ele,53,加深加廣選修: 生物、物理、化學、地球科學,especializacion,Aplicar métodos y principios para la identificación de sustancias comunes.,常見物質的鑑定方法與原理。,CON:quimica/propiedades-fisicas-y-quimicas CON:quimica/acidos-y-bases-propiedades CON:quimica/reaccion-quimica-y-evidencias CON:quimica/reacciones-de-precipitacion-e-identificacion-de-iones,"extracción parcial: El documento solo menciona 'métodos y principios', no la acción explícita de 'aplicar'. | etiqueta de confianza baja: El enunciado es muy general y podría abarcar múltiples técnicas de identificación de sustancias.",,
TW-QUI-tw_ele-p054-03,TW,tw_ele,54,加深加廣選修: 生物、物理、化學、地球科學,especializacion,"Conocer eventos importantes, desarrollos teóricos y logros de investigación de científicos en la historia de la química.",化學發展史上的重要事件、相關理論發展及科學家的研究事蹟。,CON:quimica/modelos-atomicos-historicos,etiqueta de confianza baja: El enunciado es muy amplio y se refiere a la historia de la química en general.,,
TW-QUI-tw_ele-p054-09,TW,tw_ele,54,加深加廣選修: 生物、物理、化學、地球科學,especializacion,"Nombrar, estructurar, probar grupos funcionales y conocer usos de hidrocarburos, haluros, alcoholes, fenoles, éteres, cetonas, aldehídos, ácidos, ésteres, aminas y amidas.",有機化合物的命名、結構及官能基的檢驗與其用途,CON:quimica/grupos-funcionales CON:quimica/nomenclatura-organica CON:quimica/hidrocarburos-alifaticos CON:quimica/isomeria-estructural CON:quimica/reacciones-organicas,"etiqueta de confianza baja: El enunciado es una lista extensa de temas de química orgánica, abarcando múltiples conceptos.",,
TW-QUI-tw_ele-p054-18,TW,tw_ele,54,加深加廣選修: 生物、物理、化學、地球科學,especializacion,Clasificar los tipos de sales y describir sus propiedades.,鹽的種類與性質。,CON:quimica/nomenclatura-inorganica CON:quimica/enlace-ionico CON:quimica/reacciones-de-precipitacion-e-identificacion-de-iones,"etiqueta de confianza baja: Es muy amplio, abarcando nomenclatura, hidrólisis y propiedades iónicas de las sales.",,
TW-QUI-tw_ele-p054-27,TW,tw_ele,54,加深加廣選修: 生物、物理、化學、地球科學,especializacion,"Establecer conceptos de química verde y desarrollo sostenible a partir de avances químicos, promoviendo la difusión del conocimiento científico en la sociedad.",建立綠色化學與永續發展的概念，並積極參與科學知識的傳播,CON:quimica/quimica-verde CON:quimica/materiales-y-ambiente,extracción parcial: Mezcla un objetivo cognitivo con una meta actitudinal sobre participación y promoción social.,,
TW-QUI-tw_ele-p055-02,TW,tw_ele,55,加深加廣選修: 生物、物理、化學、地球科學,especializacion,Conocer los materiales avanzados.,先進材料。,CON:quimica/ciencia-de-materiales CON:quimica/nanomateriales,"etiqueta de confianza baja: Enunciado muy vago. ""Ciencia de materiales"" es el concepto más cercano y general.",,
TW-QUI-tw_ele-p055-09,TW,tw_ele,55,加深加廣選修: 生物、物理、化學、地球科學,especializacion,Aplicar los conceptos de desarrollo sostenible.,永續發展理念之應用。,CON:quimica/quimica-verde CON:quimica/combustibles-y-biocombustibles CON:quimica/materiales-y-ambiente,etiqueta de confianza baja: Enunciado muy amplio. La química verde es el concepto químico más directamente relacionado.,,
TW-QUI-tw_jh-p031-03,TW,tw_jh,31,國民中學 第四學習階段 (grados 7–9),nucleo,"Identificar que diferentes iones en solución acuosa pueden experimentar reacciones de precipitación, neutralización ácido-base y oxidación-reducción.",不同的離子在水溶液中可能會發生沉澱、酸鹼中和及氧化還原等反應。,CON:quimica/neutralizacion CON:quimica/reacciones-de-precipitacion-e-identificacion-de-iones CON:quimica/iones CON:quimica/oxidacion-y-reduccion,"etiqueta de confianza baja: El enunciado agrupa tres tipos de reacciones importantes pero conceptualmente distintos, haciéndolo vago.",,
TW-QUI-tw_jh-p033-01,TW,tw_jh,33,國民中學 第四學習階段 (grados 7–9),nucleo,Describir el impacto de diferentes materiales en la vida cotidiana y la sociedad.,不同的材料對生活及社會的影響。,CON:quimica/materia-y-materiales CON:quimica/ciencia-de-materiales CON:quimica/materiales-y-ambiente,"etiqueta de confianza baja: Enunciado muy amplio sobre el rol de los materiales en la sociedad, sin especificar cuáles.",,
TW-QUI-tw_jh-p033-03,TW,tw_jh,33,國民中學 第四學習階段 (grados 7–9),nucleo,Procesar y utilizar diversos materiales en situaciones de la vida diaria.,生活中對各種材料進行加工與運用。,CON:quimica/materiales-y-ambiente CON:quimica/materia-y-materiales CON:quimica/propiedades-fisicas-de-los-materiales,"etiqueta de confianza baja: Enunciado muy vago y práctico, enfocado en la manipulación de materiales sin especificar conceptos.",,
TW-QUI-tw_req_contenido-p040-11,TW,tw_req_contenido,40,部定必修: 生物、物理、化學、地球科學 (學習內容),nucleo,Identificar las diferencias en las propiedades de los compuestos.,化合物特性的差異。,CON:quimica/propiedades-fisicas-y-quimicas CON:quimica/tipo-de-enlace-y-propiedades,etiqueta de confianza baja: Enunciado muy vago sobre identificar diferencias en las propiedades de los compuestos.,,
TW-QUI-tw_req_contenido-p040-16,TW,tw_req_contenido,40,部定必修: 生物、物理、化學、地球科學 (學習內容),nucleo,Conocer las propiedades básicas de los gases.,氣體基本性質。,CON:quimica/leyes-de-los-gases CON:quimica/estados-de-la-materia CON:quimica/teoria-cinetica-de-los-gases,"etiqueta de confianza baja: Enunciado vago sobre propiedades de los gases, interpretado como las leyes de los gases.",,
TW-QUI-tw_req_contenido-p041-02,TW,tw_req_contenido,41,部定必修: 生物、物理、化學、地球科學 (學習內容),nucleo,Identificar los medicamentos comunes utilizados en la vida diaria.,生活中常見的藥品。,,etiqueta de confianza baja: El catálogo carece de conceptos sobre química farmacéutica o medicamentos comunes.,,
TW-QUI-tw_req_contenido-p041-03,TW,tw_req_contenido,41,部定必修: 生物、物理、化學、地球科學 (學習內容),nucleo,Reconocer las aplicaciones de la química en el desarrollo de tecnologías avanzadas.,化學在先進科技發展的應用。,CON:quimica/ciencia-de-materiales CON:quimica/nanomateriales,etiqueta de confianza baja: Enunciado muy general sobre aplicaciones; se eligen materiales como ejemplo representativo.,,
TW-QUI-tw_req_contenido-p041-17,TW,tw_req_contenido,41,部定必修: 生物、物理、化學、地球科學 (學習內容),nucleo,Conocer las perspectivas del desarrollo científico futuro.,未來科學的發展。,,"etiqueta de confianza baja: Enunciado extremadamente vago y general, no se enfoca en ningún concepto químico específico.",,
TW-QUI-tw_req_contenido-p041-18,TW,tw_req_contenido,41,部定必修: 生物、物理、化學、地球科學 (學習內容),nucleo,"Reconocer el desarrollo de la química moderna y las contribuciones de personas de diferentes géneros, orígenes y etnias.",近代化學科學的發展，以及不同性別、背景、族群者於其中的貢獻。,,"etiqueta de confianza baja: Se enfoca en la historia y naturaleza de la ciencia, no en un concepto químico.",,
TW-QUI-tw_req_contenido-p041-21,TW,tw_req_contenido,41,部定必修: 生物、物理、化學、地球科學 (學習內容),nucleo,"Describir las propiedades y funciones de los carbohidratos, proteínas, lípidos y ácidos nucleicos.",醣類、蛋白質、油脂及核酸的性質與功能。,CON:quimica/aminoacidos-y-proteinas CON:quimica/quimica-de-los-carbohidratos CON:quimica/quimica-de-los-acidos-nucleicos CON:quimica/quimica-de-los-lipidos,"etiqueta de confianza baja: Agrupa cuatro grandes temas de biomoléculas, lo que lo hace demasiado amplio y poco enfocado.",,
TW-TYE-tw_ele-p056-08,TW,tw_ele,56,加深加廣選修: 生物、物理、化學、地球科學,especializacion,Conocer que las diferencias entre mar y tierra a diversas escalas y los cambios topográficos influyen en el clima.,各種尺度的海陸差異與地形變化對天氣都有影響。,CON:ciencias_tierra_espacio/tipos-de-clima-y-sus-factores CON:ciencias_tierra_espacio/interaccion-oceano-atmosfera CON:ciencias_tierra_espacio/radiacion-solar-y-balance-energetico,"extracción parcial: La paráfrasis traduce «tiempo» (天氣) como «clima», lo cual es una imprecisión conceptual.",,
TW-TYE-tw_ele-p056-13,TW,tw_ele,56,加深加廣選修: 生物、物理、化學、地球科學,especializacion,Comprender que diversas herramientas ayudan a conocer las diferencias en forma y escala entre la topografía submarina y terrestre.,各種不同工具可幫助了解海底地形與陸地地形在形態及規模的不同。,CON:ciencias_tierra_espacio/exploracion-espacial,"etiqueta de confianza baja: Se centra en la topografía terrestre y submarina, un concepto no presente en el catálogo.",,
TW-TYE-tw_jh-p030-11,TW,tw_jh,30,國民中學 第四學習階段 (grados 7–9),nucleo,"Los frentes son interfaces entre masas de aire de diferentes propiedades, produciendo diversos cambios climáticos.",鋒面是性質不同的氣團之交界面，會產生各種天氣變化。,CON:ciencias_tierra_espacio/tiempo-atmosferico,"extracción parcial: Traduce «天氣變化» (cambios de tiempo) como «cambios climáticos», un concepto diferente.",,
TW-TYE-tw_jh-p033-01,TW,tw_jh,33,國民中學 第四學習階段 (grados 7–9),nucleo,Aplicar conocimientos y habilidades de conservación biológica en la prevención de desastres naturales.,生物保育知識與技能在防治天然災害的應用。,CON:ciencias_tierra_espacio/riesgo-y-vulnerabilidad CON:ciencias_tierra_espacio/amenazas-naturales,etiqueta de confianza baja: Es muy vago y mezcla conceptos de biología y geociencias de forma no específica.,,
TW-TYE-tw_jh-p034-12,TW,tw_jh,34,國民中學 第四學習階段 (grados 7–9),nucleo,Reconocer que el desarrollo de la sociedad humana debe basarse en la protección del entorno natural de la Tierra.,人類社會的發展必須建立在保護地球自然環境的基礎上,CON:ciencias_tierra_espacio/conservacion-de-recursos-y-residuos CON:ciencias_tierra_espacio/impacto-ambiental-de-actividades-humanas,"etiqueta de confianza baja: Es una declaración de valores muy general sobre sostenibilidad, no un concepto científico concreto.",,
TW-TYE-tw_req_contenido-p042-17,TW,tw_req_contenido,42,部定必修: 生物、物理、化學、地球科學 (學習內容),nucleo,"Argumentar que, en comparación con otros planetas terrestres, el entorno único de la Tierra es sumamente adecuado para la vida.",地球獨一無二的環境，極為適合生命的發生和繁衍。,CON:ciencias_tierra_espacio/planetas-y-su-comparacion CON:ciencias_tierra_espacio/sistemas-terrestres CON:ciencias_tierra_espacio/composicion-de-la-atmosfera CON:ciencias_tierra_espacio/hidrosfera-distribucion-del-agua,"extracción parcial: Omite la comparación con los cuerpos pequeños del sistema solar, mencionando solo planetas terrestres.",,
TW-TYE-tw_req_contenido-p043-01,TW,tw_req_contenido,43,部定必修: 生物、物理、化學、地球科學 (學習內容),nucleo,Analizar el clima usando mapas meteorológicos y comprender que la interacción entre la atmósfera y el océano afecta el clima y causa cambios climáticos.,天氣圖是由各地氣象觀測資料繪製而成，用以分析天氣。,CON:ciencias_tierra_espacio/causas-del-cambio-climatico CON:ciencias_tierra_espacio/interaccion-oceano-atmosfera CON:ciencias_tierra_espacio/tiempo-atmosferico CON:ciencias_tierra_espacio/tipos-de-clima-y-sus-factores,extracción parcial: Combina dos objetivos distintos: el uso de mapas meteorológicos y la interacción océano-atmósfera.,,
TW-TYE-tw_req_contenido-p043-11,TW,tw_req_contenido,43,部定必修: 生物、物理、化學、地球科學 (學習內容),nucleo,"Argumentar, con evidencia científica, que la actividad humana es el factor principal del rápido cambio climático reciente, no explicable solo por principios naturales.",過去主導地球長期的自然氣候變化的原理並無法完全用來解釋近幾十年來快速的氣候變遷情形。,CON:ciencias_tierra_espacio/causas-del-cambio-climatico CON:ciencias_tierra_espacio/calentamiento-global CON:ciencias_tierra_espacio/ciclo-del-carbono CON:ciencias_tierra_espacio/efecto-invernadero,"extracción parcial: La paráfrasis sintetiza dos oraciones, pero la cita solo corresponde a la primera.",,
TW-TYE-tw_req_contenido-p043-15,TW,tw_req_contenido,43,部定必修: 生物、物理、化學、地球科學 (學習內容),nucleo,"Comprender que la interacción atmósfera-océano afecta el clima y causa cambios climáticos, como el fenómeno de El Niño.",大氣與海洋的交互作用會影響天氣，造成氣候變化，例如：聖嬰現象。,CON:ciencias_tierra_espacio/interaccion-oceano-atmosfera CON:ciencias_tierra_espacio/causas-del-cambio-climatico CON:ciencias_tierra_espacio/tipos-de-clima-y-sus-factores,extracción parcial: agregado por el validador (completitud),,
